lsn_code;ags_8;region_name;display_name;region_type;parent_samtgemeinde;year;population;source;durchschnittsalter
456001;03456001;Bad Bentheim;Bad Bentheim, Stadt;Einheitsgemeinde;;1821;4193;Historische Reihe nach bisheriger Uelschen-/Historientabelle;
456001;03456001;Bad Bentheim;Bad Bentheim, Stadt;Einheitsgemeinde;;1848;5125;Historische Reihe nach bisheriger Uelschen-/Historientabelle;
456001;03456001;Bad Bentheim;Bad Bentheim, Stadt;Einheitsgemeinde;;1871;5482;Historische Reihe nach bisheriger Uelschen-/Historientabelle;
456001;03456001;Bad Bentheim;Bad Bentheim, Stadt;Einheitsgemeinde;;1885;5514;Historische Reihe nach bisheriger Uelschen-/Historientabelle;
456001;03456001;Bad Bentheim;Bad Bentheim, Stadt;Einheitsgemeinde;;1905;6127;Historische Reihe nach bisheriger Uelschen-/Historientabelle;
456001;03456001;Bad Bentheim;Bad Bentheim, Stadt;Einheitsgemeinde;;1925;7334;Historische Reihe nach bisheriger Uelschen-/Historientabelle;
456001;03456001;Bad Bentheim;Bad Bentheim, Stadt;Einheitsgemeinde;;1933;8197;Historische Reihe nach bisheriger Uelschen-/Historientabelle;
456001;03456001;Bad Bentheim;Bad Bentheim, Stadt;Einheitsgemeinde;;1939;8517;Historische Reihe nach bisheriger Uelschen-/Historientabelle;
456001;03456001;Bad Bentheim;Bad Bentheim, Stadt;Einheitsgemeinde;;1946;10691;Historische Reihe nach bisheriger Uelschen-/Historientabelle;
456001;03456001;Bad Bentheim;Bad Bentheim, Stadt;Einheitsgemeinde;;1950;12394;Historische Reihe nach bisheriger Uelschen-/Historientabelle;
456001;03456001;Bad Bentheim;Bad Bentheim, Stadt;Einheitsgemeinde;;1956;11744;Historische Reihe nach bisheriger Uelschen-/Historientabelle;
456001;03456001;Bad Bentheim;Bad Bentheim, Stadt;Einheitsgemeinde;;1961;12017;Historische Reihe nach bisheriger Uelschen-/Historientabelle;
456001;03456001;Bad Bentheim;Bad Bentheim, Stadt;Einheitsgemeinde;;1970;13058;Historische Reihe nach bisheriger Uelschen-/Historientabelle;35,2
456001;03456001;Bad Bentheim;Bad Bentheim, Stadt;Einheitsgemeinde;;1973;13436;LSN Z100001G, Gesamtbevölkerung, Stichtag 30.06.;
456001;03456001;Bad Bentheim;Bad Bentheim, Stadt;Einheitsgemeinde;;1974;13563;LSN Z100001G, Gesamtbevölkerung, Stichtag 30.06.;
456001;03456001;Bad Bentheim;Bad Bentheim, Stadt;Einheitsgemeinde;;1975;13624;LSN Z100001G, Gesamtbevölkerung, Stichtag 30.06.;35,3
456001;03456001;Bad Bentheim;Bad Bentheim, Stadt;Einheitsgemeinde;;1976;13742;LSN Z100001G, Gesamtbevölkerung, Stichtag 30.06.;
456001;03456001;Bad Bentheim;Bad Bentheim, Stadt;Einheitsgemeinde;;1977;13826;LSN Z100001G, Gesamtbevölkerung, Stichtag 30.06.;
456001;03456001;Bad Bentheim;Bad Bentheim, Stadt;Einheitsgemeinde;;1978;13972;LSN Z100001G, Gesamtbevölkerung, Stichtag 30.06.;
456001;03456001;Bad Bentheim;Bad Bentheim, Stadt;Einheitsgemeinde;;1979;14110;LSN Z100001G, Gesamtbevölkerung, Stichtag 30.06.;
456001;03456001;Bad Bentheim;Bad Bentheim, Stadt;Einheitsgemeinde;;1980;14361;LSN Z100001G, Gesamtbevölkerung, Stichtag 30.06.;36,2
456001;03456001;Bad Bentheim;Bad Bentheim, Stadt;Einheitsgemeinde;;1981;14529;LSN Z100001G, Gesamtbevölkerung, Stichtag 30.06.;
456001;03456001;Bad Bentheim;Bad Bentheim, Stadt;Einheitsgemeinde;;1982;14543;LSN Z100001G, Gesamtbevölkerung, Stichtag 30.06.;
456001;03456001;Bad Bentheim;Bad Bentheim, Stadt;Einheitsgemeinde;;1983;14469;LSN Z100001G, Gesamtbevölkerung, Stichtag 30.06.;
456001;03456001;Bad Bentheim;Bad Bentheim, Stadt;Einheitsgemeinde;;1984;14451;LSN Z100001G, Gesamtbevölkerung, Stichtag 30.06.;
456001;03456001;Bad Bentheim;Bad Bentheim, Stadt;Einheitsgemeinde;;1985;14413;LSN Z100001G, Gesamtbevölkerung, Stichtag 30.06.;38,0
456001;03456001;Bad Bentheim;Bad Bentheim, Stadt;Einheitsgemeinde;;1986;14451;LSN Z100001G, Gesamtbevölkerung, Stichtag 30.06.;
456001;03456001;Bad Bentheim;Bad Bentheim, Stadt;Einheitsgemeinde;;1987;13699;LSN Z100001G, Gesamtbevölkerung, Stichtag 30.06.;
456001;03456001;Bad Bentheim;Bad Bentheim, Stadt;Einheitsgemeinde;;1988;13741;LSN Z100001G, Gesamtbevölkerung, Stichtag 30.06.;
456001;03456001;Bad Bentheim;Bad Bentheim, Stadt;Einheitsgemeinde;;1989;13725;LSN Z100001G, Gesamtbevölkerung, Stichtag 30.06.;
456001;03456001;Bad Bentheim;Bad Bentheim, Stadt;Einheitsgemeinde;;1990;13838;LSN Z100001G, Gesamtbevölkerung, Stichtag 30.06.;39,2
456001;03456001;Bad Bentheim;Bad Bentheim, Stadt;Einheitsgemeinde;;1991;13974;LSN Z100001G, Gesamtbevölkerung, Stichtag 30.06.;
456001;03456001;Bad Bentheim;Bad Bentheim, Stadt;Einheitsgemeinde;;1992;14020;LSN Z100001G, Gesamtbevölkerung, Stichtag 30.06.;
456001;03456001;Bad Bentheim;Bad Bentheim, Stadt;Einheitsgemeinde;;1993;14099;LSN Z100001G, Gesamtbevölkerung, Stichtag 30.06.;
456001;03456001;Bad Bentheim;Bad Bentheim, Stadt;Einheitsgemeinde;;1994;14139;LSN Z100001G, Gesamtbevölkerung, Stichtag 30.06.;
456001;03456001;Bad Bentheim;Bad Bentheim, Stadt;Einheitsgemeinde;;1995;14224;LSN Z100001G, Gesamtbevölkerung, Stichtag 30.06.;39,8
456001;03456001;Bad Bentheim;Bad Bentheim, Stadt;Einheitsgemeinde;;1996;14380;LSN Z100001G, Gesamtbevölkerung, Stichtag 30.06.;
456001;03456001;Bad Bentheim;Bad Bentheim, Stadt;Einheitsgemeinde;;1997;14456;LSN Z100001G, Gesamtbevölkerung, Stichtag 30.06.;
456001;03456001;Bad Bentheim;Bad Bentheim, Stadt;Einheitsgemeinde;;1998;14474;LSN Z100001G, Gesamtbevölkerung, Stichtag 30.06.;
456001;03456001;Bad Bentheim;Bad Bentheim, Stadt;Einheitsgemeinde;;1999;14500;LSN Z100001G, Gesamtbevölkerung, Stichtag 30.06.;
456001;03456001;Bad Bentheim;Bad Bentheim, Stadt;Einheitsgemeinde;;2000;14576;LSN Z100001G, Gesamtbevölkerung, Stichtag 30.06.;41,1
456001;03456001;Bad Bentheim;Bad Bentheim, Stadt;Einheitsgemeinde;;2001;14659;LSN Z100001G, Gesamtbevölkerung, Stichtag 30.06.;
456001;03456001;Bad Bentheim;Bad Bentheim, Stadt;Einheitsgemeinde;;2002;14995;LSN Z100001G, Gesamtbevölkerung, Stichtag 30.06.;
456001;03456001;Bad Bentheim;Bad Bentheim, Stadt;Einheitsgemeinde;;2003;15338;LSN Z100001G, Gesamtbevölkerung, Stichtag 30.06.;
456001;03456001;Bad Bentheim;Bad Bentheim, Stadt;Einheitsgemeinde;;2004;15405;LSN Z100001G, Gesamtbevölkerung, Stichtag 30.06.;
456001;03456001;Bad Bentheim;Bad Bentheim, Stadt;Einheitsgemeinde;;2005;15536;LSN Z100001G, Gesamtbevölkerung, Stichtag 30.06.;42,4
456001;03456001;Bad Bentheim;Bad Bentheim, Stadt;Einheitsgemeinde;;2006;15554;LSN Z100001G, Gesamtbevölkerung, Stichtag 30.06.;
456001;03456001;Bad Bentheim;Bad Bentheim, Stadt;Einheitsgemeinde;;2007;15634;LSN Z100001G, Gesamtbevölkerung, Stichtag 30.06.;
456001;03456001;Bad Bentheim;Bad Bentheim, Stadt;Einheitsgemeinde;;2008;15651;LSN Z100001G, Gesamtbevölkerung, Stichtag 30.06.;
456001;03456001;Bad Bentheim;Bad Bentheim, Stadt;Einheitsgemeinde;;2009;15627;LSN Z100001G, Gesamtbevölkerung, Stichtag 30.06.;
456001;03456001;Bad Bentheim;Bad Bentheim, Stadt;Einheitsgemeinde;;2010;15545;LSN Z100001G, Gesamtbevölkerung, Stichtag 30.06.;43,8
456001;03456001;Bad Bentheim;Bad Bentheim, Stadt;Einheitsgemeinde;;2011;15078;LSN Z100001G, Gesamtbevölkerung, Stichtag 30.06.;44,3
456001;03456001;Bad Bentheim;Bad Bentheim, Stadt;Einheitsgemeinde;;2012;15115;LSN Z100001G, Gesamtbevölkerung, Stichtag 30.06.;44,7
456001;03456001;Bad Bentheim;Bad Bentheim, Stadt;Einheitsgemeinde;;2013;15040;LSN Z100001G, Gesamtbevölkerung, Stichtag 30.06.;44,9
456001;03456001;Bad Bentheim;Bad Bentheim, Stadt;Einheitsgemeinde;;2014;15055;LSN Z100001G, Gesamtbevölkerung, Stichtag 30.06.;45,2
456001;03456001;Bad Bentheim;Bad Bentheim, Stadt;Einheitsgemeinde;;2015;15137;LSN Z100001G, Gesamtbevölkerung, Stichtag 30.06.;45,0
456001;03456001;Bad Bentheim;Bad Bentheim, Stadt;Einheitsgemeinde;;2016;15305;LSN Z100001G, Gesamtbevölkerung, Stichtag 30.06.;45,1
456001;03456001;Bad Bentheim;Bad Bentheim, Stadt;Einheitsgemeinde;;2017;15370;LSN Z100001G, Gesamtbevölkerung, Stichtag 30.06.;45,2
456001;03456001;Bad Bentheim;Bad Bentheim, Stadt;Einheitsgemeinde;;2018;15459;LSN Z100001G, Gesamtbevölkerung, Stichtag 30.06.;45,3
456001;03456001;Bad Bentheim;Bad Bentheim, Stadt;Einheitsgemeinde;;2019;15526;LSN Z100001G, Gesamtbevölkerung, Stichtag 30.06.;45,3
456001;03456001;Bad Bentheim;Bad Bentheim, Stadt;Einheitsgemeinde;;2020;15618;LSN Z100001G, Gesamtbevölkerung, Stichtag 30.06.;45,2
456001;03456001;Bad Bentheim;Bad Bentheim, Stadt;Einheitsgemeinde;;2021;15851;LSN Z100001G, Gesamtbevölkerung, Stichtag 30.06.;45,3
456001;03456001;Bad Bentheim;Bad Bentheim, Stadt;Einheitsgemeinde;;2022;16507;LSN Z100001G, Gesamtbevölkerung, Stichtag 30.06.;45,0
456001;03456001;Bad Bentheim;Bad Bentheim, Stadt;Einheitsgemeinde;;2023;16544;LSN Z100001G, Gesamtbevölkerung, Stichtag 30.06.;45,1
456001;03456001;Bad Bentheim;Bad Bentheim, Stadt;Einheitsgemeinde;;2024;16692;LSN Z100001G, Gesamtbevölkerung, Stichtag 30.06.;45,3
456001;03456001;Bad Bentheim;Bad Bentheim, Stadt;Einheitsgemeinde;;2025;16722;LSN Z100001G, Gesamtbevölkerung, Stichtag 30.06.;45,6
456001;03456001;Bad Bentheim;Bad Bentheim, Stadt;Einheitsgemeinde;;2026;16612;LSN Z100001G, Gesamtbevölkerung, Stichtag 30.06.;
456002;03456002;Emlichheim;Emlichheim;Mitgliedsgemeinde;Emlichheim;1821;853;Historische Reihe nach bisheriger Uelschen-/Historientabelle;
456002;03456002;Emlichheim;Emlichheim;Mitgliedsgemeinde;Emlichheim;1848;1057;Historische Reihe nach bisheriger Uelschen-/Historientabelle;
456002;03456002;Emlichheim;Emlichheim;Mitgliedsgemeinde;Emlichheim;1871;1203;Historische Reihe nach bisheriger Uelschen-/Historientabelle;
456002;03456002;Emlichheim;Emlichheim;Mitgliedsgemeinde;Emlichheim;1885;1354;Historische Reihe nach bisheriger Uelschen-/Historientabelle;
456002;03456002;Emlichheim;Emlichheim;Mitgliedsgemeinde;Emlichheim;1905;1515;Historische Reihe nach bisheriger Uelschen-/Historientabelle;
456002;03456002;Emlichheim;Emlichheim;Mitgliedsgemeinde;Emlichheim;1925;1734;Historische Reihe nach bisheriger Uelschen-/Historientabelle;
456002;03456002;Emlichheim;Emlichheim;Mitgliedsgemeinde;Emlichheim;1933;2134;Historische Reihe nach bisheriger Uelschen-/Historientabelle;
456002;03456002;Emlichheim;Emlichheim;Mitgliedsgemeinde;Emlichheim;1939;2550;Historische Reihe nach bisheriger Uelschen-/Historientabelle;
456002;03456002;Emlichheim;Emlichheim;Mitgliedsgemeinde;Emlichheim;1946;3174;Historische Reihe nach bisheriger Uelschen-/Historientabelle;
456002;03456002;Emlichheim;Emlichheim;Mitgliedsgemeinde;Emlichheim;1950;3979;Historische Reihe nach bisheriger Uelschen-/Historientabelle;
456002;03456002;Emlichheim;Emlichheim;Mitgliedsgemeinde;Emlichheim;1956;4311;Historische Reihe nach bisheriger Uelschen-/Historientabelle;
456002;03456002;Emlichheim;Emlichheim;Mitgliedsgemeinde;Emlichheim;1961;4703;Historische Reihe nach bisheriger Uelschen-/Historientabelle;
456002;03456002;Emlichheim;Emlichheim;Mitgliedsgemeinde;Emlichheim;1970;5432;Historische Reihe nach bisheriger Uelschen-/Historientabelle;31,2
456002;03456002;Emlichheim;Emlichheim;Mitgliedsgemeinde;Emlichheim;1973;5567;LSN Z100001G, Gesamtbevölkerung, Stichtag 30.06.;
456002;03456002;Emlichheim;Emlichheim;Mitgliedsgemeinde;Emlichheim;1974;5591;LSN Z100001G, Gesamtbevölkerung, Stichtag 30.06.;
456002;03456002;Emlichheim;Emlichheim;Mitgliedsgemeinde;Emlichheim;1975;5635;LSN Z100001G, Gesamtbevölkerung, Stichtag 30.06.;32,5
456002;03456002;Emlichheim;Emlichheim;Mitgliedsgemeinde;Emlichheim;1976;5702;LSN Z100001G, Gesamtbevölkerung, Stichtag 30.06.;
456002;03456002;Emlichheim;Emlichheim;Mitgliedsgemeinde;Emlichheim;1977;5665;LSN Z100001G, Gesamtbevölkerung, Stichtag 30.06.;
456002;03456002;Emlichheim;Emlichheim;Mitgliedsgemeinde;Emlichheim;1978;5703;LSN Z100001G, Gesamtbevölkerung, Stichtag 30.06.;
456002;03456002;Emlichheim;Emlichheim;Mitgliedsgemeinde;Emlichheim;1979;5715;LSN Z100001G, Gesamtbevölkerung, Stichtag 30.06.;
456002;03456002;Emlichheim;Emlichheim;Mitgliedsgemeinde;Emlichheim;1980;5768;LSN Z100001G, Gesamtbevölkerung, Stichtag 30.06.;34,9
456002;03456002;Emlichheim;Emlichheim;Mitgliedsgemeinde;Emlichheim;1981;5750;LSN Z100001G, Gesamtbevölkerung, Stichtag 30.06.;
456002;03456002;Emlichheim;Emlichheim;Mitgliedsgemeinde;Emlichheim;1982;5792;LSN Z100001G, Gesamtbevölkerung, Stichtag 30.06.;
456002;03456002;Emlichheim;Emlichheim;Mitgliedsgemeinde;Emlichheim;1983;5819;LSN Z100001G, Gesamtbevölkerung, Stichtag 30.06.;
456002;03456002;Emlichheim;Emlichheim;Mitgliedsgemeinde;Emlichheim;1984;5872;LSN Z100001G, Gesamtbevölkerung, Stichtag 30.06.;
456002;03456002;Emlichheim;Emlichheim;Mitgliedsgemeinde;Emlichheim;1985;5900;LSN Z100001G, Gesamtbevölkerung, Stichtag 30.06.;36,2
456002;03456002;Emlichheim;Emlichheim;Mitgliedsgemeinde;Emlichheim;1986;5888;LSN Z100001G, Gesamtbevölkerung, Stichtag 30.06.;
456002;03456002;Emlichheim;Emlichheim;Mitgliedsgemeinde;Emlichheim;1987;6151;LSN Z100001G, Gesamtbevölkerung, Stichtag 30.06.;
456002;03456002;Emlichheim;Emlichheim;Mitgliedsgemeinde;Emlichheim;1988;6108;LSN Z100001G, Gesamtbevölkerung, Stichtag 30.06.;
456002;03456002;Emlichheim;Emlichheim;Mitgliedsgemeinde;Emlichheim;1989;6132;LSN Z100001G, Gesamtbevölkerung, Stichtag 30.06.;
456002;03456002;Emlichheim;Emlichheim;Mitgliedsgemeinde;Emlichheim;1990;6177;LSN Z100001G, Gesamtbevölkerung, Stichtag 30.06.;36,9
456002;03456002;Emlichheim;Emlichheim;Mitgliedsgemeinde;Emlichheim;1991;6186;LSN Z100001G, Gesamtbevölkerung, Stichtag 30.06.;
456002;03456002;Emlichheim;Emlichheim;Mitgliedsgemeinde;Emlichheim;1992;6239;LSN Z100001G, Gesamtbevölkerung, Stichtag 30.06.;
456002;03456002;Emlichheim;Emlichheim;Mitgliedsgemeinde;Emlichheim;1993;6252;LSN Z100001G, Gesamtbevölkerung, Stichtag 30.06.;
456002;03456002;Emlichheim;Emlichheim;Mitgliedsgemeinde;Emlichheim;1994;6263;LSN Z100001G, Gesamtbevölkerung, Stichtag 30.06.;
456002;03456002;Emlichheim;Emlichheim;Mitgliedsgemeinde;Emlichheim;1995;6293;LSN Z100001G, Gesamtbevölkerung, Stichtag 30.06.;37,2
456002;03456002;Emlichheim;Emlichheim;Mitgliedsgemeinde;Emlichheim;1996;6371;LSN Z100001G, Gesamtbevölkerung, Stichtag 30.06.;
456002;03456002;Emlichheim;Emlichheim;Mitgliedsgemeinde;Emlichheim;1997;6452;LSN Z100001G, Gesamtbevölkerung, Stichtag 30.06.;
456002;03456002;Emlichheim;Emlichheim;Mitgliedsgemeinde;Emlichheim;1998;6423;LSN Z100001G, Gesamtbevölkerung, Stichtag 30.06.;
456002;03456002;Emlichheim;Emlichheim;Mitgliedsgemeinde;Emlichheim;1999;6417;LSN Z100001G, Gesamtbevölkerung, Stichtag 30.06.;
456002;03456002;Emlichheim;Emlichheim;Mitgliedsgemeinde;Emlichheim;2000;6515;LSN Z100001G, Gesamtbevölkerung, Stichtag 30.06.;38,2
456002;03456002;Emlichheim;Emlichheim;Mitgliedsgemeinde;Emlichheim;2001;6559;LSN Z100001G, Gesamtbevölkerung, Stichtag 30.06.;
456002;03456002;Emlichheim;Emlichheim;Mitgliedsgemeinde;Emlichheim;2002;6632;LSN Z100001G, Gesamtbevölkerung, Stichtag 30.06.;
456002;03456002;Emlichheim;Emlichheim;Mitgliedsgemeinde;Emlichheim;2003;6661;LSN Z100001G, Gesamtbevölkerung, Stichtag 30.06.;
456002;03456002;Emlichheim;Emlichheim;Mitgliedsgemeinde;Emlichheim;2004;6728;LSN Z100001G, Gesamtbevölkerung, Stichtag 30.06.;
456002;03456002;Emlichheim;Emlichheim;Mitgliedsgemeinde;Emlichheim;2005;6788;LSN Z100001G, Gesamtbevölkerung, Stichtag 30.06.;39,5
456002;03456002;Emlichheim;Emlichheim;Mitgliedsgemeinde;Emlichheim;2006;6815;LSN Z100001G, Gesamtbevölkerung, Stichtag 30.06.;
456002;03456002;Emlichheim;Emlichheim;Mitgliedsgemeinde;Emlichheim;2007;6876;LSN Z100001G, Gesamtbevölkerung, Stichtag 30.06.;
456002;03456002;Emlichheim;Emlichheim;Mitgliedsgemeinde;Emlichheim;2008;6909;LSN Z100001G, Gesamtbevölkerung, Stichtag 30.06.;
456002;03456002;Emlichheim;Emlichheim;Mitgliedsgemeinde;Emlichheim;2009;6906;LSN Z100001G, Gesamtbevölkerung, Stichtag 30.06.;
456002;03456002;Emlichheim;Emlichheim;Mitgliedsgemeinde;Emlichheim;2010;6958;LSN Z100001G, Gesamtbevölkerung, Stichtag 30.06.;41,3
456002;03456002;Emlichheim;Emlichheim;Mitgliedsgemeinde;Emlichheim;2011;7114;LSN Z100001G, Gesamtbevölkerung, Stichtag 30.06.;42,0
456002;03456002;Emlichheim;Emlichheim;Mitgliedsgemeinde;Emlichheim;2012;7075;LSN Z100001G, Gesamtbevölkerung, Stichtag 30.06.;42,1
456002;03456002;Emlichheim;Emlichheim;Mitgliedsgemeinde;Emlichheim;2013;7102;LSN Z100001G, Gesamtbevölkerung, Stichtag 30.06.;42,2
456002;03456002;Emlichheim;Emlichheim;Mitgliedsgemeinde;Emlichheim;2014;7300;LSN Z100001G, Gesamtbevölkerung, Stichtag 30.06.;42,4
456002;03456002;Emlichheim;Emlichheim;Mitgliedsgemeinde;Emlichheim;2015;7366;LSN Z100001G, Gesamtbevölkerung, Stichtag 30.06.;42,4
456002;03456002;Emlichheim;Emlichheim;Mitgliedsgemeinde;Emlichheim;2016;7379;LSN Z100001G, Gesamtbevölkerung, Stichtag 30.06.;42,7
456002;03456002;Emlichheim;Emlichheim;Mitgliedsgemeinde;Emlichheim;2017;7361;LSN Z100001G, Gesamtbevölkerung, Stichtag 30.06.;43,2
456002;03456002;Emlichheim;Emlichheim;Mitgliedsgemeinde;Emlichheim;2018;7261;LSN Z100001G, Gesamtbevölkerung, Stichtag 30.06.;43,3
456002;03456002;Emlichheim;Emlichheim;Mitgliedsgemeinde;Emlichheim;2019;7321;LSN Z100001G, Gesamtbevölkerung, Stichtag 30.06.;43,3
456002;03456002;Emlichheim;Emlichheim;Mitgliedsgemeinde;Emlichheim;2020;7356;LSN Z100001G, Gesamtbevölkerung, Stichtag 30.06.;43,5
456002;03456002;Emlichheim;Emlichheim;Mitgliedsgemeinde;Emlichheim;2021;7372;LSN Z100001G, Gesamtbevölkerung, Stichtag 30.06.;43,6
456002;03456002;Emlichheim;Emlichheim;Mitgliedsgemeinde;Emlichheim;2022;7536;LSN Z100001G, Gesamtbevölkerung, Stichtag 30.06.;43,5
456002;03456002;Emlichheim;Emlichheim;Mitgliedsgemeinde;Emlichheim;2023;7634;LSN Z100001G, Gesamtbevölkerung, Stichtag 30.06.;43,6
456002;03456002;Emlichheim;Emlichheim;Mitgliedsgemeinde;Emlichheim;2024;7651;LSN Z100001G, Gesamtbevölkerung, Stichtag 30.06.;43,7
456002;03456002;Emlichheim;Emlichheim;Mitgliedsgemeinde;Emlichheim;2025;7724;LSN Z100001G, Gesamtbevölkerung, Stichtag 30.06.;44,0
456002;03456002;Emlichheim;Emlichheim;Mitgliedsgemeinde;Emlichheim;2026;7812;LSN Z100001G, Gesamtbevölkerung, Stichtag 30.06.;
456003;03456003;Engden;Engden;Mitgliedsgemeinde;Schüttorf;1821;454;Historische Reihe nach bisheriger Uelschen-/Historientabelle;
456003;03456003;Engden;Engden;Mitgliedsgemeinde;Schüttorf;1848;434;Historische Reihe nach bisheriger Uelschen-/Historientabelle;
456003;03456003;Engden;Engden;Mitgliedsgemeinde;Schüttorf;1871;431;Historische Reihe nach bisheriger Uelschen-/Historientabelle;
456003;03456003;Engden;Engden;Mitgliedsgemeinde;Schüttorf;1885;490;Historische Reihe nach bisheriger Uelschen-/Historientabelle;
456003;03456003;Engden;Engden;Mitgliedsgemeinde;Schüttorf;1905;479;Historische Reihe nach bisheriger Uelschen-/Historientabelle;
456003;03456003;Engden;Engden;Mitgliedsgemeinde;Schüttorf;1925;532;Historische Reihe nach bisheriger Uelschen-/Historientabelle;
456003;03456003;Engden;Engden;Mitgliedsgemeinde;Schüttorf;1933;515;Historische Reihe nach bisheriger Uelschen-/Historientabelle;
456003;03456003;Engden;Engden;Mitgliedsgemeinde;Schüttorf;1939;530;Historische Reihe nach bisheriger Uelschen-/Historientabelle;
456003;03456003;Engden;Engden;Mitgliedsgemeinde;Schüttorf;1946;659;Historische Reihe nach bisheriger Uelschen-/Historientabelle;
456003;03456003;Engden;Engden;Mitgliedsgemeinde;Schüttorf;1950;672;Historische Reihe nach bisheriger Uelschen-/Historientabelle;
456003;03456003;Engden;Engden;Mitgliedsgemeinde;Schüttorf;1956;545;Historische Reihe nach bisheriger Uelschen-/Historientabelle;
456003;03456003;Engden;Engden;Mitgliedsgemeinde;Schüttorf;1961;519;Historische Reihe nach bisheriger Uelschen-/Historientabelle;
456003;03456003;Engden;Engden;Mitgliedsgemeinde;Schüttorf;1970;477;Historische Reihe nach bisheriger Uelschen-/Historientabelle;31,3
456003;03456003;Engden;Engden;Mitgliedsgemeinde;Schüttorf;1973;447;LSN Z100001G, Gesamtbevölkerung, Stichtag 30.06.;
456003;03456003;Engden;Engden;Mitgliedsgemeinde;Schüttorf;1974;439;LSN Z100001G, Gesamtbevölkerung, Stichtag 30.06.;
456003;03456003;Engden;Engden;Mitgliedsgemeinde;Schüttorf;1975;429;LSN Z100001G, Gesamtbevölkerung, Stichtag 30.06.;33,0
456003;03456003;Engden;Engden;Mitgliedsgemeinde;Schüttorf;1976;439;LSN Z100001G, Gesamtbevölkerung, Stichtag 30.06.;
456003;03456003;Engden;Engden;Mitgliedsgemeinde;Schüttorf;1977;437;LSN Z100001G, Gesamtbevölkerung, Stichtag 30.06.;
456003;03456003;Engden;Engden;Mitgliedsgemeinde;Schüttorf;1978;444;LSN Z100001G, Gesamtbevölkerung, Stichtag 30.06.;
456003;03456003;Engden;Engden;Mitgliedsgemeinde;Schüttorf;1979;423;LSN Z100001G, Gesamtbevölkerung, Stichtag 30.06.;
456003;03456003;Engden;Engden;Mitgliedsgemeinde;Schüttorf;1980;422;LSN Z100001G, Gesamtbevölkerung, Stichtag 30.06.;33,9
456003;03456003;Engden;Engden;Mitgliedsgemeinde;Schüttorf;1981;430;LSN Z100001G, Gesamtbevölkerung, Stichtag 30.06.;
456003;03456003;Engden;Engden;Mitgliedsgemeinde;Schüttorf;1982;437;LSN Z100001G, Gesamtbevölkerung, Stichtag 30.06.;
456003;03456003;Engden;Engden;Mitgliedsgemeinde;Schüttorf;1983;426;LSN Z100001G, Gesamtbevölkerung, Stichtag 30.06.;
456003;03456003;Engden;Engden;Mitgliedsgemeinde;Schüttorf;1984;414;LSN Z100001G, Gesamtbevölkerung, Stichtag 30.06.;
456003;03456003;Engden;Engden;Mitgliedsgemeinde;Schüttorf;1985;424;LSN Z100001G, Gesamtbevölkerung, Stichtag 30.06.;36,2
456003;03456003;Engden;Engden;Mitgliedsgemeinde;Schüttorf;1986;405;LSN Z100001G, Gesamtbevölkerung, Stichtag 30.06.;
456003;03456003;Engden;Engden;Mitgliedsgemeinde;Schüttorf;1987;418;LSN Z100001G, Gesamtbevölkerung, Stichtag 30.06.;
456003;03456003;Engden;Engden;Mitgliedsgemeinde;Schüttorf;1988;413;LSN Z100001G, Gesamtbevölkerung, Stichtag 30.06.;
456003;03456003;Engden;Engden;Mitgliedsgemeinde;Schüttorf;1989;409;LSN Z100001G, Gesamtbevölkerung, Stichtag 30.06.;
456003;03456003;Engden;Engden;Mitgliedsgemeinde;Schüttorf;1990;403;LSN Z100001G, Gesamtbevölkerung, Stichtag 30.06.;37,1
456003;03456003;Engden;Engden;Mitgliedsgemeinde;Schüttorf;1991;417;LSN Z100001G, Gesamtbevölkerung, Stichtag 30.06.;
456003;03456003;Engden;Engden;Mitgliedsgemeinde;Schüttorf;1992;412;LSN Z100001G, Gesamtbevölkerung, Stichtag 30.06.;
456003;03456003;Engden;Engden;Mitgliedsgemeinde;Schüttorf;1993;417;LSN Z100001G, Gesamtbevölkerung, Stichtag 30.06.;
456003;03456003;Engden;Engden;Mitgliedsgemeinde;Schüttorf;1994;436;LSN Z100001G, Gesamtbevölkerung, Stichtag 30.06.;
456003;03456003;Engden;Engden;Mitgliedsgemeinde;Schüttorf;1995;430;LSN Z100001G, Gesamtbevölkerung, Stichtag 30.06.;37,2
456003;03456003;Engden;Engden;Mitgliedsgemeinde;Schüttorf;1996;420;LSN Z100001G, Gesamtbevölkerung, Stichtag 30.06.;
456003;03456003;Engden;Engden;Mitgliedsgemeinde;Schüttorf;1997;428;LSN Z100001G, Gesamtbevölkerung, Stichtag 30.06.;
456003;03456003;Engden;Engden;Mitgliedsgemeinde;Schüttorf;1998;428;LSN Z100001G, Gesamtbevölkerung, Stichtag 30.06.;
456003;03456003;Engden;Engden;Mitgliedsgemeinde;Schüttorf;1999;424;LSN Z100001G, Gesamtbevölkerung, Stichtag 30.06.;
456003;03456003;Engden;Engden;Mitgliedsgemeinde;Schüttorf;2000;427;LSN Z100001G, Gesamtbevölkerung, Stichtag 30.06.;38,2
456003;03456003;Engden;Engden;Mitgliedsgemeinde;Schüttorf;2001;434;LSN Z100001G, Gesamtbevölkerung, Stichtag 30.06.;
456003;03456003;Engden;Engden;Mitgliedsgemeinde;Schüttorf;2002;454;LSN Z100001G, Gesamtbevölkerung, Stichtag 30.06.;
456003;03456003;Engden;Engden;Mitgliedsgemeinde;Schüttorf;2003;469;LSN Z100001G, Gesamtbevölkerung, Stichtag 30.06.;
456003;03456003;Engden;Engden;Mitgliedsgemeinde;Schüttorf;2004;467;LSN Z100001G, Gesamtbevölkerung, Stichtag 30.06.;
456003;03456003;Engden;Engden;Mitgliedsgemeinde;Schüttorf;2005;458;LSN Z100001G, Gesamtbevölkerung, Stichtag 30.06.;40,0
456003;03456003;Engden;Engden;Mitgliedsgemeinde;Schüttorf;2006;448;LSN Z100001G, Gesamtbevölkerung, Stichtag 30.06.;
456003;03456003;Engden;Engden;Mitgliedsgemeinde;Schüttorf;2007;448;LSN Z100001G, Gesamtbevölkerung, Stichtag 30.06.;
456003;03456003;Engden;Engden;Mitgliedsgemeinde;Schüttorf;2008;446;LSN Z100001G, Gesamtbevölkerung, Stichtag 30.06.;
456003;03456003;Engden;Engden;Mitgliedsgemeinde;Schüttorf;2009;435;LSN Z100001G, Gesamtbevölkerung, Stichtag 30.06.;
456003;03456003;Engden;Engden;Mitgliedsgemeinde;Schüttorf;2010;445;LSN Z100001G, Gesamtbevölkerung, Stichtag 30.06.;41,4
456003;03456003;Engden;Engden;Mitgliedsgemeinde;Schüttorf;2011;450;LSN Z100001G, Gesamtbevölkerung, Stichtag 30.06.;41,8
456003;03456003;Engden;Engden;Mitgliedsgemeinde;Schüttorf;2012;444;LSN Z100001G, Gesamtbevölkerung, Stichtag 30.06.;42,4
456003;03456003;Engden;Engden;Mitgliedsgemeinde;Schüttorf;2013;442;LSN Z100001G, Gesamtbevölkerung, Stichtag 30.06.;42,6
456003;03456003;Engden;Engden;Mitgliedsgemeinde;Schüttorf;2014;435;LSN Z100001G, Gesamtbevölkerung, Stichtag 30.06.;43,7
456003;03456003;Engden;Engden;Mitgliedsgemeinde;Schüttorf;2015;427;LSN Z100001G, Gesamtbevölkerung, Stichtag 30.06.;44,1
456003;03456003;Engden;Engden;Mitgliedsgemeinde;Schüttorf;2016;420;LSN Z100001G, Gesamtbevölkerung, Stichtag 30.06.;45,1
456003;03456003;Engden;Engden;Mitgliedsgemeinde;Schüttorf;2017;427;LSN Z100001G, Gesamtbevölkerung, Stichtag 30.06.;44,8
456003;03456003;Engden;Engden;Mitgliedsgemeinde;Schüttorf;2018;424;LSN Z100001G, Gesamtbevölkerung, Stichtag 30.06.;43,8
456003;03456003;Engden;Engden;Mitgliedsgemeinde;Schüttorf;2019;428;LSN Z100001G, Gesamtbevölkerung, Stichtag 30.06.;44,3
456003;03456003;Engden;Engden;Mitgliedsgemeinde;Schüttorf;2020;415;LSN Z100001G, Gesamtbevölkerung, Stichtag 30.06.;44,7
456003;03456003;Engden;Engden;Mitgliedsgemeinde;Schüttorf;2021;413;LSN Z100001G, Gesamtbevölkerung, Stichtag 30.06.;44,9
456003;03456003;Engden;Engden;Mitgliedsgemeinde;Schüttorf;2022;413;LSN Z100001G, Gesamtbevölkerung, Stichtag 30.06.;44,5
456003;03456003;Engden;Engden;Mitgliedsgemeinde;Schüttorf;2023;421;LSN Z100001G, Gesamtbevölkerung, Stichtag 30.06.;44,2
456003;03456003;Engden;Engden;Mitgliedsgemeinde;Schüttorf;2024;419;LSN Z100001G, Gesamtbevölkerung, Stichtag 30.06.;44,1
456003;03456003;Engden;Engden;Mitgliedsgemeinde;Schüttorf;2025;413;LSN Z100001G, Gesamtbevölkerung, Stichtag 30.06.;44,3
456003;03456003;Engden;Engden;Mitgliedsgemeinde;Schüttorf;2026;406;LSN Z100001G, Gesamtbevölkerung, Stichtag 30.06.;
456004;03456004;Esche;Esche;Mitgliedsgemeinde;Neuenhaus;1821;421;Historische Reihe nach bisheriger Uelschen-/Historientabelle;
456004;03456004;Esche;Esche;Mitgliedsgemeinde;Neuenhaus;1848;466;Historische Reihe nach bisheriger Uelschen-/Historientabelle;
456004;03456004;Esche;Esche;Mitgliedsgemeinde;Neuenhaus;1871;446;Historische Reihe nach bisheriger Uelschen-/Historientabelle;
456004;03456004;Esche;Esche;Mitgliedsgemeinde;Neuenhaus;1885;404;Historische Reihe nach bisheriger Uelschen-/Historientabelle;
456004;03456004;Esche;Esche;Mitgliedsgemeinde;Neuenhaus;1905;414;Historische Reihe nach bisheriger Uelschen-/Historientabelle;
456004;03456004;Esche;Esche;Mitgliedsgemeinde;Neuenhaus;1925;501;Historische Reihe nach bisheriger Uelschen-/Historientabelle;
456004;03456004;Esche;Esche;Mitgliedsgemeinde;Neuenhaus;1933;507;Historische Reihe nach bisheriger Uelschen-/Historientabelle;
456004;03456004;Esche;Esche;Mitgliedsgemeinde;Neuenhaus;1939;504;Historische Reihe nach bisheriger Uelschen-/Historientabelle;
456004;03456004;Esche;Esche;Mitgliedsgemeinde;Neuenhaus;1946;579;Historische Reihe nach bisheriger Uelschen-/Historientabelle;
456004;03456004;Esche;Esche;Mitgliedsgemeinde;Neuenhaus;1950;601;Historische Reihe nach bisheriger Uelschen-/Historientabelle;
456004;03456004;Esche;Esche;Mitgliedsgemeinde;Neuenhaus;1956;552;Historische Reihe nach bisheriger Uelschen-/Historientabelle;
456004;03456004;Esche;Esche;Mitgliedsgemeinde;Neuenhaus;1961;539;Historische Reihe nach bisheriger Uelschen-/Historientabelle;
456004;03456004;Esche;Esche;Mitgliedsgemeinde;Neuenhaus;1970;534;Historische Reihe nach bisheriger Uelschen-/Historientabelle;31,9
456004;03456004;Esche;Esche;Mitgliedsgemeinde;Neuenhaus;1973;533;LSN Z100001G, Gesamtbevölkerung, Stichtag 30.06.;
456004;03456004;Esche;Esche;Mitgliedsgemeinde;Neuenhaus;1974;509;LSN Z100001G, Gesamtbevölkerung, Stichtag 30.06.;
456004;03456004;Esche;Esche;Mitgliedsgemeinde;Neuenhaus;1975;499;LSN Z100001G, Gesamtbevölkerung, Stichtag 30.06.;33,5
456004;03456004;Esche;Esche;Mitgliedsgemeinde;Neuenhaus;1976;494;LSN Z100001G, Gesamtbevölkerung, Stichtag 30.06.;
456004;03456004;Esche;Esche;Mitgliedsgemeinde;Neuenhaus;1977;490;LSN Z100001G, Gesamtbevölkerung, Stichtag 30.06.;
456004;03456004;Esche;Esche;Mitgliedsgemeinde;Neuenhaus;1978;507;LSN Z100001G, Gesamtbevölkerung, Stichtag 30.06.;
456004;03456004;Esche;Esche;Mitgliedsgemeinde;Neuenhaus;1979;496;LSN Z100001G, Gesamtbevölkerung, Stichtag 30.06.;
456004;03456004;Esche;Esche;Mitgliedsgemeinde;Neuenhaus;1980;488;LSN Z100001G, Gesamtbevölkerung, Stichtag 30.06.;34,3
456004;03456004;Esche;Esche;Mitgliedsgemeinde;Neuenhaus;1981;470;LSN Z100001G, Gesamtbevölkerung, Stichtag 30.06.;
456004;03456004;Esche;Esche;Mitgliedsgemeinde;Neuenhaus;1982;483;LSN Z100001G, Gesamtbevölkerung, Stichtag 30.06.;
456004;03456004;Esche;Esche;Mitgliedsgemeinde;Neuenhaus;1983;485;LSN Z100001G, Gesamtbevölkerung, Stichtag 30.06.;
456004;03456004;Esche;Esche;Mitgliedsgemeinde;Neuenhaus;1984;488;LSN Z100001G, Gesamtbevölkerung, Stichtag 30.06.;
456004;03456004;Esche;Esche;Mitgliedsgemeinde;Neuenhaus;1985;503;LSN Z100001G, Gesamtbevölkerung, Stichtag 30.06.;34,7
456004;03456004;Esche;Esche;Mitgliedsgemeinde;Neuenhaus;1986;506;LSN Z100001G, Gesamtbevölkerung, Stichtag 30.06.;
456004;03456004;Esche;Esche;Mitgliedsgemeinde;Neuenhaus;1987;498;LSN Z100001G, Gesamtbevölkerung, Stichtag 30.06.;
456004;03456004;Esche;Esche;Mitgliedsgemeinde;Neuenhaus;1988;499;LSN Z100001G, Gesamtbevölkerung, Stichtag 30.06.;
456004;03456004;Esche;Esche;Mitgliedsgemeinde;Neuenhaus;1989;497;LSN Z100001G, Gesamtbevölkerung, Stichtag 30.06.;
456004;03456004;Esche;Esche;Mitgliedsgemeinde;Neuenhaus;1990;520;LSN Z100001G, Gesamtbevölkerung, Stichtag 30.06.;35,2
456004;03456004;Esche;Esche;Mitgliedsgemeinde;Neuenhaus;1991;530;LSN Z100001G, Gesamtbevölkerung, Stichtag 30.06.;
456004;03456004;Esche;Esche;Mitgliedsgemeinde;Neuenhaus;1992;530;LSN Z100001G, Gesamtbevölkerung, Stichtag 30.06.;
456004;03456004;Esche;Esche;Mitgliedsgemeinde;Neuenhaus;1993;521;LSN Z100001G, Gesamtbevölkerung, Stichtag 30.06.;
456004;03456004;Esche;Esche;Mitgliedsgemeinde;Neuenhaus;1994;518;LSN Z100001G, Gesamtbevölkerung, Stichtag 30.06.;
456004;03456004;Esche;Esche;Mitgliedsgemeinde;Neuenhaus;1995;538;LSN Z100001G, Gesamtbevölkerung, Stichtag 30.06.;37,1
456004;03456004;Esche;Esche;Mitgliedsgemeinde;Neuenhaus;1996;530;LSN Z100001G, Gesamtbevölkerung, Stichtag 30.06.;
456004;03456004;Esche;Esche;Mitgliedsgemeinde;Neuenhaus;1997;530;LSN Z100001G, Gesamtbevölkerung, Stichtag 30.06.;
456004;03456004;Esche;Esche;Mitgliedsgemeinde;Neuenhaus;1998;548;LSN Z100001G, Gesamtbevölkerung, Stichtag 30.06.;
456004;03456004;Esche;Esche;Mitgliedsgemeinde;Neuenhaus;1999;542;LSN Z100001G, Gesamtbevölkerung, Stichtag 30.06.;
456004;03456004;Esche;Esche;Mitgliedsgemeinde;Neuenhaus;2000;528;LSN Z100001G, Gesamtbevölkerung, Stichtag 30.06.;37,8
456004;03456004;Esche;Esche;Mitgliedsgemeinde;Neuenhaus;2001;536;LSN Z100001G, Gesamtbevölkerung, Stichtag 30.06.;
456004;03456004;Esche;Esche;Mitgliedsgemeinde;Neuenhaus;2002;545;LSN Z100001G, Gesamtbevölkerung, Stichtag 30.06.;
456004;03456004;Esche;Esche;Mitgliedsgemeinde;Neuenhaus;2003;570;LSN Z100001G, Gesamtbevölkerung, Stichtag 30.06.;
456004;03456004;Esche;Esche;Mitgliedsgemeinde;Neuenhaus;2004;565;LSN Z100001G, Gesamtbevölkerung, Stichtag 30.06.;
456004;03456004;Esche;Esche;Mitgliedsgemeinde;Neuenhaus;2005;578;LSN Z100001G, Gesamtbevölkerung, Stichtag 30.06.;39,0
456004;03456004;Esche;Esche;Mitgliedsgemeinde;Neuenhaus;2006;582;LSN Z100001G, Gesamtbevölkerung, Stichtag 30.06.;
456004;03456004;Esche;Esche;Mitgliedsgemeinde;Neuenhaus;2007;576;LSN Z100001G, Gesamtbevölkerung, Stichtag 30.06.;
456004;03456004;Esche;Esche;Mitgliedsgemeinde;Neuenhaus;2008;580;LSN Z100001G, Gesamtbevölkerung, Stichtag 30.06.;
456004;03456004;Esche;Esche;Mitgliedsgemeinde;Neuenhaus;2009;569;LSN Z100001G, Gesamtbevölkerung, Stichtag 30.06.;
456004;03456004;Esche;Esche;Mitgliedsgemeinde;Neuenhaus;2010;570;LSN Z100001G, Gesamtbevölkerung, Stichtag 30.06.;41,1
456004;03456004;Esche;Esche;Mitgliedsgemeinde;Neuenhaus;2011;576;LSN Z100001G, Gesamtbevölkerung, Stichtag 30.06.;40,7
456004;03456004;Esche;Esche;Mitgliedsgemeinde;Neuenhaus;2012;570;LSN Z100001G, Gesamtbevölkerung, Stichtag 30.06.;41,4
456004;03456004;Esche;Esche;Mitgliedsgemeinde;Neuenhaus;2013;564;LSN Z100001G, Gesamtbevölkerung, Stichtag 30.06.;41,2
456004;03456004;Esche;Esche;Mitgliedsgemeinde;Neuenhaus;2014;564;LSN Z100001G, Gesamtbevölkerung, Stichtag 30.06.;41,0
456004;03456004;Esche;Esche;Mitgliedsgemeinde;Neuenhaus;2015;568;LSN Z100001G, Gesamtbevölkerung, Stichtag 30.06.;42,0
456004;03456004;Esche;Esche;Mitgliedsgemeinde;Neuenhaus;2016;559;LSN Z100001G, Gesamtbevölkerung, Stichtag 30.06.;42,6
456004;03456004;Esche;Esche;Mitgliedsgemeinde;Neuenhaus;2017;555;LSN Z100001G, Gesamtbevölkerung, Stichtag 30.06.;42,5
456004;03456004;Esche;Esche;Mitgliedsgemeinde;Neuenhaus;2018;552;LSN Z100001G, Gesamtbevölkerung, Stichtag 30.06.;42,1
456004;03456004;Esche;Esche;Mitgliedsgemeinde;Neuenhaus;2019;569;LSN Z100001G, Gesamtbevölkerung, Stichtag 30.06.;42,2
456004;03456004;Esche;Esche;Mitgliedsgemeinde;Neuenhaus;2020;570;LSN Z100001G, Gesamtbevölkerung, Stichtag 30.06.;43,1
456004;03456004;Esche;Esche;Mitgliedsgemeinde;Neuenhaus;2021;568;LSN Z100001G, Gesamtbevölkerung, Stichtag 30.06.;42,7
456004;03456004;Esche;Esche;Mitgliedsgemeinde;Neuenhaus;2022;589;LSN Z100001G, Gesamtbevölkerung, Stichtag 30.06.;41,8
456004;03456004;Esche;Esche;Mitgliedsgemeinde;Neuenhaus;2023;610;LSN Z100001G, Gesamtbevölkerung, Stichtag 30.06.;41,8
456004;03456004;Esche;Esche;Mitgliedsgemeinde;Neuenhaus;2024;607;LSN Z100001G, Gesamtbevölkerung, Stichtag 30.06.;41,6
456004;03456004;Esche;Esche;Mitgliedsgemeinde;Neuenhaus;2025;622;LSN Z100001G, Gesamtbevölkerung, Stichtag 30.06.;41,5
456004;03456004;Esche;Esche;Mitgliedsgemeinde;Neuenhaus;2026;607;LSN Z100001G, Gesamtbevölkerung, Stichtag 30.06.;
456005;03456005;Georgsdorf;Georgsdorf;Mitgliedsgemeinde;Neuenhaus;1821;265;Historische Reihe nach bisheriger Uelschen-/Historientabelle;
456005;03456005;Georgsdorf;Georgsdorf;Mitgliedsgemeinde;Neuenhaus;1848;381;Historische Reihe nach bisheriger Uelschen-/Historientabelle;
456005;03456005;Georgsdorf;Georgsdorf;Mitgliedsgemeinde;Neuenhaus;1871;525;Historische Reihe nach bisheriger Uelschen-/Historientabelle;
456005;03456005;Georgsdorf;Georgsdorf;Mitgliedsgemeinde;Neuenhaus;1885;538;Historische Reihe nach bisheriger Uelschen-/Historientabelle;
456005;03456005;Georgsdorf;Georgsdorf;Mitgliedsgemeinde;Neuenhaus;1905;633;Historische Reihe nach bisheriger Uelschen-/Historientabelle;
456005;03456005;Georgsdorf;Georgsdorf;Mitgliedsgemeinde;Neuenhaus;1925;727;Historische Reihe nach bisheriger Uelschen-/Historientabelle;
456005;03456005;Georgsdorf;Georgsdorf;Mitgliedsgemeinde;Neuenhaus;1933;612;Historische Reihe nach bisheriger Uelschen-/Historientabelle;
456005;03456005;Georgsdorf;Georgsdorf;Mitgliedsgemeinde;Neuenhaus;1939;637;Historische Reihe nach bisheriger Uelschen-/Historientabelle;
456005;03456005;Georgsdorf;Georgsdorf;Mitgliedsgemeinde;Neuenhaus;1946;742;Historische Reihe nach bisheriger Uelschen-/Historientabelle;
456005;03456005;Georgsdorf;Georgsdorf;Mitgliedsgemeinde;Neuenhaus;1950;827;Historische Reihe nach bisheriger Uelschen-/Historientabelle;
456005;03456005;Georgsdorf;Georgsdorf;Mitgliedsgemeinde;Neuenhaus;1956;793;Historische Reihe nach bisheriger Uelschen-/Historientabelle;
456005;03456005;Georgsdorf;Georgsdorf;Mitgliedsgemeinde;Neuenhaus;1961;804;Historische Reihe nach bisheriger Uelschen-/Historientabelle;
456005;03456005;Georgsdorf;Georgsdorf;Mitgliedsgemeinde;Neuenhaus;1970;944;Historische Reihe nach bisheriger Uelschen-/Historientabelle;30,2
456005;03456005;Georgsdorf;Georgsdorf;Mitgliedsgemeinde;Neuenhaus;1973;982;LSN Z100001G, Gesamtbevölkerung, Stichtag 30.06.;
456005;03456005;Georgsdorf;Georgsdorf;Mitgliedsgemeinde;Neuenhaus;1974;986;LSN Z100001G, Gesamtbevölkerung, Stichtag 30.06.;
456005;03456005;Georgsdorf;Georgsdorf;Mitgliedsgemeinde;Neuenhaus;1975;1000;LSN Z100001G, Gesamtbevölkerung, Stichtag 30.06.;30,1
456005;03456005;Georgsdorf;Georgsdorf;Mitgliedsgemeinde;Neuenhaus;1976;998;LSN Z100001G, Gesamtbevölkerung, Stichtag 30.06.;
456005;03456005;Georgsdorf;Georgsdorf;Mitgliedsgemeinde;Neuenhaus;1977;993;LSN Z100001G, Gesamtbevölkerung, Stichtag 30.06.;
456005;03456005;Georgsdorf;Georgsdorf;Mitgliedsgemeinde;Neuenhaus;1978;1007;LSN Z100001G, Gesamtbevölkerung, Stichtag 30.06.;
456005;03456005;Georgsdorf;Georgsdorf;Mitgliedsgemeinde;Neuenhaus;1979;1033;LSN Z100001G, Gesamtbevölkerung, Stichtag 30.06.;
456005;03456005;Georgsdorf;Georgsdorf;Mitgliedsgemeinde;Neuenhaus;1980;1032;LSN Z100001G, Gesamtbevölkerung, Stichtag 30.06.;31,0
456005;03456005;Georgsdorf;Georgsdorf;Mitgliedsgemeinde;Neuenhaus;1981;1065;LSN Z100001G, Gesamtbevölkerung, Stichtag 30.06.;
456005;03456005;Georgsdorf;Georgsdorf;Mitgliedsgemeinde;Neuenhaus;1982;1076;LSN Z100001G, Gesamtbevölkerung, Stichtag 30.06.;
456005;03456005;Georgsdorf;Georgsdorf;Mitgliedsgemeinde;Neuenhaus;1983;1089;LSN Z100001G, Gesamtbevölkerung, Stichtag 30.06.;
456005;03456005;Georgsdorf;Georgsdorf;Mitgliedsgemeinde;Neuenhaus;1984;1094;LSN Z100001G, Gesamtbevölkerung, Stichtag 30.06.;
456005;03456005;Georgsdorf;Georgsdorf;Mitgliedsgemeinde;Neuenhaus;1985;1104;LSN Z100001G, Gesamtbevölkerung, Stichtag 30.06.;32,4
456005;03456005;Georgsdorf;Georgsdorf;Mitgliedsgemeinde;Neuenhaus;1986;1108;LSN Z100001G, Gesamtbevölkerung, Stichtag 30.06.;
456005;03456005;Georgsdorf;Georgsdorf;Mitgliedsgemeinde;Neuenhaus;1987;1107;LSN Z100001G, Gesamtbevölkerung, Stichtag 30.06.;
456005;03456005;Georgsdorf;Georgsdorf;Mitgliedsgemeinde;Neuenhaus;1988;1119;LSN Z100001G, Gesamtbevölkerung, Stichtag 30.06.;
456005;03456005;Georgsdorf;Georgsdorf;Mitgliedsgemeinde;Neuenhaus;1989;1142;LSN Z100001G, Gesamtbevölkerung, Stichtag 30.06.;
456005;03456005;Georgsdorf;Georgsdorf;Mitgliedsgemeinde;Neuenhaus;1990;1146;LSN Z100001G, Gesamtbevölkerung, Stichtag 30.06.;33,1
456005;03456005;Georgsdorf;Georgsdorf;Mitgliedsgemeinde;Neuenhaus;1991;1166;LSN Z100001G, Gesamtbevölkerung, Stichtag 30.06.;
456005;03456005;Georgsdorf;Georgsdorf;Mitgliedsgemeinde;Neuenhaus;1992;1184;LSN Z100001G, Gesamtbevölkerung, Stichtag 30.06.;
456005;03456005;Georgsdorf;Georgsdorf;Mitgliedsgemeinde;Neuenhaus;1993;1186;LSN Z100001G, Gesamtbevölkerung, Stichtag 30.06.;
456005;03456005;Georgsdorf;Georgsdorf;Mitgliedsgemeinde;Neuenhaus;1994;1170;LSN Z100001G, Gesamtbevölkerung, Stichtag 30.06.;
456005;03456005;Georgsdorf;Georgsdorf;Mitgliedsgemeinde;Neuenhaus;1995;1175;LSN Z100001G, Gesamtbevölkerung, Stichtag 30.06.;34,9
456005;03456005;Georgsdorf;Georgsdorf;Mitgliedsgemeinde;Neuenhaus;1996;1223;LSN Z100001G, Gesamtbevölkerung, Stichtag 30.06.;
456005;03456005;Georgsdorf;Georgsdorf;Mitgliedsgemeinde;Neuenhaus;1997;1241;LSN Z100001G, Gesamtbevölkerung, Stichtag 30.06.;
456005;03456005;Georgsdorf;Georgsdorf;Mitgliedsgemeinde;Neuenhaus;1998;1256;LSN Z100001G, Gesamtbevölkerung, Stichtag 30.06.;
456005;03456005;Georgsdorf;Georgsdorf;Mitgliedsgemeinde;Neuenhaus;1999;1276;LSN Z100001G, Gesamtbevölkerung, Stichtag 30.06.;
456005;03456005;Georgsdorf;Georgsdorf;Mitgliedsgemeinde;Neuenhaus;2000;1296;LSN Z100001G, Gesamtbevölkerung, Stichtag 30.06.;35,5
456005;03456005;Georgsdorf;Georgsdorf;Mitgliedsgemeinde;Neuenhaus;2001;1289;LSN Z100001G, Gesamtbevölkerung, Stichtag 30.06.;
456005;03456005;Georgsdorf;Georgsdorf;Mitgliedsgemeinde;Neuenhaus;2002;1297;LSN Z100001G, Gesamtbevölkerung, Stichtag 30.06.;
456005;03456005;Georgsdorf;Georgsdorf;Mitgliedsgemeinde;Neuenhaus;2003;1297;LSN Z100001G, Gesamtbevölkerung, Stichtag 30.06.;
456005;03456005;Georgsdorf;Georgsdorf;Mitgliedsgemeinde;Neuenhaus;2004;1320;LSN Z100001G, Gesamtbevölkerung, Stichtag 30.06.;
456005;03456005;Georgsdorf;Georgsdorf;Mitgliedsgemeinde;Neuenhaus;2005;1356;LSN Z100001G, Gesamtbevölkerung, Stichtag 30.06.;36,5
456005;03456005;Georgsdorf;Georgsdorf;Mitgliedsgemeinde;Neuenhaus;2006;1356;LSN Z100001G, Gesamtbevölkerung, Stichtag 30.06.;
456005;03456005;Georgsdorf;Georgsdorf;Mitgliedsgemeinde;Neuenhaus;2007;1341;LSN Z100001G, Gesamtbevölkerung, Stichtag 30.06.;
456005;03456005;Georgsdorf;Georgsdorf;Mitgliedsgemeinde;Neuenhaus;2008;1347;LSN Z100001G, Gesamtbevölkerung, Stichtag 30.06.;
456005;03456005;Georgsdorf;Georgsdorf;Mitgliedsgemeinde;Neuenhaus;2009;1340;LSN Z100001G, Gesamtbevölkerung, Stichtag 30.06.;
456005;03456005;Georgsdorf;Georgsdorf;Mitgliedsgemeinde;Neuenhaus;2010;1313;LSN Z100001G, Gesamtbevölkerung, Stichtag 30.06.;39,3
456005;03456005;Georgsdorf;Georgsdorf;Mitgliedsgemeinde;Neuenhaus;2011;1305;LSN Z100001G, Gesamtbevölkerung, Stichtag 30.06.;39,6
456005;03456005;Georgsdorf;Georgsdorf;Mitgliedsgemeinde;Neuenhaus;2012;1313;LSN Z100001G, Gesamtbevölkerung, Stichtag 30.06.;40,5
456005;03456005;Georgsdorf;Georgsdorf;Mitgliedsgemeinde;Neuenhaus;2013;1290;LSN Z100001G, Gesamtbevölkerung, Stichtag 30.06.;41,1
456005;03456005;Georgsdorf;Georgsdorf;Mitgliedsgemeinde;Neuenhaus;2014;1264;LSN Z100001G, Gesamtbevölkerung, Stichtag 30.06.;41,3
456005;03456005;Georgsdorf;Georgsdorf;Mitgliedsgemeinde;Neuenhaus;2015;1264;LSN Z100001G, Gesamtbevölkerung, Stichtag 30.06.;42,1
456005;03456005;Georgsdorf;Georgsdorf;Mitgliedsgemeinde;Neuenhaus;2016;1250;LSN Z100001G, Gesamtbevölkerung, Stichtag 30.06.;42,5
456005;03456005;Georgsdorf;Georgsdorf;Mitgliedsgemeinde;Neuenhaus;2017;1216;LSN Z100001G, Gesamtbevölkerung, Stichtag 30.06.;43,1
456005;03456005;Georgsdorf;Georgsdorf;Mitgliedsgemeinde;Neuenhaus;2018;1217;LSN Z100001G, Gesamtbevölkerung, Stichtag 30.06.;43,4
456005;03456005;Georgsdorf;Georgsdorf;Mitgliedsgemeinde;Neuenhaus;2019;1224;LSN Z100001G, Gesamtbevölkerung, Stichtag 30.06.;44,0
456005;03456005;Georgsdorf;Georgsdorf;Mitgliedsgemeinde;Neuenhaus;2020;1213;LSN Z100001G, Gesamtbevölkerung, Stichtag 30.06.;44,6
456005;03456005;Georgsdorf;Georgsdorf;Mitgliedsgemeinde;Neuenhaus;2021;1216;LSN Z100001G, Gesamtbevölkerung, Stichtag 30.06.;44,7
456005;03456005;Georgsdorf;Georgsdorf;Mitgliedsgemeinde;Neuenhaus;2022;1255;LSN Z100001G, Gesamtbevölkerung, Stichtag 30.06.;44,4
456005;03456005;Georgsdorf;Georgsdorf;Mitgliedsgemeinde;Neuenhaus;2023;1259;LSN Z100001G, Gesamtbevölkerung, Stichtag 30.06.;45,3
456005;03456005;Georgsdorf;Georgsdorf;Mitgliedsgemeinde;Neuenhaus;2024;1271;LSN Z100001G, Gesamtbevölkerung, Stichtag 30.06.;45,6
456005;03456005;Georgsdorf;Georgsdorf;Mitgliedsgemeinde;Neuenhaus;2025;1272;LSN Z100001G, Gesamtbevölkerung, Stichtag 30.06.;45,2
456005;03456005;Georgsdorf;Georgsdorf;Mitgliedsgemeinde;Neuenhaus;2026;1271;LSN Z100001G, Gesamtbevölkerung, Stichtag 30.06.;
456006;03456006;Getelo;Getelo;Mitgliedsgemeinde;Uelsen;1821;236;Historische Reihe nach bisheriger Uelschen-/Historientabelle;
456006;03456006;Getelo;Getelo;Mitgliedsgemeinde;Uelsen;1848;240;Historische Reihe nach bisheriger Uelschen-/Historientabelle;
456006;03456006;Getelo;Getelo;Mitgliedsgemeinde;Uelsen;1871;274;Historische Reihe nach bisheriger Uelschen-/Historientabelle;
456006;03456006;Getelo;Getelo;Mitgliedsgemeinde;Uelsen;1885;351;Historische Reihe nach bisheriger Uelschen-/Historientabelle;
456006;03456006;Getelo;Getelo;Mitgliedsgemeinde;Uelsen;1905;437;Historische Reihe nach bisheriger Uelschen-/Historientabelle;
456006;03456006;Getelo;Getelo;Mitgliedsgemeinde;Uelsen;1925;519;Historische Reihe nach bisheriger Uelschen-/Historientabelle;
456006;03456006;Getelo;Getelo;Mitgliedsgemeinde;Uelsen;1933;521;Historische Reihe nach bisheriger Uelschen-/Historientabelle;
456006;03456006;Getelo;Getelo;Mitgliedsgemeinde;Uelsen;1939;552;Historische Reihe nach bisheriger Uelschen-/Historientabelle;
456006;03456006;Getelo;Getelo;Mitgliedsgemeinde;Uelsen;1946;618;Historische Reihe nach bisheriger Uelschen-/Historientabelle;
456006;03456006;Getelo;Getelo;Mitgliedsgemeinde;Uelsen;1950;647;Historische Reihe nach bisheriger Uelschen-/Historientabelle;
456006;03456006;Getelo;Getelo;Mitgliedsgemeinde;Uelsen;1956;623;Historische Reihe nach bisheriger Uelschen-/Historientabelle;
456006;03456006;Getelo;Getelo;Mitgliedsgemeinde;Uelsen;1961;602;Historische Reihe nach bisheriger Uelschen-/Historientabelle;
456006;03456006;Getelo;Getelo;Mitgliedsgemeinde;Uelsen;1970;573;Historische Reihe nach bisheriger Uelschen-/Historientabelle;32,0
456006;03456006;Getelo;Getelo;Mitgliedsgemeinde;Uelsen;1973;573;LSN Z100001G, Gesamtbevölkerung, Stichtag 30.06.;
456006;03456006;Getelo;Getelo;Mitgliedsgemeinde;Uelsen;1974;567;LSN Z100001G, Gesamtbevölkerung, Stichtag 30.06.;
456006;03456006;Getelo;Getelo;Mitgliedsgemeinde;Uelsen;1975;590;LSN Z100001G, Gesamtbevölkerung, Stichtag 30.06.;32,4
456006;03456006;Getelo;Getelo;Mitgliedsgemeinde;Uelsen;1976;600;LSN Z100001G, Gesamtbevölkerung, Stichtag 30.06.;
456006;03456006;Getelo;Getelo;Mitgliedsgemeinde;Uelsen;1977;593;LSN Z100001G, Gesamtbevölkerung, Stichtag 30.06.;
456006;03456006;Getelo;Getelo;Mitgliedsgemeinde;Uelsen;1978;596;LSN Z100001G, Gesamtbevölkerung, Stichtag 30.06.;
456006;03456006;Getelo;Getelo;Mitgliedsgemeinde;Uelsen;1979;594;LSN Z100001G, Gesamtbevölkerung, Stichtag 30.06.;
456006;03456006;Getelo;Getelo;Mitgliedsgemeinde;Uelsen;1980;593;LSN Z100001G, Gesamtbevölkerung, Stichtag 30.06.;33,2
456006;03456006;Getelo;Getelo;Mitgliedsgemeinde;Uelsen;1981;578;LSN Z100001G, Gesamtbevölkerung, Stichtag 30.06.;
456006;03456006;Getelo;Getelo;Mitgliedsgemeinde;Uelsen;1982;577;LSN Z100001G, Gesamtbevölkerung, Stichtag 30.06.;
456006;03456006;Getelo;Getelo;Mitgliedsgemeinde;Uelsen;1983;579;LSN Z100001G, Gesamtbevölkerung, Stichtag 30.06.;
456006;03456006;Getelo;Getelo;Mitgliedsgemeinde;Uelsen;1984;592;LSN Z100001G, Gesamtbevölkerung, Stichtag 30.06.;
456006;03456006;Getelo;Getelo;Mitgliedsgemeinde;Uelsen;1985;603;LSN Z100001G, Gesamtbevölkerung, Stichtag 30.06.;35,3
456006;03456006;Getelo;Getelo;Mitgliedsgemeinde;Uelsen;1986;598;LSN Z100001G, Gesamtbevölkerung, Stichtag 30.06.;
456006;03456006;Getelo;Getelo;Mitgliedsgemeinde;Uelsen;1987;587;LSN Z100001G, Gesamtbevölkerung, Stichtag 30.06.;
456006;03456006;Getelo;Getelo;Mitgliedsgemeinde;Uelsen;1988;585;LSN Z100001G, Gesamtbevölkerung, Stichtag 30.06.;
456006;03456006;Getelo;Getelo;Mitgliedsgemeinde;Uelsen;1989;575;LSN Z100001G, Gesamtbevölkerung, Stichtag 30.06.;
456006;03456006;Getelo;Getelo;Mitgliedsgemeinde;Uelsen;1990;652;LSN Z100001G, Gesamtbevölkerung, Stichtag 30.06.;35,4
456006;03456006;Getelo;Getelo;Mitgliedsgemeinde;Uelsen;1991;658;LSN Z100001G, Gesamtbevölkerung, Stichtag 30.06.;
456006;03456006;Getelo;Getelo;Mitgliedsgemeinde;Uelsen;1992;653;LSN Z100001G, Gesamtbevölkerung, Stichtag 30.06.;
456006;03456006;Getelo;Getelo;Mitgliedsgemeinde;Uelsen;1993;671;LSN Z100001G, Gesamtbevölkerung, Stichtag 30.06.;
456006;03456006;Getelo;Getelo;Mitgliedsgemeinde;Uelsen;1994;670;LSN Z100001G, Gesamtbevölkerung, Stichtag 30.06.;
456006;03456006;Getelo;Getelo;Mitgliedsgemeinde;Uelsen;1995;651;LSN Z100001G, Gesamtbevölkerung, Stichtag 30.06.;36,6
456006;03456006;Getelo;Getelo;Mitgliedsgemeinde;Uelsen;1996;667;LSN Z100001G, Gesamtbevölkerung, Stichtag 30.06.;
456006;03456006;Getelo;Getelo;Mitgliedsgemeinde;Uelsen;1997;677;LSN Z100001G, Gesamtbevölkerung, Stichtag 30.06.;
456006;03456006;Getelo;Getelo;Mitgliedsgemeinde;Uelsen;1998;668;LSN Z100001G, Gesamtbevölkerung, Stichtag 30.06.;
456006;03456006;Getelo;Getelo;Mitgliedsgemeinde;Uelsen;1999;661;LSN Z100001G, Gesamtbevölkerung, Stichtag 30.06.;
456006;03456006;Getelo;Getelo;Mitgliedsgemeinde;Uelsen;2000;650;LSN Z100001G, Gesamtbevölkerung, Stichtag 30.06.;38,6
456006;03456006;Getelo;Getelo;Mitgliedsgemeinde;Uelsen;2001;656;LSN Z100001G, Gesamtbevölkerung, Stichtag 30.06.;
456006;03456006;Getelo;Getelo;Mitgliedsgemeinde;Uelsen;2002;660;LSN Z100001G, Gesamtbevölkerung, Stichtag 30.06.;
456006;03456006;Getelo;Getelo;Mitgliedsgemeinde;Uelsen;2003;674;LSN Z100001G, Gesamtbevölkerung, Stichtag 30.06.;
456006;03456006;Getelo;Getelo;Mitgliedsgemeinde;Uelsen;2004;680;LSN Z100001G, Gesamtbevölkerung, Stichtag 30.06.;
456006;03456006;Getelo;Getelo;Mitgliedsgemeinde;Uelsen;2005;673;LSN Z100001G, Gesamtbevölkerung, Stichtag 30.06.;41,3
456006;03456006;Getelo;Getelo;Mitgliedsgemeinde;Uelsen;2006;670;LSN Z100001G, Gesamtbevölkerung, Stichtag 30.06.;
456006;03456006;Getelo;Getelo;Mitgliedsgemeinde;Uelsen;2007;670;LSN Z100001G, Gesamtbevölkerung, Stichtag 30.06.;
456006;03456006;Getelo;Getelo;Mitgliedsgemeinde;Uelsen;2008;695;LSN Z100001G, Gesamtbevölkerung, Stichtag 30.06.;
456006;03456006;Getelo;Getelo;Mitgliedsgemeinde;Uelsen;2009;677;LSN Z100001G, Gesamtbevölkerung, Stichtag 30.06.;
456006;03456006;Getelo;Getelo;Mitgliedsgemeinde;Uelsen;2010;664;LSN Z100001G, Gesamtbevölkerung, Stichtag 30.06.;43,1
456006;03456006;Getelo;Getelo;Mitgliedsgemeinde;Uelsen;2011;556;LSN Z100001G, Gesamtbevölkerung, Stichtag 30.06.;42,5
456006;03456006;Getelo;Getelo;Mitgliedsgemeinde;Uelsen;2012;549;LSN Z100001G, Gesamtbevölkerung, Stichtag 30.06.;43,8
456006;03456006;Getelo;Getelo;Mitgliedsgemeinde;Uelsen;2013;528;LSN Z100001G, Gesamtbevölkerung, Stichtag 30.06.;43,2
456006;03456006;Getelo;Getelo;Mitgliedsgemeinde;Uelsen;2014;542;LSN Z100001G, Gesamtbevölkerung, Stichtag 30.06.;42,9
456006;03456006;Getelo;Getelo;Mitgliedsgemeinde;Uelsen;2015;534;LSN Z100001G, Gesamtbevölkerung, Stichtag 30.06.;42,4
456006;03456006;Getelo;Getelo;Mitgliedsgemeinde;Uelsen;2016;546;LSN Z100001G, Gesamtbevölkerung, Stichtag 30.06.;43,5
456006;03456006;Getelo;Getelo;Mitgliedsgemeinde;Uelsen;2017;532;LSN Z100001G, Gesamtbevölkerung, Stichtag 30.06.;45,2
456006;03456006;Getelo;Getelo;Mitgliedsgemeinde;Uelsen;2018;534;LSN Z100001G, Gesamtbevölkerung, Stichtag 30.06.;45,6
456006;03456006;Getelo;Getelo;Mitgliedsgemeinde;Uelsen;2019;529;LSN Z100001G, Gesamtbevölkerung, Stichtag 30.06.;46,5
456006;03456006;Getelo;Getelo;Mitgliedsgemeinde;Uelsen;2020;529;LSN Z100001G, Gesamtbevölkerung, Stichtag 30.06.;46,9
456006;03456006;Getelo;Getelo;Mitgliedsgemeinde;Uelsen;2021;513;LSN Z100001G, Gesamtbevölkerung, Stichtag 30.06.;46,2
456006;03456006;Getelo;Getelo;Mitgliedsgemeinde;Uelsen;2022;533;LSN Z100001G, Gesamtbevölkerung, Stichtag 30.06.;45,5
456006;03456006;Getelo;Getelo;Mitgliedsgemeinde;Uelsen;2023;521;LSN Z100001G, Gesamtbevölkerung, Stichtag 30.06.;46,6
456006;03456006;Getelo;Getelo;Mitgliedsgemeinde;Uelsen;2024;495;LSN Z100001G, Gesamtbevölkerung, Stichtag 30.06.;46,4
456006;03456006;Getelo;Getelo;Mitgliedsgemeinde;Uelsen;2025;497;LSN Z100001G, Gesamtbevölkerung, Stichtag 30.06.;46,8
456006;03456006;Getelo;Getelo;Mitgliedsgemeinde;Uelsen;2026;501;LSN Z100001G, Gesamtbevölkerung, Stichtag 30.06.;
456007;03456007;Gölenkamp;Gölenkamp;Mitgliedsgemeinde;Uelsen;1821;454;Historische Reihe nach bisheriger Uelschen-/Historientabelle;
456007;03456007;Gölenkamp;Gölenkamp;Mitgliedsgemeinde;Uelsen;1848;434;Historische Reihe nach bisheriger Uelschen-/Historientabelle;
456007;03456007;Gölenkamp;Gölenkamp;Mitgliedsgemeinde;Uelsen;1871;511;Historische Reihe nach bisheriger Uelschen-/Historientabelle;
456007;03456007;Gölenkamp;Gölenkamp;Mitgliedsgemeinde;Uelsen;1885;505;Historische Reihe nach bisheriger Uelschen-/Historientabelle;
456007;03456007;Gölenkamp;Gölenkamp;Mitgliedsgemeinde;Uelsen;1905;494;Historische Reihe nach bisheriger Uelschen-/Historientabelle;
456007;03456007;Gölenkamp;Gölenkamp;Mitgliedsgemeinde;Uelsen;1925;673;Historische Reihe nach bisheriger Uelschen-/Historientabelle;
456007;03456007;Gölenkamp;Gölenkamp;Mitgliedsgemeinde;Uelsen;1933;684;Historische Reihe nach bisheriger Uelschen-/Historientabelle;
456007;03456007;Gölenkamp;Gölenkamp;Mitgliedsgemeinde;Uelsen;1939;669;Historische Reihe nach bisheriger Uelschen-/Historientabelle;
456007;03456007;Gölenkamp;Gölenkamp;Mitgliedsgemeinde;Uelsen;1946;793;Historische Reihe nach bisheriger Uelschen-/Historientabelle;
456007;03456007;Gölenkamp;Gölenkamp;Mitgliedsgemeinde;Uelsen;1950;823;Historische Reihe nach bisheriger Uelschen-/Historientabelle;
456007;03456007;Gölenkamp;Gölenkamp;Mitgliedsgemeinde;Uelsen;1956;733;Historische Reihe nach bisheriger Uelschen-/Historientabelle;
456007;03456007;Gölenkamp;Gölenkamp;Mitgliedsgemeinde;Uelsen;1961;723;Historische Reihe nach bisheriger Uelschen-/Historientabelle;
456007;03456007;Gölenkamp;Gölenkamp;Mitgliedsgemeinde;Uelsen;1970;745;Historische Reihe nach bisheriger Uelschen-/Historientabelle;31,9
456007;03456007;Gölenkamp;Gölenkamp;Mitgliedsgemeinde;Uelsen;1973;725;LSN Z100001G, Gesamtbevölkerung, Stichtag 30.06.;
456007;03456007;Gölenkamp;Gölenkamp;Mitgliedsgemeinde;Uelsen;1974;687;LSN Z100001G, Gesamtbevölkerung, Stichtag 30.06.;
456007;03456007;Gölenkamp;Gölenkamp;Mitgliedsgemeinde;Uelsen;1975;702;LSN Z100001G, Gesamtbevölkerung, Stichtag 30.06.;32,4
456007;03456007;Gölenkamp;Gölenkamp;Mitgliedsgemeinde;Uelsen;1976;714;LSN Z100001G, Gesamtbevölkerung, Stichtag 30.06.;
456007;03456007;Gölenkamp;Gölenkamp;Mitgliedsgemeinde;Uelsen;1977;693;LSN Z100001G, Gesamtbevölkerung, Stichtag 30.06.;
456007;03456007;Gölenkamp;Gölenkamp;Mitgliedsgemeinde;Uelsen;1978;683;LSN Z100001G, Gesamtbevölkerung, Stichtag 30.06.;
456007;03456007;Gölenkamp;Gölenkamp;Mitgliedsgemeinde;Uelsen;1979;691;LSN Z100001G, Gesamtbevölkerung, Stichtag 30.06.;
456007;03456007;Gölenkamp;Gölenkamp;Mitgliedsgemeinde;Uelsen;1980;676;LSN Z100001G, Gesamtbevölkerung, Stichtag 30.06.;33,6
456007;03456007;Gölenkamp;Gölenkamp;Mitgliedsgemeinde;Uelsen;1981;682;LSN Z100001G, Gesamtbevölkerung, Stichtag 30.06.;
456007;03456007;Gölenkamp;Gölenkamp;Mitgliedsgemeinde;Uelsen;1982;674;LSN Z100001G, Gesamtbevölkerung, Stichtag 30.06.;
456007;03456007;Gölenkamp;Gölenkamp;Mitgliedsgemeinde;Uelsen;1983;686;LSN Z100001G, Gesamtbevölkerung, Stichtag 30.06.;
456007;03456007;Gölenkamp;Gölenkamp;Mitgliedsgemeinde;Uelsen;1984;695;LSN Z100001G, Gesamtbevölkerung, Stichtag 30.06.;
456007;03456007;Gölenkamp;Gölenkamp;Mitgliedsgemeinde;Uelsen;1985;697;LSN Z100001G, Gesamtbevölkerung, Stichtag 30.06.;34,3
456007;03456007;Gölenkamp;Gölenkamp;Mitgliedsgemeinde;Uelsen;1986;707;LSN Z100001G, Gesamtbevölkerung, Stichtag 30.06.;
456007;03456007;Gölenkamp;Gölenkamp;Mitgliedsgemeinde;Uelsen;1987;682;LSN Z100001G, Gesamtbevölkerung, Stichtag 30.06.;
456007;03456007;Gölenkamp;Gölenkamp;Mitgliedsgemeinde;Uelsen;1988;693;LSN Z100001G, Gesamtbevölkerung, Stichtag 30.06.;
456007;03456007;Gölenkamp;Gölenkamp;Mitgliedsgemeinde;Uelsen;1989;686;LSN Z100001G, Gesamtbevölkerung, Stichtag 30.06.;
456007;03456007;Gölenkamp;Gölenkamp;Mitgliedsgemeinde;Uelsen;1990;674;LSN Z100001G, Gesamtbevölkerung, Stichtag 30.06.;35,9
456007;03456007;Gölenkamp;Gölenkamp;Mitgliedsgemeinde;Uelsen;1991;671;LSN Z100001G, Gesamtbevölkerung, Stichtag 30.06.;
456007;03456007;Gölenkamp;Gölenkamp;Mitgliedsgemeinde;Uelsen;1992;686;LSN Z100001G, Gesamtbevölkerung, Stichtag 30.06.;
456007;03456007;Gölenkamp;Gölenkamp;Mitgliedsgemeinde;Uelsen;1993;668;LSN Z100001G, Gesamtbevölkerung, Stichtag 30.06.;
456007;03456007;Gölenkamp;Gölenkamp;Mitgliedsgemeinde;Uelsen;1994;677;LSN Z100001G, Gesamtbevölkerung, Stichtag 30.06.;
456007;03456007;Gölenkamp;Gölenkamp;Mitgliedsgemeinde;Uelsen;1995;670;LSN Z100001G, Gesamtbevölkerung, Stichtag 30.06.;36,9
456007;03456007;Gölenkamp;Gölenkamp;Mitgliedsgemeinde;Uelsen;1996;677;LSN Z100001G, Gesamtbevölkerung, Stichtag 30.06.;
456007;03456007;Gölenkamp;Gölenkamp;Mitgliedsgemeinde;Uelsen;1997;647;LSN Z100001G, Gesamtbevölkerung, Stichtag 30.06.;
456007;03456007;Gölenkamp;Gölenkamp;Mitgliedsgemeinde;Uelsen;1998;647;LSN Z100001G, Gesamtbevölkerung, Stichtag 30.06.;
456007;03456007;Gölenkamp;Gölenkamp;Mitgliedsgemeinde;Uelsen;1999;644;LSN Z100001G, Gesamtbevölkerung, Stichtag 30.06.;
456007;03456007;Gölenkamp;Gölenkamp;Mitgliedsgemeinde;Uelsen;2000;642;LSN Z100001G, Gesamtbevölkerung, Stichtag 30.06.;39,2
456007;03456007;Gölenkamp;Gölenkamp;Mitgliedsgemeinde;Uelsen;2001;637;LSN Z100001G, Gesamtbevölkerung, Stichtag 30.06.;
456007;03456007;Gölenkamp;Gölenkamp;Mitgliedsgemeinde;Uelsen;2002;633;LSN Z100001G, Gesamtbevölkerung, Stichtag 30.06.;
456007;03456007;Gölenkamp;Gölenkamp;Mitgliedsgemeinde;Uelsen;2003;634;LSN Z100001G, Gesamtbevölkerung, Stichtag 30.06.;
456007;03456007;Gölenkamp;Gölenkamp;Mitgliedsgemeinde;Uelsen;2004;638;LSN Z100001G, Gesamtbevölkerung, Stichtag 30.06.;
456007;03456007;Gölenkamp;Gölenkamp;Mitgliedsgemeinde;Uelsen;2005;643;LSN Z100001G, Gesamtbevölkerung, Stichtag 30.06.;41,5
456007;03456007;Gölenkamp;Gölenkamp;Mitgliedsgemeinde;Uelsen;2006;632;LSN Z100001G, Gesamtbevölkerung, Stichtag 30.06.;
456007;03456007;Gölenkamp;Gölenkamp;Mitgliedsgemeinde;Uelsen;2007;630;LSN Z100001G, Gesamtbevölkerung, Stichtag 30.06.;
456007;03456007;Gölenkamp;Gölenkamp;Mitgliedsgemeinde;Uelsen;2008;617;LSN Z100001G, Gesamtbevölkerung, Stichtag 30.06.;
456007;03456007;Gölenkamp;Gölenkamp;Mitgliedsgemeinde;Uelsen;2009;626;LSN Z100001G, Gesamtbevölkerung, Stichtag 30.06.;
456007;03456007;Gölenkamp;Gölenkamp;Mitgliedsgemeinde;Uelsen;2010;627;LSN Z100001G, Gesamtbevölkerung, Stichtag 30.06.;43,3
456007;03456007;Gölenkamp;Gölenkamp;Mitgliedsgemeinde;Uelsen;2011;614;LSN Z100001G, Gesamtbevölkerung, Stichtag 30.06.;43,6
456007;03456007;Gölenkamp;Gölenkamp;Mitgliedsgemeinde;Uelsen;2012;608;LSN Z100001G, Gesamtbevölkerung, Stichtag 30.06.;44,5
456007;03456007;Gölenkamp;Gölenkamp;Mitgliedsgemeinde;Uelsen;2013;598;LSN Z100001G, Gesamtbevölkerung, Stichtag 30.06.;45,2
456007;03456007;Gölenkamp;Gölenkamp;Mitgliedsgemeinde;Uelsen;2014;582;LSN Z100001G, Gesamtbevölkerung, Stichtag 30.06.;45,6
456007;03456007;Gölenkamp;Gölenkamp;Mitgliedsgemeinde;Uelsen;2015;590;LSN Z100001G, Gesamtbevölkerung, Stichtag 30.06.;45,9
456007;03456007;Gölenkamp;Gölenkamp;Mitgliedsgemeinde;Uelsen;2016;577;LSN Z100001G, Gesamtbevölkerung, Stichtag 30.06.;46,2
456007;03456007;Gölenkamp;Gölenkamp;Mitgliedsgemeinde;Uelsen;2017;590;LSN Z100001G, Gesamtbevölkerung, Stichtag 30.06.;46,7
456007;03456007;Gölenkamp;Gölenkamp;Mitgliedsgemeinde;Uelsen;2018;588;LSN Z100001G, Gesamtbevölkerung, Stichtag 30.06.;46,8
456007;03456007;Gölenkamp;Gölenkamp;Mitgliedsgemeinde;Uelsen;2019;580;LSN Z100001G, Gesamtbevölkerung, Stichtag 30.06.;47,4
456007;03456007;Gölenkamp;Gölenkamp;Mitgliedsgemeinde;Uelsen;2020;578;LSN Z100001G, Gesamtbevölkerung, Stichtag 30.06.;47,4
456007;03456007;Gölenkamp;Gölenkamp;Mitgliedsgemeinde;Uelsen;2021;582;LSN Z100001G, Gesamtbevölkerung, Stichtag 30.06.;47,1
456007;03456007;Gölenkamp;Gölenkamp;Mitgliedsgemeinde;Uelsen;2022;585;LSN Z100001G, Gesamtbevölkerung, Stichtag 30.06.;46,4
456007;03456007;Gölenkamp;Gölenkamp;Mitgliedsgemeinde;Uelsen;2023;598;LSN Z100001G, Gesamtbevölkerung, Stichtag 30.06.;46,1
456007;03456007;Gölenkamp;Gölenkamp;Mitgliedsgemeinde;Uelsen;2024;590;LSN Z100001G, Gesamtbevölkerung, Stichtag 30.06.;46,6
456007;03456007;Gölenkamp;Gölenkamp;Mitgliedsgemeinde;Uelsen;2025;594;LSN Z100001G, Gesamtbevölkerung, Stichtag 30.06.;46,9
456007;03456007;Gölenkamp;Gölenkamp;Mitgliedsgemeinde;Uelsen;2026;589;LSN Z100001G, Gesamtbevölkerung, Stichtag 30.06.;
456008;03456008;Halle;Halle;Mitgliedsgemeinde;Uelsen;1821;528;Historische Reihe nach bisheriger Uelschen-/Historientabelle;
456008;03456008;Halle;Halle;Mitgliedsgemeinde;Uelsen;1848;554;Historische Reihe nach bisheriger Uelschen-/Historientabelle;
456008;03456008;Halle;Halle;Mitgliedsgemeinde;Uelsen;1871;546;Historische Reihe nach bisheriger Uelschen-/Historientabelle;
456008;03456008;Halle;Halle;Mitgliedsgemeinde;Uelsen;1885;538;Historische Reihe nach bisheriger Uelschen-/Historientabelle;
456008;03456008;Halle;Halle;Mitgliedsgemeinde;Uelsen;1905;610;Historische Reihe nach bisheriger Uelschen-/Historientabelle;
456008;03456008;Halle;Halle;Mitgliedsgemeinde;Uelsen;1925;716;Historische Reihe nach bisheriger Uelschen-/Historientabelle;
456008;03456008;Halle;Halle;Mitgliedsgemeinde;Uelsen;1933;689;Historische Reihe nach bisheriger Uelschen-/Historientabelle;
456008;03456008;Halle;Halle;Mitgliedsgemeinde;Uelsen;1939;700;Historische Reihe nach bisheriger Uelschen-/Historientabelle;
456008;03456008;Halle;Halle;Mitgliedsgemeinde;Uelsen;1946;853;Historische Reihe nach bisheriger Uelschen-/Historientabelle;
456008;03456008;Halle;Halle;Mitgliedsgemeinde;Uelsen;1950;928;Historische Reihe nach bisheriger Uelschen-/Historientabelle;
456008;03456008;Halle;Halle;Mitgliedsgemeinde;Uelsen;1956;826;Historische Reihe nach bisheriger Uelschen-/Historientabelle;
456008;03456008;Halle;Halle;Mitgliedsgemeinde;Uelsen;1961;773;Historische Reihe nach bisheriger Uelschen-/Historientabelle;
456008;03456008;Halle;Halle;Mitgliedsgemeinde;Uelsen;1970;765;Historische Reihe nach bisheriger Uelschen-/Historientabelle;33,1
456008;03456008;Halle;Halle;Mitgliedsgemeinde;Uelsen;1973;707;LSN Z100001G, Gesamtbevölkerung, Stichtag 30.06.;
456008;03456008;Halle;Halle;Mitgliedsgemeinde;Uelsen;1974;700;LSN Z100001G, Gesamtbevölkerung, Stichtag 30.06.;
456008;03456008;Halle;Halle;Mitgliedsgemeinde;Uelsen;1975;699;LSN Z100001G, Gesamtbevölkerung, Stichtag 30.06.;34,3
456008;03456008;Halle;Halle;Mitgliedsgemeinde;Uelsen;1976;703;LSN Z100001G, Gesamtbevölkerung, Stichtag 30.06.;
456008;03456008;Halle;Halle;Mitgliedsgemeinde;Uelsen;1977;700;LSN Z100001G, Gesamtbevölkerung, Stichtag 30.06.;
456008;03456008;Halle;Halle;Mitgliedsgemeinde;Uelsen;1978;706;LSN Z100001G, Gesamtbevölkerung, Stichtag 30.06.;
456008;03456008;Halle;Halle;Mitgliedsgemeinde;Uelsen;1979;709;LSN Z100001G, Gesamtbevölkerung, Stichtag 30.06.;
456008;03456008;Halle;Halle;Mitgliedsgemeinde;Uelsen;1980;703;LSN Z100001G, Gesamtbevölkerung, Stichtag 30.06.;35,2
456008;03456008;Halle;Halle;Mitgliedsgemeinde;Uelsen;1981;689;LSN Z100001G, Gesamtbevölkerung, Stichtag 30.06.;
456008;03456008;Halle;Halle;Mitgliedsgemeinde;Uelsen;1982;706;LSN Z100001G, Gesamtbevölkerung, Stichtag 30.06.;
456008;03456008;Halle;Halle;Mitgliedsgemeinde;Uelsen;1983;696;LSN Z100001G, Gesamtbevölkerung, Stichtag 30.06.;
456008;03456008;Halle;Halle;Mitgliedsgemeinde;Uelsen;1984;668;LSN Z100001G, Gesamtbevölkerung, Stichtag 30.06.;
456008;03456008;Halle;Halle;Mitgliedsgemeinde;Uelsen;1985;683;LSN Z100001G, Gesamtbevölkerung, Stichtag 30.06.;35,8
456008;03456008;Halle;Halle;Mitgliedsgemeinde;Uelsen;1986;687;LSN Z100001G, Gesamtbevölkerung, Stichtag 30.06.;
456008;03456008;Halle;Halle;Mitgliedsgemeinde;Uelsen;1987;703;LSN Z100001G, Gesamtbevölkerung, Stichtag 30.06.;
456008;03456008;Halle;Halle;Mitgliedsgemeinde;Uelsen;1988;700;LSN Z100001G, Gesamtbevölkerung, Stichtag 30.06.;
456008;03456008;Halle;Halle;Mitgliedsgemeinde;Uelsen;1989;700;LSN Z100001G, Gesamtbevölkerung, Stichtag 30.06.;
456008;03456008;Halle;Halle;Mitgliedsgemeinde;Uelsen;1990;708;LSN Z100001G, Gesamtbevölkerung, Stichtag 30.06.;36,1
456008;03456008;Halle;Halle;Mitgliedsgemeinde;Uelsen;1991;710;LSN Z100001G, Gesamtbevölkerung, Stichtag 30.06.;
456008;03456008;Halle;Halle;Mitgliedsgemeinde;Uelsen;1992;750;LSN Z100001G, Gesamtbevölkerung, Stichtag 30.06.;
456008;03456008;Halle;Halle;Mitgliedsgemeinde;Uelsen;1993;729;LSN Z100001G, Gesamtbevölkerung, Stichtag 30.06.;
456008;03456008;Halle;Halle;Mitgliedsgemeinde;Uelsen;1994;725;LSN Z100001G, Gesamtbevölkerung, Stichtag 30.06.;
456008;03456008;Halle;Halle;Mitgliedsgemeinde;Uelsen;1995;731;LSN Z100001G, Gesamtbevölkerung, Stichtag 30.06.;36,9
456008;03456008;Halle;Halle;Mitgliedsgemeinde;Uelsen;1996;733;LSN Z100001G, Gesamtbevölkerung, Stichtag 30.06.;
456008;03456008;Halle;Halle;Mitgliedsgemeinde;Uelsen;1997;705;LSN Z100001G, Gesamtbevölkerung, Stichtag 30.06.;
456008;03456008;Halle;Halle;Mitgliedsgemeinde;Uelsen;1998;711;LSN Z100001G, Gesamtbevölkerung, Stichtag 30.06.;
456008;03456008;Halle;Halle;Mitgliedsgemeinde;Uelsen;1999;662;LSN Z100001G, Gesamtbevölkerung, Stichtag 30.06.;
456008;03456008;Halle;Halle;Mitgliedsgemeinde;Uelsen;2000;670;LSN Z100001G, Gesamtbevölkerung, Stichtag 30.06.;39,0
456008;03456008;Halle;Halle;Mitgliedsgemeinde;Uelsen;2001;675;LSN Z100001G, Gesamtbevölkerung, Stichtag 30.06.;
456008;03456008;Halle;Halle;Mitgliedsgemeinde;Uelsen;2002;679;LSN Z100001G, Gesamtbevölkerung, Stichtag 30.06.;
456008;03456008;Halle;Halle;Mitgliedsgemeinde;Uelsen;2003;645;LSN Z100001G, Gesamtbevölkerung, Stichtag 30.06.;
456008;03456008;Halle;Halle;Mitgliedsgemeinde;Uelsen;2004;639;LSN Z100001G, Gesamtbevölkerung, Stichtag 30.06.;
456008;03456008;Halle;Halle;Mitgliedsgemeinde;Uelsen;2005;654;LSN Z100001G, Gesamtbevölkerung, Stichtag 30.06.;40,5
456008;03456008;Halle;Halle;Mitgliedsgemeinde;Uelsen;2006;675;LSN Z100001G, Gesamtbevölkerung, Stichtag 30.06.;
456008;03456008;Halle;Halle;Mitgliedsgemeinde;Uelsen;2007;662;LSN Z100001G, Gesamtbevölkerung, Stichtag 30.06.;
456008;03456008;Halle;Halle;Mitgliedsgemeinde;Uelsen;2008;653;LSN Z100001G, Gesamtbevölkerung, Stichtag 30.06.;
456008;03456008;Halle;Halle;Mitgliedsgemeinde;Uelsen;2009;656;LSN Z100001G, Gesamtbevölkerung, Stichtag 30.06.;
456008;03456008;Halle;Halle;Mitgliedsgemeinde;Uelsen;2010;653;LSN Z100001G, Gesamtbevölkerung, Stichtag 30.06.;41,1
456008;03456008;Halle;Halle;Mitgliedsgemeinde;Uelsen;2011;658;LSN Z100001G, Gesamtbevölkerung, Stichtag 30.06.;41,0
456008;03456008;Halle;Halle;Mitgliedsgemeinde;Uelsen;2012;668;LSN Z100001G, Gesamtbevölkerung, Stichtag 30.06.;41,3
456008;03456008;Halle;Halle;Mitgliedsgemeinde;Uelsen;2013;672;LSN Z100001G, Gesamtbevölkerung, Stichtag 30.06.;41,3
456008;03456008;Halle;Halle;Mitgliedsgemeinde;Uelsen;2014;667;LSN Z100001G, Gesamtbevölkerung, Stichtag 30.06.;41,8
456008;03456008;Halle;Halle;Mitgliedsgemeinde;Uelsen;2015;657;LSN Z100001G, Gesamtbevölkerung, Stichtag 30.06.;42,5
456008;03456008;Halle;Halle;Mitgliedsgemeinde;Uelsen;2016;653;LSN Z100001G, Gesamtbevölkerung, Stichtag 30.06.;42,4
456008;03456008;Halle;Halle;Mitgliedsgemeinde;Uelsen;2017;656;LSN Z100001G, Gesamtbevölkerung, Stichtag 30.06.;42,2
456008;03456008;Halle;Halle;Mitgliedsgemeinde;Uelsen;2018;665;LSN Z100001G, Gesamtbevölkerung, Stichtag 30.06.;42,8
456008;03456008;Halle;Halle;Mitgliedsgemeinde;Uelsen;2019;662;LSN Z100001G, Gesamtbevölkerung, Stichtag 30.06.;43,0
456008;03456008;Halle;Halle;Mitgliedsgemeinde;Uelsen;2020;673;LSN Z100001G, Gesamtbevölkerung, Stichtag 30.06.;42,7
456008;03456008;Halle;Halle;Mitgliedsgemeinde;Uelsen;2021;678;LSN Z100001G, Gesamtbevölkerung, Stichtag 30.06.;42,6
456008;03456008;Halle;Halle;Mitgliedsgemeinde;Uelsen;2022;680;LSN Z100001G, Gesamtbevölkerung, Stichtag 30.06.;43,4
456008;03456008;Halle;Halle;Mitgliedsgemeinde;Uelsen;2023;671;LSN Z100001G, Gesamtbevölkerung, Stichtag 30.06.;44,2
456008;03456008;Halle;Halle;Mitgliedsgemeinde;Uelsen;2024;659;LSN Z100001G, Gesamtbevölkerung, Stichtag 30.06.;45,2
456008;03456008;Halle;Halle;Mitgliedsgemeinde;Uelsen;2025;654;LSN Z100001G, Gesamtbevölkerung, Stichtag 30.06.;45,5
456008;03456008;Halle;Halle;Mitgliedsgemeinde;Uelsen;2026;650;LSN Z100001G, Gesamtbevölkerung, Stichtag 30.06.;
456009;03456009;Hoogstede;Hoogstede;Mitgliedsgemeinde;Emlichheim;1821;887;Historische Reihe nach bisheriger Uelschen-/Historientabelle;
456009;03456009;Hoogstede;Hoogstede;Mitgliedsgemeinde;Emlichheim;1848;1197;Historische Reihe nach bisheriger Uelschen-/Historientabelle;
456009;03456009;Hoogstede;Hoogstede;Mitgliedsgemeinde;Emlichheim;1871;1368;Historische Reihe nach bisheriger Uelschen-/Historientabelle;
456009;03456009;Hoogstede;Hoogstede;Mitgliedsgemeinde;Emlichheim;1885;1290;Historische Reihe nach bisheriger Uelschen-/Historientabelle;
456009;03456009;Hoogstede;Hoogstede;Mitgliedsgemeinde;Emlichheim;1905;1256;Historische Reihe nach bisheriger Uelschen-/Historientabelle;
456009;03456009;Hoogstede;Hoogstede;Mitgliedsgemeinde;Emlichheim;1925;1493;Historische Reihe nach bisheriger Uelschen-/Historientabelle;
456009;03456009;Hoogstede;Hoogstede;Mitgliedsgemeinde;Emlichheim;1933;1583;Historische Reihe nach bisheriger Uelschen-/Historientabelle;
456009;03456009;Hoogstede;Hoogstede;Mitgliedsgemeinde;Emlichheim;1939;1818;Historische Reihe nach bisheriger Uelschen-/Historientabelle;
456009;03456009;Hoogstede;Hoogstede;Mitgliedsgemeinde;Emlichheim;1946;2090;Historische Reihe nach bisheriger Uelschen-/Historientabelle;
456009;03456009;Hoogstede;Hoogstede;Mitgliedsgemeinde;Emlichheim;1950;2626;Historische Reihe nach bisheriger Uelschen-/Historientabelle;
456009;03456009;Hoogstede;Hoogstede;Mitgliedsgemeinde;Emlichheim;1956;2396;Historische Reihe nach bisheriger Uelschen-/Historientabelle;
456009;03456009;Hoogstede;Hoogstede;Mitgliedsgemeinde;Emlichheim;1961;2362;Historische Reihe nach bisheriger Uelschen-/Historientabelle;
456009;03456009;Hoogstede;Hoogstede;Mitgliedsgemeinde;Emlichheim;1970;2569;Historische Reihe nach bisheriger Uelschen-/Historientabelle;31,1
456009;03456009;Hoogstede;Hoogstede;Mitgliedsgemeinde;Emlichheim;1973;2558;LSN Z100001G, Gesamtbevölkerung, Stichtag 30.06.;
456009;03456009;Hoogstede;Hoogstede;Mitgliedsgemeinde;Emlichheim;1974;2550;LSN Z100001G, Gesamtbevölkerung, Stichtag 30.06.;
456009;03456009;Hoogstede;Hoogstede;Mitgliedsgemeinde;Emlichheim;1975;2529;LSN Z100001G, Gesamtbevölkerung, Stichtag 30.06.;32,3
456009;03456009;Hoogstede;Hoogstede;Mitgliedsgemeinde;Emlichheim;1976;2493;LSN Z100001G, Gesamtbevölkerung, Stichtag 30.06.;
456009;03456009;Hoogstede;Hoogstede;Mitgliedsgemeinde;Emlichheim;1977;2500;LSN Z100001G, Gesamtbevölkerung, Stichtag 30.06.;
456009;03456009;Hoogstede;Hoogstede;Mitgliedsgemeinde;Emlichheim;1978;2508;LSN Z100001G, Gesamtbevölkerung, Stichtag 30.06.;
456009;03456009;Hoogstede;Hoogstede;Mitgliedsgemeinde;Emlichheim;1979;2500;LSN Z100001G, Gesamtbevölkerung, Stichtag 30.06.;
456009;03456009;Hoogstede;Hoogstede;Mitgliedsgemeinde;Emlichheim;1980;2532;LSN Z100001G, Gesamtbevölkerung, Stichtag 30.06.;33,8
456009;03456009;Hoogstede;Hoogstede;Mitgliedsgemeinde;Emlichheim;1981;2534;LSN Z100001G, Gesamtbevölkerung, Stichtag 30.06.;
456009;03456009;Hoogstede;Hoogstede;Mitgliedsgemeinde;Emlichheim;1982;2573;LSN Z100001G, Gesamtbevölkerung, Stichtag 30.06.;
456009;03456009;Hoogstede;Hoogstede;Mitgliedsgemeinde;Emlichheim;1983;2562;LSN Z100001G, Gesamtbevölkerung, Stichtag 30.06.;
456009;03456009;Hoogstede;Hoogstede;Mitgliedsgemeinde;Emlichheim;1984;2573;LSN Z100001G, Gesamtbevölkerung, Stichtag 30.06.;
456009;03456009;Hoogstede;Hoogstede;Mitgliedsgemeinde;Emlichheim;1985;2591;LSN Z100001G, Gesamtbevölkerung, Stichtag 30.06.;34,5
456009;03456009;Hoogstede;Hoogstede;Mitgliedsgemeinde;Emlichheim;1986;2619;LSN Z100001G, Gesamtbevölkerung, Stichtag 30.06.;
456009;03456009;Hoogstede;Hoogstede;Mitgliedsgemeinde;Emlichheim;1987;2633;LSN Z100001G, Gesamtbevölkerung, Stichtag 30.06.;
456009;03456009;Hoogstede;Hoogstede;Mitgliedsgemeinde;Emlichheim;1988;2623;LSN Z100001G, Gesamtbevölkerung, Stichtag 30.06.;
456009;03456009;Hoogstede;Hoogstede;Mitgliedsgemeinde;Emlichheim;1989;2659;LSN Z100001G, Gesamtbevölkerung, Stichtag 30.06.;
456009;03456009;Hoogstede;Hoogstede;Mitgliedsgemeinde;Emlichheim;1990;2680;LSN Z100001G, Gesamtbevölkerung, Stichtag 30.06.;35,0
456009;03456009;Hoogstede;Hoogstede;Mitgliedsgemeinde;Emlichheim;1991;2710;LSN Z100001G, Gesamtbevölkerung, Stichtag 30.06.;
456009;03456009;Hoogstede;Hoogstede;Mitgliedsgemeinde;Emlichheim;1992;2715;LSN Z100001G, Gesamtbevölkerung, Stichtag 30.06.;
456009;03456009;Hoogstede;Hoogstede;Mitgliedsgemeinde;Emlichheim;1993;2751;LSN Z100001G, Gesamtbevölkerung, Stichtag 30.06.;
456009;03456009;Hoogstede;Hoogstede;Mitgliedsgemeinde;Emlichheim;1994;2770;LSN Z100001G, Gesamtbevölkerung, Stichtag 30.06.;
456009;03456009;Hoogstede;Hoogstede;Mitgliedsgemeinde;Emlichheim;1995;2774;LSN Z100001G, Gesamtbevölkerung, Stichtag 30.06.;36,0
456009;03456009;Hoogstede;Hoogstede;Mitgliedsgemeinde;Emlichheim;1996;2775;LSN Z100001G, Gesamtbevölkerung, Stichtag 30.06.;
456009;03456009;Hoogstede;Hoogstede;Mitgliedsgemeinde;Emlichheim;1997;2793;LSN Z100001G, Gesamtbevölkerung, Stichtag 30.06.;
456009;03456009;Hoogstede;Hoogstede;Mitgliedsgemeinde;Emlichheim;1998;2778;LSN Z100001G, Gesamtbevölkerung, Stichtag 30.06.;
456009;03456009;Hoogstede;Hoogstede;Mitgliedsgemeinde;Emlichheim;1999;2785;LSN Z100001G, Gesamtbevölkerung, Stichtag 30.06.;
456009;03456009;Hoogstede;Hoogstede;Mitgliedsgemeinde;Emlichheim;2000;2814;LSN Z100001G, Gesamtbevölkerung, Stichtag 30.06.;37,3
456009;03456009;Hoogstede;Hoogstede;Mitgliedsgemeinde;Emlichheim;2001;2837;LSN Z100001G, Gesamtbevölkerung, Stichtag 30.06.;
456009;03456009;Hoogstede;Hoogstede;Mitgliedsgemeinde;Emlichheim;2002;2874;LSN Z100001G, Gesamtbevölkerung, Stichtag 30.06.;
456009;03456009;Hoogstede;Hoogstede;Mitgliedsgemeinde;Emlichheim;2003;2856;LSN Z100001G, Gesamtbevölkerung, Stichtag 30.06.;
456009;03456009;Hoogstede;Hoogstede;Mitgliedsgemeinde;Emlichheim;2004;2849;LSN Z100001G, Gesamtbevölkerung, Stichtag 30.06.;
456009;03456009;Hoogstede;Hoogstede;Mitgliedsgemeinde;Emlichheim;2005;2859;LSN Z100001G, Gesamtbevölkerung, Stichtag 30.06.;39,0
456009;03456009;Hoogstede;Hoogstede;Mitgliedsgemeinde;Emlichheim;2006;2910;LSN Z100001G, Gesamtbevölkerung, Stichtag 30.06.;
456009;03456009;Hoogstede;Hoogstede;Mitgliedsgemeinde;Emlichheim;2007;2948;LSN Z100001G, Gesamtbevölkerung, Stichtag 30.06.;
456009;03456009;Hoogstede;Hoogstede;Mitgliedsgemeinde;Emlichheim;2008;2912;LSN Z100001G, Gesamtbevölkerung, Stichtag 30.06.;
456009;03456009;Hoogstede;Hoogstede;Mitgliedsgemeinde;Emlichheim;2009;2929;LSN Z100001G, Gesamtbevölkerung, Stichtag 30.06.;
456009;03456009;Hoogstede;Hoogstede;Mitgliedsgemeinde;Emlichheim;2010;2890;LSN Z100001G, Gesamtbevölkerung, Stichtag 30.06.;40,7
456009;03456009;Hoogstede;Hoogstede;Mitgliedsgemeinde;Emlichheim;2011;2901;LSN Z100001G, Gesamtbevölkerung, Stichtag 30.06.;40,9
456009;03456009;Hoogstede;Hoogstede;Mitgliedsgemeinde;Emlichheim;2012;2908;LSN Z100001G, Gesamtbevölkerung, Stichtag 30.06.;41,7
456009;03456009;Hoogstede;Hoogstede;Mitgliedsgemeinde;Emlichheim;2013;2882;LSN Z100001G, Gesamtbevölkerung, Stichtag 30.06.;41,8
456009;03456009;Hoogstede;Hoogstede;Mitgliedsgemeinde;Emlichheim;2014;2870;LSN Z100001G, Gesamtbevölkerung, Stichtag 30.06.;41,9
456009;03456009;Hoogstede;Hoogstede;Mitgliedsgemeinde;Emlichheim;2015;2879;LSN Z100001G, Gesamtbevölkerung, Stichtag 30.06.;42,4
456009;03456009;Hoogstede;Hoogstede;Mitgliedsgemeinde;Emlichheim;2016;2883;LSN Z100001G, Gesamtbevölkerung, Stichtag 30.06.;42,8
456009;03456009;Hoogstede;Hoogstede;Mitgliedsgemeinde;Emlichheim;2017;2890;LSN Z100001G, Gesamtbevölkerung, Stichtag 30.06.;42,8
456009;03456009;Hoogstede;Hoogstede;Mitgliedsgemeinde;Emlichheim;2018;2889;LSN Z100001G, Gesamtbevölkerung, Stichtag 30.06.;43,1
456009;03456009;Hoogstede;Hoogstede;Mitgliedsgemeinde;Emlichheim;2019;2848;LSN Z100001G, Gesamtbevölkerung, Stichtag 30.06.;43,2
456009;03456009;Hoogstede;Hoogstede;Mitgliedsgemeinde;Emlichheim;2020;2844;LSN Z100001G, Gesamtbevölkerung, Stichtag 30.06.;43,5
456009;03456009;Hoogstede;Hoogstede;Mitgliedsgemeinde;Emlichheim;2021;2895;LSN Z100001G, Gesamtbevölkerung, Stichtag 30.06.;43,9
456009;03456009;Hoogstede;Hoogstede;Mitgliedsgemeinde;Emlichheim;2022;2873;LSN Z100001G, Gesamtbevölkerung, Stichtag 30.06.;44,5
456009;03456009;Hoogstede;Hoogstede;Mitgliedsgemeinde;Emlichheim;2023;2902;LSN Z100001G, Gesamtbevölkerung, Stichtag 30.06.;44,5
456009;03456009;Hoogstede;Hoogstede;Mitgliedsgemeinde;Emlichheim;2024;2915;LSN Z100001G, Gesamtbevölkerung, Stichtag 30.06.;44,9
456009;03456009;Hoogstede;Hoogstede;Mitgliedsgemeinde;Emlichheim;2025;2892;LSN Z100001G, Gesamtbevölkerung, Stichtag 30.06.;45,3
456009;03456009;Hoogstede;Hoogstede;Mitgliedsgemeinde;Emlichheim;2026;2901;LSN Z100001G, Gesamtbevölkerung, Stichtag 30.06.;
456010;03456010;Isterberg;Isterberg;Mitgliedsgemeinde;Schüttorf;1821;515;Historische Reihe nach bisheriger Uelschen-/Historientabelle;
456010;03456010;Isterberg;Isterberg;Mitgliedsgemeinde;Schüttorf;1848;534;Historische Reihe nach bisheriger Uelschen-/Historientabelle;
456010;03456010;Isterberg;Isterberg;Mitgliedsgemeinde;Schüttorf;1871;551;Historische Reihe nach bisheriger Uelschen-/Historientabelle;
456010;03456010;Isterberg;Isterberg;Mitgliedsgemeinde;Schüttorf;1885;506;Historische Reihe nach bisheriger Uelschen-/Historientabelle;
456010;03456010;Isterberg;Isterberg;Mitgliedsgemeinde;Schüttorf;1905;502;Historische Reihe nach bisheriger Uelschen-/Historientabelle;
456010;03456010;Isterberg;Isterberg;Mitgliedsgemeinde;Schüttorf;1925;599;Historische Reihe nach bisheriger Uelschen-/Historientabelle;
456010;03456010;Isterberg;Isterberg;Mitgliedsgemeinde;Schüttorf;1933;607;Historische Reihe nach bisheriger Uelschen-/Historientabelle;
456010;03456010;Isterberg;Isterberg;Mitgliedsgemeinde;Schüttorf;1939;619;Historische Reihe nach bisheriger Uelschen-/Historientabelle;
456010;03456010;Isterberg;Isterberg;Mitgliedsgemeinde;Schüttorf;1946;822;Historische Reihe nach bisheriger Uelschen-/Historientabelle;
456010;03456010;Isterberg;Isterberg;Mitgliedsgemeinde;Schüttorf;1950;858;Historische Reihe nach bisheriger Uelschen-/Historientabelle;
456010;03456010;Isterberg;Isterberg;Mitgliedsgemeinde;Schüttorf;1956;757;Historische Reihe nach bisheriger Uelschen-/Historientabelle;
456010;03456010;Isterberg;Isterberg;Mitgliedsgemeinde;Schüttorf;1961;740;Historische Reihe nach bisheriger Uelschen-/Historientabelle;
456010;03456010;Isterberg;Isterberg;Mitgliedsgemeinde;Schüttorf;1970;729;Historische Reihe nach bisheriger Uelschen-/Historientabelle;31,9
456010;03456010;Isterberg;Isterberg;Mitgliedsgemeinde;Schüttorf;1973;734;LSN Z100001G, Gesamtbevölkerung, Stichtag 30.06.;
456010;03456010;Isterberg;Isterberg;Mitgliedsgemeinde;Schüttorf;1974;718;LSN Z100001G, Gesamtbevölkerung, Stichtag 30.06.;
456010;03456010;Isterberg;Isterberg;Mitgliedsgemeinde;Schüttorf;1975;671;LSN Z100001G, Gesamtbevölkerung, Stichtag 30.06.;34,3
456010;03456010;Isterberg;Isterberg;Mitgliedsgemeinde;Schüttorf;1976;668;LSN Z100001G, Gesamtbevölkerung, Stichtag 30.06.;
456010;03456010;Isterberg;Isterberg;Mitgliedsgemeinde;Schüttorf;1977;667;LSN Z100001G, Gesamtbevölkerung, Stichtag 30.06.;
456010;03456010;Isterberg;Isterberg;Mitgliedsgemeinde;Schüttorf;1978;641;LSN Z100001G, Gesamtbevölkerung, Stichtag 30.06.;
456010;03456010;Isterberg;Isterberg;Mitgliedsgemeinde;Schüttorf;1979;639;LSN Z100001G, Gesamtbevölkerung, Stichtag 30.06.;
456010;03456010;Isterberg;Isterberg;Mitgliedsgemeinde;Schüttorf;1980;636;LSN Z100001G, Gesamtbevölkerung, Stichtag 30.06.;36,1
456010;03456010;Isterberg;Isterberg;Mitgliedsgemeinde;Schüttorf;1981;628;LSN Z100001G, Gesamtbevölkerung, Stichtag 30.06.;
456010;03456010;Isterberg;Isterberg;Mitgliedsgemeinde;Schüttorf;1982;631;LSN Z100001G, Gesamtbevölkerung, Stichtag 30.06.;
456010;03456010;Isterberg;Isterberg;Mitgliedsgemeinde;Schüttorf;1983;628;LSN Z100001G, Gesamtbevölkerung, Stichtag 30.06.;
456010;03456010;Isterberg;Isterberg;Mitgliedsgemeinde;Schüttorf;1984;629;LSN Z100001G, Gesamtbevölkerung, Stichtag 30.06.;
456010;03456010;Isterberg;Isterberg;Mitgliedsgemeinde;Schüttorf;1985;623;LSN Z100001G, Gesamtbevölkerung, Stichtag 30.06.;36,9
456010;03456010;Isterberg;Isterberg;Mitgliedsgemeinde;Schüttorf;1986;626;LSN Z100001G, Gesamtbevölkerung, Stichtag 30.06.;
456010;03456010;Isterberg;Isterberg;Mitgliedsgemeinde;Schüttorf;1987;644;LSN Z100001G, Gesamtbevölkerung, Stichtag 30.06.;
456010;03456010;Isterberg;Isterberg;Mitgliedsgemeinde;Schüttorf;1988;639;LSN Z100001G, Gesamtbevölkerung, Stichtag 30.06.;
456010;03456010;Isterberg;Isterberg;Mitgliedsgemeinde;Schüttorf;1989;628;LSN Z100001G, Gesamtbevölkerung, Stichtag 30.06.;
456010;03456010;Isterberg;Isterberg;Mitgliedsgemeinde;Schüttorf;1990;646;LSN Z100001G, Gesamtbevölkerung, Stichtag 30.06.;37,9
456010;03456010;Isterberg;Isterberg;Mitgliedsgemeinde;Schüttorf;1991;647;LSN Z100001G, Gesamtbevölkerung, Stichtag 30.06.;
456010;03456010;Isterberg;Isterberg;Mitgliedsgemeinde;Schüttorf;1992;641;LSN Z100001G, Gesamtbevölkerung, Stichtag 30.06.;
456010;03456010;Isterberg;Isterberg;Mitgliedsgemeinde;Schüttorf;1993;651;LSN Z100001G, Gesamtbevölkerung, Stichtag 30.06.;
456010;03456010;Isterberg;Isterberg;Mitgliedsgemeinde;Schüttorf;1994;633;LSN Z100001G, Gesamtbevölkerung, Stichtag 30.06.;
456010;03456010;Isterberg;Isterberg;Mitgliedsgemeinde;Schüttorf;1995;635;LSN Z100001G, Gesamtbevölkerung, Stichtag 30.06.;39,5
456010;03456010;Isterberg;Isterberg;Mitgliedsgemeinde;Schüttorf;1996;634;LSN Z100001G, Gesamtbevölkerung, Stichtag 30.06.;
456010;03456010;Isterberg;Isterberg;Mitgliedsgemeinde;Schüttorf;1997;641;LSN Z100001G, Gesamtbevölkerung, Stichtag 30.06.;
456010;03456010;Isterberg;Isterberg;Mitgliedsgemeinde;Schüttorf;1998;639;LSN Z100001G, Gesamtbevölkerung, Stichtag 30.06.;
456010;03456010;Isterberg;Isterberg;Mitgliedsgemeinde;Schüttorf;1999;634;LSN Z100001G, Gesamtbevölkerung, Stichtag 30.06.;
456010;03456010;Isterberg;Isterberg;Mitgliedsgemeinde;Schüttorf;2000;637;LSN Z100001G, Gesamtbevölkerung, Stichtag 30.06.;39,7
456010;03456010;Isterberg;Isterberg;Mitgliedsgemeinde;Schüttorf;2001;636;LSN Z100001G, Gesamtbevölkerung, Stichtag 30.06.;
456010;03456010;Isterberg;Isterberg;Mitgliedsgemeinde;Schüttorf;2002;625;LSN Z100001G, Gesamtbevölkerung, Stichtag 30.06.;
456010;03456010;Isterberg;Isterberg;Mitgliedsgemeinde;Schüttorf;2003;628;LSN Z100001G, Gesamtbevölkerung, Stichtag 30.06.;
456010;03456010;Isterberg;Isterberg;Mitgliedsgemeinde;Schüttorf;2004;612;LSN Z100001G, Gesamtbevölkerung, Stichtag 30.06.;
456010;03456010;Isterberg;Isterberg;Mitgliedsgemeinde;Schüttorf;2005;615;LSN Z100001G, Gesamtbevölkerung, Stichtag 30.06.;41,2
456010;03456010;Isterberg;Isterberg;Mitgliedsgemeinde;Schüttorf;2006;627;LSN Z100001G, Gesamtbevölkerung, Stichtag 30.06.;
456010;03456010;Isterberg;Isterberg;Mitgliedsgemeinde;Schüttorf;2007;636;LSN Z100001G, Gesamtbevölkerung, Stichtag 30.06.;
456010;03456010;Isterberg;Isterberg;Mitgliedsgemeinde;Schüttorf;2008;636;LSN Z100001G, Gesamtbevölkerung, Stichtag 30.06.;
456010;03456010;Isterberg;Isterberg;Mitgliedsgemeinde;Schüttorf;2009;614;LSN Z100001G, Gesamtbevölkerung, Stichtag 30.06.;
456010;03456010;Isterberg;Isterberg;Mitgliedsgemeinde;Schüttorf;2010;606;LSN Z100001G, Gesamtbevölkerung, Stichtag 30.06.;42,2
456010;03456010;Isterberg;Isterberg;Mitgliedsgemeinde;Schüttorf;2011;607;LSN Z100001G, Gesamtbevölkerung, Stichtag 30.06.;42,9
456010;03456010;Isterberg;Isterberg;Mitgliedsgemeinde;Schüttorf;2012;587;LSN Z100001G, Gesamtbevölkerung, Stichtag 30.06.;43,1
456010;03456010;Isterberg;Isterberg;Mitgliedsgemeinde;Schüttorf;2013;586;LSN Z100001G, Gesamtbevölkerung, Stichtag 30.06.;43,4
456010;03456010;Isterberg;Isterberg;Mitgliedsgemeinde;Schüttorf;2014;581;LSN Z100001G, Gesamtbevölkerung, Stichtag 30.06.;43,8
456010;03456010;Isterberg;Isterberg;Mitgliedsgemeinde;Schüttorf;2015;579;LSN Z100001G, Gesamtbevölkerung, Stichtag 30.06.;44,3
456010;03456010;Isterberg;Isterberg;Mitgliedsgemeinde;Schüttorf;2016;578;LSN Z100001G, Gesamtbevölkerung, Stichtag 30.06.;43,9
456010;03456010;Isterberg;Isterberg;Mitgliedsgemeinde;Schüttorf;2017;592;LSN Z100001G, Gesamtbevölkerung, Stichtag 30.06.;43,5
456010;03456010;Isterberg;Isterberg;Mitgliedsgemeinde;Schüttorf;2018;580;LSN Z100001G, Gesamtbevölkerung, Stichtag 30.06.;43,8
456010;03456010;Isterberg;Isterberg;Mitgliedsgemeinde;Schüttorf;2019;569;LSN Z100001G, Gesamtbevölkerung, Stichtag 30.06.;44,1
456010;03456010;Isterberg;Isterberg;Mitgliedsgemeinde;Schüttorf;2020;579;LSN Z100001G, Gesamtbevölkerung, Stichtag 30.06.;44,1
456010;03456010;Isterberg;Isterberg;Mitgliedsgemeinde;Schüttorf;2021;576;LSN Z100001G, Gesamtbevölkerung, Stichtag 30.06.;44,4
456010;03456010;Isterberg;Isterberg;Mitgliedsgemeinde;Schüttorf;2022;632;LSN Z100001G, Gesamtbevölkerung, Stichtag 30.06.;44,6
456010;03456010;Isterberg;Isterberg;Mitgliedsgemeinde;Schüttorf;2023;643;LSN Z100001G, Gesamtbevölkerung, Stichtag 30.06.;44,3
456010;03456010;Isterberg;Isterberg;Mitgliedsgemeinde;Schüttorf;2024;638;LSN Z100001G, Gesamtbevölkerung, Stichtag 30.06.;44,2
456010;03456010;Isterberg;Isterberg;Mitgliedsgemeinde;Schüttorf;2025;625;LSN Z100001G, Gesamtbevölkerung, Stichtag 30.06.;44,7
456010;03456010;Isterberg;Isterberg;Mitgliedsgemeinde;Schüttorf;2026;631;LSN Z100001G, Gesamtbevölkerung, Stichtag 30.06.;
456011;03456011;Itterbeck;Itterbeck;Mitgliedsgemeinde;Uelsen;1821;268;Historische Reihe nach bisheriger Uelschen-/Historientabelle;
456011;03456011;Itterbeck;Itterbeck;Mitgliedsgemeinde;Uelsen;1848;262;Historische Reihe nach bisheriger Uelschen-/Historientabelle;
456011;03456011;Itterbeck;Itterbeck;Mitgliedsgemeinde;Uelsen;1871;646;Historische Reihe nach bisheriger Uelschen-/Historientabelle;
456011;03456011;Itterbeck;Itterbeck;Mitgliedsgemeinde;Uelsen;1885;791;Historische Reihe nach bisheriger Uelschen-/Historientabelle;
456011;03456011;Itterbeck;Itterbeck;Mitgliedsgemeinde;Uelsen;1905;894;Historische Reihe nach bisheriger Uelschen-/Historientabelle;
456011;03456011;Itterbeck;Itterbeck;Mitgliedsgemeinde;Uelsen;1925;1050;Historische Reihe nach bisheriger Uelschen-/Historientabelle;
456011;03456011;Itterbeck;Itterbeck;Mitgliedsgemeinde;Uelsen;1933;1035;Historische Reihe nach bisheriger Uelschen-/Historientabelle;
456011;03456011;Itterbeck;Itterbeck;Mitgliedsgemeinde;Uelsen;1939;1095;Historische Reihe nach bisheriger Uelschen-/Historientabelle;
456011;03456011;Itterbeck;Itterbeck;Mitgliedsgemeinde;Uelsen;1946;1375;Historische Reihe nach bisheriger Uelschen-/Historientabelle;
456011;03456011;Itterbeck;Itterbeck;Mitgliedsgemeinde;Uelsen;1950;1322;Historische Reihe nach bisheriger Uelschen-/Historientabelle;
456011;03456011;Itterbeck;Itterbeck;Mitgliedsgemeinde;Uelsen;1956;1214;Historische Reihe nach bisheriger Uelschen-/Historientabelle;
456011;03456011;Itterbeck;Itterbeck;Mitgliedsgemeinde;Uelsen;1961;1201;Historische Reihe nach bisheriger Uelschen-/Historientabelle;
456011;03456011;Itterbeck;Itterbeck;Mitgliedsgemeinde;Uelsen;1970;1343;Historische Reihe nach bisheriger Uelschen-/Historientabelle;30,8
456011;03456011;Itterbeck;Itterbeck;Mitgliedsgemeinde;Uelsen;1973;1400;LSN Z100001G, Gesamtbevölkerung, Stichtag 30.06.;
456011;03456011;Itterbeck;Itterbeck;Mitgliedsgemeinde;Uelsen;1974;1440;LSN Z100001G, Gesamtbevölkerung, Stichtag 30.06.;
456011;03456011;Itterbeck;Itterbeck;Mitgliedsgemeinde;Uelsen;1975;1446;LSN Z100001G, Gesamtbevölkerung, Stichtag 30.06.;31,1
456011;03456011;Itterbeck;Itterbeck;Mitgliedsgemeinde;Uelsen;1976;1452;LSN Z100001G, Gesamtbevölkerung, Stichtag 30.06.;
456011;03456011;Itterbeck;Itterbeck;Mitgliedsgemeinde;Uelsen;1977;1452;LSN Z100001G, Gesamtbevölkerung, Stichtag 30.06.;
456011;03456011;Itterbeck;Itterbeck;Mitgliedsgemeinde;Uelsen;1978;1460;LSN Z100001G, Gesamtbevölkerung, Stichtag 30.06.;
456011;03456011;Itterbeck;Itterbeck;Mitgliedsgemeinde;Uelsen;1979;1484;LSN Z100001G, Gesamtbevölkerung, Stichtag 30.06.;
456011;03456011;Itterbeck;Itterbeck;Mitgliedsgemeinde;Uelsen;1980;1502;LSN Z100001G, Gesamtbevölkerung, Stichtag 30.06.;31,7
456011;03456011;Itterbeck;Itterbeck;Mitgliedsgemeinde;Uelsen;1981;1532;LSN Z100001G, Gesamtbevölkerung, Stichtag 30.06.;
456011;03456011;Itterbeck;Itterbeck;Mitgliedsgemeinde;Uelsen;1982;1542;LSN Z100001G, Gesamtbevölkerung, Stichtag 30.06.;
456011;03456011;Itterbeck;Itterbeck;Mitgliedsgemeinde;Uelsen;1983;1573;LSN Z100001G, Gesamtbevölkerung, Stichtag 30.06.;
456011;03456011;Itterbeck;Itterbeck;Mitgliedsgemeinde;Uelsen;1984;1603;LSN Z100001G, Gesamtbevölkerung, Stichtag 30.06.;
456011;03456011;Itterbeck;Itterbeck;Mitgliedsgemeinde;Uelsen;1985;1606;LSN Z100001G, Gesamtbevölkerung, Stichtag 30.06.;32,9
456011;03456011;Itterbeck;Itterbeck;Mitgliedsgemeinde;Uelsen;1986;1604;LSN Z100001G, Gesamtbevölkerung, Stichtag 30.06.;
456011;03456011;Itterbeck;Itterbeck;Mitgliedsgemeinde;Uelsen;1987;1623;LSN Z100001G, Gesamtbevölkerung, Stichtag 30.06.;
456011;03456011;Itterbeck;Itterbeck;Mitgliedsgemeinde;Uelsen;1988;1645;LSN Z100001G, Gesamtbevölkerung, Stichtag 30.06.;
456011;03456011;Itterbeck;Itterbeck;Mitgliedsgemeinde;Uelsen;1989;1657;LSN Z100001G, Gesamtbevölkerung, Stichtag 30.06.;
456011;03456011;Itterbeck;Itterbeck;Mitgliedsgemeinde;Uelsen;1990;1665;LSN Z100001G, Gesamtbevölkerung, Stichtag 30.06.;33,7
456011;03456011;Itterbeck;Itterbeck;Mitgliedsgemeinde;Uelsen;1991;1677;LSN Z100001G, Gesamtbevölkerung, Stichtag 30.06.;
456011;03456011;Itterbeck;Itterbeck;Mitgliedsgemeinde;Uelsen;1992;1682;LSN Z100001G, Gesamtbevölkerung, Stichtag 30.06.;
456011;03456011;Itterbeck;Itterbeck;Mitgliedsgemeinde;Uelsen;1993;1691;LSN Z100001G, Gesamtbevölkerung, Stichtag 30.06.;
456011;03456011;Itterbeck;Itterbeck;Mitgliedsgemeinde;Uelsen;1994;1685;LSN Z100001G, Gesamtbevölkerung, Stichtag 30.06.;
456011;03456011;Itterbeck;Itterbeck;Mitgliedsgemeinde;Uelsen;1995;1702;LSN Z100001G, Gesamtbevölkerung, Stichtag 30.06.;35,1
456011;03456011;Itterbeck;Itterbeck;Mitgliedsgemeinde;Uelsen;1996;1682;LSN Z100001G, Gesamtbevölkerung, Stichtag 30.06.;
456011;03456011;Itterbeck;Itterbeck;Mitgliedsgemeinde;Uelsen;1997;1676;LSN Z100001G, Gesamtbevölkerung, Stichtag 30.06.;
456011;03456011;Itterbeck;Itterbeck;Mitgliedsgemeinde;Uelsen;1998;1671;LSN Z100001G, Gesamtbevölkerung, Stichtag 30.06.;
456011;03456011;Itterbeck;Itterbeck;Mitgliedsgemeinde;Uelsen;1999;1678;LSN Z100001G, Gesamtbevölkerung, Stichtag 30.06.;
456011;03456011;Itterbeck;Itterbeck;Mitgliedsgemeinde;Uelsen;2000;1685;LSN Z100001G, Gesamtbevölkerung, Stichtag 30.06.;36,8
456011;03456011;Itterbeck;Itterbeck;Mitgliedsgemeinde;Uelsen;2001;1724;LSN Z100001G, Gesamtbevölkerung, Stichtag 30.06.;
456011;03456011;Itterbeck;Itterbeck;Mitgliedsgemeinde;Uelsen;2002;1761;LSN Z100001G, Gesamtbevölkerung, Stichtag 30.06.;
456011;03456011;Itterbeck;Itterbeck;Mitgliedsgemeinde;Uelsen;2003;1781;LSN Z100001G, Gesamtbevölkerung, Stichtag 30.06.;
456011;03456011;Itterbeck;Itterbeck;Mitgliedsgemeinde;Uelsen;2004;1794;LSN Z100001G, Gesamtbevölkerung, Stichtag 30.06.;
456011;03456011;Itterbeck;Itterbeck;Mitgliedsgemeinde;Uelsen;2005;1799;LSN Z100001G, Gesamtbevölkerung, Stichtag 30.06.;38,3
456011;03456011;Itterbeck;Itterbeck;Mitgliedsgemeinde;Uelsen;2006;1798;LSN Z100001G, Gesamtbevölkerung, Stichtag 30.06.;
456011;03456011;Itterbeck;Itterbeck;Mitgliedsgemeinde;Uelsen;2007;1751;LSN Z100001G, Gesamtbevölkerung, Stichtag 30.06.;
456011;03456011;Itterbeck;Itterbeck;Mitgliedsgemeinde;Uelsen;2008;1779;LSN Z100001G, Gesamtbevölkerung, Stichtag 30.06.;
456011;03456011;Itterbeck;Itterbeck;Mitgliedsgemeinde;Uelsen;2009;1785;LSN Z100001G, Gesamtbevölkerung, Stichtag 30.06.;
456011;03456011;Itterbeck;Itterbeck;Mitgliedsgemeinde;Uelsen;2010;1778;LSN Z100001G, Gesamtbevölkerung, Stichtag 30.06.;40,4
456011;03456011;Itterbeck;Itterbeck;Mitgliedsgemeinde;Uelsen;2011;1817;LSN Z100001G, Gesamtbevölkerung, Stichtag 30.06.;40,3
456011;03456011;Itterbeck;Itterbeck;Mitgliedsgemeinde;Uelsen;2012;1797;LSN Z100001G, Gesamtbevölkerung, Stichtag 30.06.;40,8
456011;03456011;Itterbeck;Itterbeck;Mitgliedsgemeinde;Uelsen;2013;1774;LSN Z100001G, Gesamtbevölkerung, Stichtag 30.06.;41,2
456011;03456011;Itterbeck;Itterbeck;Mitgliedsgemeinde;Uelsen;2014;1767;LSN Z100001G, Gesamtbevölkerung, Stichtag 30.06.;41,7
456011;03456011;Itterbeck;Itterbeck;Mitgliedsgemeinde;Uelsen;2015;1745;LSN Z100001G, Gesamtbevölkerung, Stichtag 30.06.;41,9
456011;03456011;Itterbeck;Itterbeck;Mitgliedsgemeinde;Uelsen;2016;1765;LSN Z100001G, Gesamtbevölkerung, Stichtag 30.06.;42,1
456011;03456011;Itterbeck;Itterbeck;Mitgliedsgemeinde;Uelsen;2017;1776;LSN Z100001G, Gesamtbevölkerung, Stichtag 30.06.;42,3
456011;03456011;Itterbeck;Itterbeck;Mitgliedsgemeinde;Uelsen;2018;1761;LSN Z100001G, Gesamtbevölkerung, Stichtag 30.06.;43,0
456011;03456011;Itterbeck;Itterbeck;Mitgliedsgemeinde;Uelsen;2019;1772;LSN Z100001G, Gesamtbevölkerung, Stichtag 30.06.;43,7
456011;03456011;Itterbeck;Itterbeck;Mitgliedsgemeinde;Uelsen;2020;1732;LSN Z100001G, Gesamtbevölkerung, Stichtag 30.06.;44,1
456011;03456011;Itterbeck;Itterbeck;Mitgliedsgemeinde;Uelsen;2021;1758;LSN Z100001G, Gesamtbevölkerung, Stichtag 30.06.;44,3
456011;03456011;Itterbeck;Itterbeck;Mitgliedsgemeinde;Uelsen;2022;1726;LSN Z100001G, Gesamtbevölkerung, Stichtag 30.06.;44,7
456011;03456011;Itterbeck;Itterbeck;Mitgliedsgemeinde;Uelsen;2023;1729;LSN Z100001G, Gesamtbevölkerung, Stichtag 30.06.;45,6
456011;03456011;Itterbeck;Itterbeck;Mitgliedsgemeinde;Uelsen;2024;1706;LSN Z100001G, Gesamtbevölkerung, Stichtag 30.06.;46,0
456011;03456011;Itterbeck;Itterbeck;Mitgliedsgemeinde;Uelsen;2025;1694;LSN Z100001G, Gesamtbevölkerung, Stichtag 30.06.;45,9
456011;03456011;Itterbeck;Itterbeck;Mitgliedsgemeinde;Uelsen;2026;1700;LSN Z100001G, Gesamtbevölkerung, Stichtag 30.06.;
456012;03456012;Laar;Laar;Mitgliedsgemeinde;Emlichheim;1821;1062;Historische Reihe nach bisheriger Uelschen-/Historientabelle;
456012;03456012;Laar;Laar;Mitgliedsgemeinde;Emlichheim;1848;1338;Historische Reihe nach bisheriger Uelschen-/Historientabelle;
456012;03456012;Laar;Laar;Mitgliedsgemeinde;Emlichheim;1871;1343;Historische Reihe nach bisheriger Uelschen-/Historientabelle;
456012;03456012;Laar;Laar;Mitgliedsgemeinde;Emlichheim;1885;1261;Historische Reihe nach bisheriger Uelschen-/Historientabelle;
456012;03456012;Laar;Laar;Mitgliedsgemeinde;Emlichheim;1905;1313;Historische Reihe nach bisheriger Uelschen-/Historientabelle;
456012;03456012;Laar;Laar;Mitgliedsgemeinde;Emlichheim;1925;1549;Historische Reihe nach bisheriger Uelschen-/Historientabelle;
456012;03456012;Laar;Laar;Mitgliedsgemeinde;Emlichheim;1933;1731;Historische Reihe nach bisheriger Uelschen-/Historientabelle;
456012;03456012;Laar;Laar;Mitgliedsgemeinde;Emlichheim;1939;2229;Historische Reihe nach bisheriger Uelschen-/Historientabelle;
456012;03456012;Laar;Laar;Mitgliedsgemeinde;Emlichheim;1946;2309;Historische Reihe nach bisheriger Uelschen-/Historientabelle;
456012;03456012;Laar;Laar;Mitgliedsgemeinde;Emlichheim;1950;2465;Historische Reihe nach bisheriger Uelschen-/Historientabelle;
456012;03456012;Laar;Laar;Mitgliedsgemeinde;Emlichheim;1956;2152;Historische Reihe nach bisheriger Uelschen-/Historientabelle;
456012;03456012;Laar;Laar;Mitgliedsgemeinde;Emlichheim;1961;2211;Historische Reihe nach bisheriger Uelschen-/Historientabelle;
456012;03456012;Laar;Laar;Mitgliedsgemeinde;Emlichheim;1970;2211;Historische Reihe nach bisheriger Uelschen-/Historientabelle;32,8
456012;03456012;Laar;Laar;Mitgliedsgemeinde;Emlichheim;1973;2228;LSN Z100001G, Gesamtbevölkerung, Stichtag 30.06.;
456012;03456012;Laar;Laar;Mitgliedsgemeinde;Emlichheim;1974;2210;LSN Z100001G, Gesamtbevölkerung, Stichtag 30.06.;
456012;03456012;Laar;Laar;Mitgliedsgemeinde;Emlichheim;1975;2180;LSN Z100001G, Gesamtbevölkerung, Stichtag 30.06.;33,5
456012;03456012;Laar;Laar;Mitgliedsgemeinde;Emlichheim;1976;2164;LSN Z100001G, Gesamtbevölkerung, Stichtag 30.06.;
456012;03456012;Laar;Laar;Mitgliedsgemeinde;Emlichheim;1977;2187;LSN Z100001G, Gesamtbevölkerung, Stichtag 30.06.;
456012;03456012;Laar;Laar;Mitgliedsgemeinde;Emlichheim;1978;2161;LSN Z100001G, Gesamtbevölkerung, Stichtag 30.06.;
456012;03456012;Laar;Laar;Mitgliedsgemeinde;Emlichheim;1979;2171;LSN Z100001G, Gesamtbevölkerung, Stichtag 30.06.;
456012;03456012;Laar;Laar;Mitgliedsgemeinde;Emlichheim;1980;2171;LSN Z100001G, Gesamtbevölkerung, Stichtag 30.06.;33,5
456012;03456012;Laar;Laar;Mitgliedsgemeinde;Emlichheim;1981;2125;LSN Z100001G, Gesamtbevölkerung, Stichtag 30.06.;
456012;03456012;Laar;Laar;Mitgliedsgemeinde;Emlichheim;1982;2117;LSN Z100001G, Gesamtbevölkerung, Stichtag 30.06.;
456012;03456012;Laar;Laar;Mitgliedsgemeinde;Emlichheim;1983;2151;LSN Z100001G, Gesamtbevölkerung, Stichtag 30.06.;
456012;03456012;Laar;Laar;Mitgliedsgemeinde;Emlichheim;1984;2122;LSN Z100001G, Gesamtbevölkerung, Stichtag 30.06.;
456012;03456012;Laar;Laar;Mitgliedsgemeinde;Emlichheim;1985;2097;LSN Z100001G, Gesamtbevölkerung, Stichtag 30.06.;34,3
456012;03456012;Laar;Laar;Mitgliedsgemeinde;Emlichheim;1986;2102;LSN Z100001G, Gesamtbevölkerung, Stichtag 30.06.;
456012;03456012;Laar;Laar;Mitgliedsgemeinde;Emlichheim;1987;2115;LSN Z100001G, Gesamtbevölkerung, Stichtag 30.06.;
456012;03456012;Laar;Laar;Mitgliedsgemeinde;Emlichheim;1988;2112;LSN Z100001G, Gesamtbevölkerung, Stichtag 30.06.;
456012;03456012;Laar;Laar;Mitgliedsgemeinde;Emlichheim;1989;2097;LSN Z100001G, Gesamtbevölkerung, Stichtag 30.06.;
456012;03456012;Laar;Laar;Mitgliedsgemeinde;Emlichheim;1990;2096;LSN Z100001G, Gesamtbevölkerung, Stichtag 30.06.;35,3
456012;03456012;Laar;Laar;Mitgliedsgemeinde;Emlichheim;1991;2090;LSN Z100001G, Gesamtbevölkerung, Stichtag 30.06.;
456012;03456012;Laar;Laar;Mitgliedsgemeinde;Emlichheim;1992;2099;LSN Z100001G, Gesamtbevölkerung, Stichtag 30.06.;
456012;03456012;Laar;Laar;Mitgliedsgemeinde;Emlichheim;1993;2118;LSN Z100001G, Gesamtbevölkerung, Stichtag 30.06.;
456012;03456012;Laar;Laar;Mitgliedsgemeinde;Emlichheim;1994;2083;LSN Z100001G, Gesamtbevölkerung, Stichtag 30.06.;
456012;03456012;Laar;Laar;Mitgliedsgemeinde;Emlichheim;1995;2092;LSN Z100001G, Gesamtbevölkerung, Stichtag 30.06.;36,5
456012;03456012;Laar;Laar;Mitgliedsgemeinde;Emlichheim;1996;2114;LSN Z100001G, Gesamtbevölkerung, Stichtag 30.06.;
456012;03456012;Laar;Laar;Mitgliedsgemeinde;Emlichheim;1997;2114;LSN Z100001G, Gesamtbevölkerung, Stichtag 30.06.;
456012;03456012;Laar;Laar;Mitgliedsgemeinde;Emlichheim;1998;2074;LSN Z100001G, Gesamtbevölkerung, Stichtag 30.06.;
456012;03456012;Laar;Laar;Mitgliedsgemeinde;Emlichheim;1999;2089;LSN Z100001G, Gesamtbevölkerung, Stichtag 30.06.;
456012;03456012;Laar;Laar;Mitgliedsgemeinde;Emlichheim;2000;2087;LSN Z100001G, Gesamtbevölkerung, Stichtag 30.06.;38,0
456012;03456012;Laar;Laar;Mitgliedsgemeinde;Emlichheim;2001;2098;LSN Z100001G, Gesamtbevölkerung, Stichtag 30.06.;
456012;03456012;Laar;Laar;Mitgliedsgemeinde;Emlichheim;2002;2140;LSN Z100001G, Gesamtbevölkerung, Stichtag 30.06.;
456012;03456012;Laar;Laar;Mitgliedsgemeinde;Emlichheim;2003;2131;LSN Z100001G, Gesamtbevölkerung, Stichtag 30.06.;
456012;03456012;Laar;Laar;Mitgliedsgemeinde;Emlichheim;2004;2150;LSN Z100001G, Gesamtbevölkerung, Stichtag 30.06.;
456012;03456012;Laar;Laar;Mitgliedsgemeinde;Emlichheim;2005;2184;LSN Z100001G, Gesamtbevölkerung, Stichtag 30.06.;38,0
456012;03456012;Laar;Laar;Mitgliedsgemeinde;Emlichheim;2006;2265;LSN Z100001G, Gesamtbevölkerung, Stichtag 30.06.;
456012;03456012;Laar;Laar;Mitgliedsgemeinde;Emlichheim;2007;2220;LSN Z100001G, Gesamtbevölkerung, Stichtag 30.06.;
456012;03456012;Laar;Laar;Mitgliedsgemeinde;Emlichheim;2008;2221;LSN Z100001G, Gesamtbevölkerung, Stichtag 30.06.;
456012;03456012;Laar;Laar;Mitgliedsgemeinde;Emlichheim;2009;2202;LSN Z100001G, Gesamtbevölkerung, Stichtag 30.06.;
456012;03456012;Laar;Laar;Mitgliedsgemeinde;Emlichheim;2010;2205;LSN Z100001G, Gesamtbevölkerung, Stichtag 30.06.;40,0
456012;03456012;Laar;Laar;Mitgliedsgemeinde;Emlichheim;2011;2147;LSN Z100001G, Gesamtbevölkerung, Stichtag 30.06.;40,1
456012;03456012;Laar;Laar;Mitgliedsgemeinde;Emlichheim;2012;2159;LSN Z100001G, Gesamtbevölkerung, Stichtag 30.06.;40,5
456012;03456012;Laar;Laar;Mitgliedsgemeinde;Emlichheim;2013;2149;LSN Z100001G, Gesamtbevölkerung, Stichtag 30.06.;40,9
456012;03456012;Laar;Laar;Mitgliedsgemeinde;Emlichheim;2014;2132;LSN Z100001G, Gesamtbevölkerung, Stichtag 30.06.;40,6
456012;03456012;Laar;Laar;Mitgliedsgemeinde;Emlichheim;2015;2161;LSN Z100001G, Gesamtbevölkerung, Stichtag 30.06.;41,2
456012;03456012;Laar;Laar;Mitgliedsgemeinde;Emlichheim;2016;2140;LSN Z100001G, Gesamtbevölkerung, Stichtag 30.06.;41,7
456012;03456012;Laar;Laar;Mitgliedsgemeinde;Emlichheim;2017;2111;LSN Z100001G, Gesamtbevölkerung, Stichtag 30.06.;42,0
456012;03456012;Laar;Laar;Mitgliedsgemeinde;Emlichheim;2018;2127;LSN Z100001G, Gesamtbevölkerung, Stichtag 30.06.;42,4
456012;03456012;Laar;Laar;Mitgliedsgemeinde;Emlichheim;2019;2110;LSN Z100001G, Gesamtbevölkerung, Stichtag 30.06.;42,8
456012;03456012;Laar;Laar;Mitgliedsgemeinde;Emlichheim;2020;2119;LSN Z100001G, Gesamtbevölkerung, Stichtag 30.06.;43,0
456012;03456012;Laar;Laar;Mitgliedsgemeinde;Emlichheim;2021;2132;LSN Z100001G, Gesamtbevölkerung, Stichtag 30.06.;43,2
456012;03456012;Laar;Laar;Mitgliedsgemeinde;Emlichheim;2022;2082;LSN Z100001G, Gesamtbevölkerung, Stichtag 30.06.;43,1
456012;03456012;Laar;Laar;Mitgliedsgemeinde;Emlichheim;2023;2078;LSN Z100001G, Gesamtbevölkerung, Stichtag 30.06.;43,8
456012;03456012;Laar;Laar;Mitgliedsgemeinde;Emlichheim;2024;2044;LSN Z100001G, Gesamtbevölkerung, Stichtag 30.06.;44,1
456012;03456012;Laar;Laar;Mitgliedsgemeinde;Emlichheim;2025;2047;LSN Z100001G, Gesamtbevölkerung, Stichtag 30.06.;44,0
456012;03456012;Laar;Laar;Mitgliedsgemeinde;Emlichheim;2026;2051;LSN Z100001G, Gesamtbevölkerung, Stichtag 30.06.;
456013;03456013;Lage;Lage;Mitgliedsgemeinde;Neuenhaus;1821;407;Historische Reihe nach bisheriger Uelschen-/Historientabelle;
456013;03456013;Lage;Lage;Mitgliedsgemeinde;Neuenhaus;1848;487;Historische Reihe nach bisheriger Uelschen-/Historientabelle;
456013;03456013;Lage;Lage;Mitgliedsgemeinde;Neuenhaus;1871;473;Historische Reihe nach bisheriger Uelschen-/Historientabelle;
456013;03456013;Lage;Lage;Mitgliedsgemeinde;Neuenhaus;1885;393;Historische Reihe nach bisheriger Uelschen-/Historientabelle;
456013;03456013;Lage;Lage;Mitgliedsgemeinde;Neuenhaus;1905;434;Historische Reihe nach bisheriger Uelschen-/Historientabelle;
456013;03456013;Lage;Lage;Mitgliedsgemeinde;Neuenhaus;1925;459;Historische Reihe nach bisheriger Uelschen-/Historientabelle;
456013;03456013;Lage;Lage;Mitgliedsgemeinde;Neuenhaus;1933;481;Historische Reihe nach bisheriger Uelschen-/Historientabelle;
456013;03456013;Lage;Lage;Mitgliedsgemeinde;Neuenhaus;1939;475;Historische Reihe nach bisheriger Uelschen-/Historientabelle;
456013;03456013;Lage;Lage;Mitgliedsgemeinde;Neuenhaus;1946;586;Historische Reihe nach bisheriger Uelschen-/Historientabelle;
456013;03456013;Lage;Lage;Mitgliedsgemeinde;Neuenhaus;1950;603;Historische Reihe nach bisheriger Uelschen-/Historientabelle;
456013;03456013;Lage;Lage;Mitgliedsgemeinde;Neuenhaus;1956;560;Historische Reihe nach bisheriger Uelschen-/Historientabelle;
456013;03456013;Lage;Lage;Mitgliedsgemeinde;Neuenhaus;1961;573;Historische Reihe nach bisheriger Uelschen-/Historientabelle;
456013;03456013;Lage;Lage;Mitgliedsgemeinde;Neuenhaus;1970;760;Historische Reihe nach bisheriger Uelschen-/Historientabelle;31,6
456013;03456013;Lage;Lage;Mitgliedsgemeinde;Neuenhaus;1973;854;LSN Z100001G, Gesamtbevölkerung, Stichtag 30.06.;
456013;03456013;Lage;Lage;Mitgliedsgemeinde;Neuenhaus;1974;884;LSN Z100001G, Gesamtbevölkerung, Stichtag 30.06.;
456013;03456013;Lage;Lage;Mitgliedsgemeinde;Neuenhaus;1975;874;LSN Z100001G, Gesamtbevölkerung, Stichtag 30.06.;31,0
456013;03456013;Lage;Lage;Mitgliedsgemeinde;Neuenhaus;1976;874;LSN Z100001G, Gesamtbevölkerung, Stichtag 30.06.;
456013;03456013;Lage;Lage;Mitgliedsgemeinde;Neuenhaus;1977;870;LSN Z100001G, Gesamtbevölkerung, Stichtag 30.06.;
456013;03456013;Lage;Lage;Mitgliedsgemeinde;Neuenhaus;1978;874;LSN Z100001G, Gesamtbevölkerung, Stichtag 30.06.;
456013;03456013;Lage;Lage;Mitgliedsgemeinde;Neuenhaus;1979;893;LSN Z100001G, Gesamtbevölkerung, Stichtag 30.06.;
456013;03456013;Lage;Lage;Mitgliedsgemeinde;Neuenhaus;1980;910;LSN Z100001G, Gesamtbevölkerung, Stichtag 30.06.;32,6
456013;03456013;Lage;Lage;Mitgliedsgemeinde;Neuenhaus;1981;926;LSN Z100001G, Gesamtbevölkerung, Stichtag 30.06.;
456013;03456013;Lage;Lage;Mitgliedsgemeinde;Neuenhaus;1982;936;LSN Z100001G, Gesamtbevölkerung, Stichtag 30.06.;
456013;03456013;Lage;Lage;Mitgliedsgemeinde;Neuenhaus;1983;956;LSN Z100001G, Gesamtbevölkerung, Stichtag 30.06.;
456013;03456013;Lage;Lage;Mitgliedsgemeinde;Neuenhaus;1984;948;LSN Z100001G, Gesamtbevölkerung, Stichtag 30.06.;
456013;03456013;Lage;Lage;Mitgliedsgemeinde;Neuenhaus;1985;951;LSN Z100001G, Gesamtbevölkerung, Stichtag 30.06.;33,7
456013;03456013;Lage;Lage;Mitgliedsgemeinde;Neuenhaus;1986;942;LSN Z100001G, Gesamtbevölkerung, Stichtag 30.06.;
456013;03456013;Lage;Lage;Mitgliedsgemeinde;Neuenhaus;1987;931;LSN Z100001G, Gesamtbevölkerung, Stichtag 30.06.;
456013;03456013;Lage;Lage;Mitgliedsgemeinde;Neuenhaus;1988;941;LSN Z100001G, Gesamtbevölkerung, Stichtag 30.06.;
456013;03456013;Lage;Lage;Mitgliedsgemeinde;Neuenhaus;1989;911;LSN Z100001G, Gesamtbevölkerung, Stichtag 30.06.;
456013;03456013;Lage;Lage;Mitgliedsgemeinde;Neuenhaus;1990;915;LSN Z100001G, Gesamtbevölkerung, Stichtag 30.06.;34,9
456013;03456013;Lage;Lage;Mitgliedsgemeinde;Neuenhaus;1991;942;LSN Z100001G, Gesamtbevölkerung, Stichtag 30.06.;
456013;03456013;Lage;Lage;Mitgliedsgemeinde;Neuenhaus;1992;926;LSN Z100001G, Gesamtbevölkerung, Stichtag 30.06.;
456013;03456013;Lage;Lage;Mitgliedsgemeinde;Neuenhaus;1993;928;LSN Z100001G, Gesamtbevölkerung, Stichtag 30.06.;
456013;03456013;Lage;Lage;Mitgliedsgemeinde;Neuenhaus;1994;911;LSN Z100001G, Gesamtbevölkerung, Stichtag 30.06.;
456013;03456013;Lage;Lage;Mitgliedsgemeinde;Neuenhaus;1995;912;LSN Z100001G, Gesamtbevölkerung, Stichtag 30.06.;36,2
456013;03456013;Lage;Lage;Mitgliedsgemeinde;Neuenhaus;1996;940;LSN Z100001G, Gesamtbevölkerung, Stichtag 30.06.;
456013;03456013;Lage;Lage;Mitgliedsgemeinde;Neuenhaus;1997;947;LSN Z100001G, Gesamtbevölkerung, Stichtag 30.06.;
456013;03456013;Lage;Lage;Mitgliedsgemeinde;Neuenhaus;1998;966;LSN Z100001G, Gesamtbevölkerung, Stichtag 30.06.;
456013;03456013;Lage;Lage;Mitgliedsgemeinde;Neuenhaus;1999;968;LSN Z100001G, Gesamtbevölkerung, Stichtag 30.06.;
456013;03456013;Lage;Lage;Mitgliedsgemeinde;Neuenhaus;2000;972;LSN Z100001G, Gesamtbevölkerung, Stichtag 30.06.;37,7
456013;03456013;Lage;Lage;Mitgliedsgemeinde;Neuenhaus;2001;987;LSN Z100001G, Gesamtbevölkerung, Stichtag 30.06.;
456013;03456013;Lage;Lage;Mitgliedsgemeinde;Neuenhaus;2002;992;LSN Z100001G, Gesamtbevölkerung, Stichtag 30.06.;
456013;03456013;Lage;Lage;Mitgliedsgemeinde;Neuenhaus;2003;1009;LSN Z100001G, Gesamtbevölkerung, Stichtag 30.06.;
456013;03456013;Lage;Lage;Mitgliedsgemeinde;Neuenhaus;2004;1020;LSN Z100001G, Gesamtbevölkerung, Stichtag 30.06.;
456013;03456013;Lage;Lage;Mitgliedsgemeinde;Neuenhaus;2005;1020;LSN Z100001G, Gesamtbevölkerung, Stichtag 30.06.;38,8
456013;03456013;Lage;Lage;Mitgliedsgemeinde;Neuenhaus;2006;1021;LSN Z100001G, Gesamtbevölkerung, Stichtag 30.06.;
456013;03456013;Lage;Lage;Mitgliedsgemeinde;Neuenhaus;2007;1019;LSN Z100001G, Gesamtbevölkerung, Stichtag 30.06.;
456013;03456013;Lage;Lage;Mitgliedsgemeinde;Neuenhaus;2008;1006;LSN Z100001G, Gesamtbevölkerung, Stichtag 30.06.;
456013;03456013;Lage;Lage;Mitgliedsgemeinde;Neuenhaus;2009;988;LSN Z100001G, Gesamtbevölkerung, Stichtag 30.06.;
456013;03456013;Lage;Lage;Mitgliedsgemeinde;Neuenhaus;2010;1018;LSN Z100001G, Gesamtbevölkerung, Stichtag 30.06.;39,5
456013;03456013;Lage;Lage;Mitgliedsgemeinde;Neuenhaus;2011;1074;LSN Z100001G, Gesamtbevölkerung, Stichtag 30.06.;40,2
456013;03456013;Lage;Lage;Mitgliedsgemeinde;Neuenhaus;2012;1083;LSN Z100001G, Gesamtbevölkerung, Stichtag 30.06.;41,1
456013;03456013;Lage;Lage;Mitgliedsgemeinde;Neuenhaus;2013;1061;LSN Z100001G, Gesamtbevölkerung, Stichtag 30.06.;41,5
456013;03456013;Lage;Lage;Mitgliedsgemeinde;Neuenhaus;2014;1061;LSN Z100001G, Gesamtbevölkerung, Stichtag 30.06.;41,9
456013;03456013;Lage;Lage;Mitgliedsgemeinde;Neuenhaus;2015;1058;LSN Z100001G, Gesamtbevölkerung, Stichtag 30.06.;42,0
456013;03456013;Lage;Lage;Mitgliedsgemeinde;Neuenhaus;2016;1066;LSN Z100001G, Gesamtbevölkerung, Stichtag 30.06.;42,1
456013;03456013;Lage;Lage;Mitgliedsgemeinde;Neuenhaus;2017;1048;LSN Z100001G, Gesamtbevölkerung, Stichtag 30.06.;42,3
456013;03456013;Lage;Lage;Mitgliedsgemeinde;Neuenhaus;2018;1060;LSN Z100001G, Gesamtbevölkerung, Stichtag 30.06.;42,8
456013;03456013;Lage;Lage;Mitgliedsgemeinde;Neuenhaus;2019;1040;LSN Z100001G, Gesamtbevölkerung, Stichtag 30.06.;43,5
456013;03456013;Lage;Lage;Mitgliedsgemeinde;Neuenhaus;2020;1030;LSN Z100001G, Gesamtbevölkerung, Stichtag 30.06.;44,5
456013;03456013;Lage;Lage;Mitgliedsgemeinde;Neuenhaus;2021;1028;LSN Z100001G, Gesamtbevölkerung, Stichtag 30.06.;45,3
456013;03456013;Lage;Lage;Mitgliedsgemeinde;Neuenhaus;2022;1038;LSN Z100001G, Gesamtbevölkerung, Stichtag 30.06.;44,7
456013;03456013;Lage;Lage;Mitgliedsgemeinde;Neuenhaus;2023;1067;LSN Z100001G, Gesamtbevölkerung, Stichtag 30.06.;44,8
456013;03456013;Lage;Lage;Mitgliedsgemeinde;Neuenhaus;2024;1083;LSN Z100001G, Gesamtbevölkerung, Stichtag 30.06.;45,1
456013;03456013;Lage;Lage;Mitgliedsgemeinde;Neuenhaus;2025;1100;LSN Z100001G, Gesamtbevölkerung, Stichtag 30.06.;45,5
456013;03456013;Lage;Lage;Mitgliedsgemeinde;Neuenhaus;2026;1092;LSN Z100001G, Gesamtbevölkerung, Stichtag 30.06.;
456014;03456014;Neuenhaus;Neuenhaus, Stadt;Mitgliedsgemeinde;Neuenhaus;1821;2889;Historische Reihe nach bisheriger Uelschen-/Historientabelle;
456014;03456014;Neuenhaus;Neuenhaus, Stadt;Mitgliedsgemeinde;Neuenhaus;1848;3227;Historische Reihe nach bisheriger Uelschen-/Historientabelle;
456014;03456014;Neuenhaus;Neuenhaus, Stadt;Mitgliedsgemeinde;Neuenhaus;1871;3199;Historische Reihe nach bisheriger Uelschen-/Historientabelle;
456014;03456014;Neuenhaus;Neuenhaus, Stadt;Mitgliedsgemeinde;Neuenhaus;1885;2872;Historische Reihe nach bisheriger Uelschen-/Historientabelle;
456014;03456014;Neuenhaus;Neuenhaus, Stadt;Mitgliedsgemeinde;Neuenhaus;1905;2965;Historische Reihe nach bisheriger Uelschen-/Historientabelle;
456014;03456014;Neuenhaus;Neuenhaus, Stadt;Mitgliedsgemeinde;Neuenhaus;1925;3567;Historische Reihe nach bisheriger Uelschen-/Historientabelle;
456014;03456014;Neuenhaus;Neuenhaus, Stadt;Mitgliedsgemeinde;Neuenhaus;1933;4053;Historische Reihe nach bisheriger Uelschen-/Historientabelle;
456014;03456014;Neuenhaus;Neuenhaus, Stadt;Mitgliedsgemeinde;Neuenhaus;1939;4214;Historische Reihe nach bisheriger Uelschen-/Historientabelle;
456014;03456014;Neuenhaus;Neuenhaus, Stadt;Mitgliedsgemeinde;Neuenhaus;1946;5322;Historische Reihe nach bisheriger Uelschen-/Historientabelle;
456014;03456014;Neuenhaus;Neuenhaus, Stadt;Mitgliedsgemeinde;Neuenhaus;1950;6088;Historische Reihe nach bisheriger Uelschen-/Historientabelle;
456014;03456014;Neuenhaus;Neuenhaus, Stadt;Mitgliedsgemeinde;Neuenhaus;1956;6737;Historische Reihe nach bisheriger Uelschen-/Historientabelle;
456014;03456014;Neuenhaus;Neuenhaus, Stadt;Mitgliedsgemeinde;Neuenhaus;1961;7474;Historische Reihe nach bisheriger Uelschen-/Historientabelle;
456014;03456014;Neuenhaus;Neuenhaus, Stadt;Mitgliedsgemeinde;Neuenhaus;1970;7921;Historische Reihe nach bisheriger Uelschen-/Historientabelle;33,1
456014;03456014;Neuenhaus;Neuenhaus, Stadt;Mitgliedsgemeinde;Neuenhaus;1973;8092;LSN Z100001G, Gesamtbevölkerung, Stichtag 30.06.;
456014;03456014;Neuenhaus;Neuenhaus, Stadt;Mitgliedsgemeinde;Neuenhaus;1974;8065;LSN Z100001G, Gesamtbevölkerung, Stichtag 30.06.;
456014;03456014;Neuenhaus;Neuenhaus, Stadt;Mitgliedsgemeinde;Neuenhaus;1975;7982;LSN Z100001G, Gesamtbevölkerung, Stichtag 30.06.;34,5
456014;03456014;Neuenhaus;Neuenhaus, Stadt;Mitgliedsgemeinde;Neuenhaus;1976;7990;LSN Z100001G, Gesamtbevölkerung, Stichtag 30.06.;
456014;03456014;Neuenhaus;Neuenhaus, Stadt;Mitgliedsgemeinde;Neuenhaus;1977;7954;LSN Z100001G, Gesamtbevölkerung, Stichtag 30.06.;
456014;03456014;Neuenhaus;Neuenhaus, Stadt;Mitgliedsgemeinde;Neuenhaus;1978;7955;LSN Z100001G, Gesamtbevölkerung, Stichtag 30.06.;
456014;03456014;Neuenhaus;Neuenhaus, Stadt;Mitgliedsgemeinde;Neuenhaus;1979;7887;LSN Z100001G, Gesamtbevölkerung, Stichtag 30.06.;
456014;03456014;Neuenhaus;Neuenhaus, Stadt;Mitgliedsgemeinde;Neuenhaus;1980;7880;LSN Z100001G, Gesamtbevölkerung, Stichtag 30.06.;36,1
456014;03456014;Neuenhaus;Neuenhaus, Stadt;Mitgliedsgemeinde;Neuenhaus;1981;7925;LSN Z100001G, Gesamtbevölkerung, Stichtag 30.06.;
456014;03456014;Neuenhaus;Neuenhaus, Stadt;Mitgliedsgemeinde;Neuenhaus;1982;7918;LSN Z100001G, Gesamtbevölkerung, Stichtag 30.06.;
456014;03456014;Neuenhaus;Neuenhaus, Stadt;Mitgliedsgemeinde;Neuenhaus;1983;7891;LSN Z100001G, Gesamtbevölkerung, Stichtag 30.06.;
456014;03456014;Neuenhaus;Neuenhaus, Stadt;Mitgliedsgemeinde;Neuenhaus;1984;7914;LSN Z100001G, Gesamtbevölkerung, Stichtag 30.06.;
456014;03456014;Neuenhaus;Neuenhaus, Stadt;Mitgliedsgemeinde;Neuenhaus;1985;7867;LSN Z100001G, Gesamtbevölkerung, Stichtag 30.06.;37,2
456014;03456014;Neuenhaus;Neuenhaus, Stadt;Mitgliedsgemeinde;Neuenhaus;1986;7853;LSN Z100001G, Gesamtbevölkerung, Stichtag 30.06.;
456014;03456014;Neuenhaus;Neuenhaus, Stadt;Mitgliedsgemeinde;Neuenhaus;1987;8169;LSN Z100001G, Gesamtbevölkerung, Stichtag 30.06.;
456014;03456014;Neuenhaus;Neuenhaus, Stadt;Mitgliedsgemeinde;Neuenhaus;1988;8112;LSN Z100001G, Gesamtbevölkerung, Stichtag 30.06.;
456014;03456014;Neuenhaus;Neuenhaus, Stadt;Mitgliedsgemeinde;Neuenhaus;1989;8122;LSN Z100001G, Gesamtbevölkerung, Stichtag 30.06.;
456014;03456014;Neuenhaus;Neuenhaus, Stadt;Mitgliedsgemeinde;Neuenhaus;1990;8215;LSN Z100001G, Gesamtbevölkerung, Stichtag 30.06.;38,2
456014;03456014;Neuenhaus;Neuenhaus, Stadt;Mitgliedsgemeinde;Neuenhaus;1991;8277;LSN Z100001G, Gesamtbevölkerung, Stichtag 30.06.;
456014;03456014;Neuenhaus;Neuenhaus, Stadt;Mitgliedsgemeinde;Neuenhaus;1992;8382;LSN Z100001G, Gesamtbevölkerung, Stichtag 30.06.;
456014;03456014;Neuenhaus;Neuenhaus, Stadt;Mitgliedsgemeinde;Neuenhaus;1993;8496;LSN Z100001G, Gesamtbevölkerung, Stichtag 30.06.;
456014;03456014;Neuenhaus;Neuenhaus, Stadt;Mitgliedsgemeinde;Neuenhaus;1994;8657;LSN Z100001G, Gesamtbevölkerung, Stichtag 30.06.;
456014;03456014;Neuenhaus;Neuenhaus, Stadt;Mitgliedsgemeinde;Neuenhaus;1995;8765;LSN Z100001G, Gesamtbevölkerung, Stichtag 30.06.;38,4
456014;03456014;Neuenhaus;Neuenhaus, Stadt;Mitgliedsgemeinde;Neuenhaus;1996;8933;LSN Z100001G, Gesamtbevölkerung, Stichtag 30.06.;
456014;03456014;Neuenhaus;Neuenhaus, Stadt;Mitgliedsgemeinde;Neuenhaus;1997;8942;LSN Z100001G, Gesamtbevölkerung, Stichtag 30.06.;
456014;03456014;Neuenhaus;Neuenhaus, Stadt;Mitgliedsgemeinde;Neuenhaus;1998;9042;LSN Z100001G, Gesamtbevölkerung, Stichtag 30.06.;
456014;03456014;Neuenhaus;Neuenhaus, Stadt;Mitgliedsgemeinde;Neuenhaus;1999;9176;LSN Z100001G, Gesamtbevölkerung, Stichtag 30.06.;
456014;03456014;Neuenhaus;Neuenhaus, Stadt;Mitgliedsgemeinde;Neuenhaus;2000;9211;LSN Z100001G, Gesamtbevölkerung, Stichtag 30.06.;38,8
456014;03456014;Neuenhaus;Neuenhaus, Stadt;Mitgliedsgemeinde;Neuenhaus;2001;9351;LSN Z100001G, Gesamtbevölkerung, Stichtag 30.06.;
456014;03456014;Neuenhaus;Neuenhaus, Stadt;Mitgliedsgemeinde;Neuenhaus;2002;9428;LSN Z100001G, Gesamtbevölkerung, Stichtag 30.06.;
456014;03456014;Neuenhaus;Neuenhaus, Stadt;Mitgliedsgemeinde;Neuenhaus;2003;9539;LSN Z100001G, Gesamtbevölkerung, Stichtag 30.06.;
456014;03456014;Neuenhaus;Neuenhaus, Stadt;Mitgliedsgemeinde;Neuenhaus;2004;9651;LSN Z100001G, Gesamtbevölkerung, Stichtag 30.06.;
456014;03456014;Neuenhaus;Neuenhaus, Stadt;Mitgliedsgemeinde;Neuenhaus;2005;9685;LSN Z100001G, Gesamtbevölkerung, Stichtag 30.06.;40,1
456014;03456014;Neuenhaus;Neuenhaus, Stadt;Mitgliedsgemeinde;Neuenhaus;2006;9723;LSN Z100001G, Gesamtbevölkerung, Stichtag 30.06.;
456014;03456014;Neuenhaus;Neuenhaus, Stadt;Mitgliedsgemeinde;Neuenhaus;2007;9759;LSN Z100001G, Gesamtbevölkerung, Stichtag 30.06.;
456014;03456014;Neuenhaus;Neuenhaus, Stadt;Mitgliedsgemeinde;Neuenhaus;2008;9796;LSN Z100001G, Gesamtbevölkerung, Stichtag 30.06.;
456014;03456014;Neuenhaus;Neuenhaus, Stadt;Mitgliedsgemeinde;Neuenhaus;2009;9790;LSN Z100001G, Gesamtbevölkerung, Stichtag 30.06.;
456014;03456014;Neuenhaus;Neuenhaus, Stadt;Mitgliedsgemeinde;Neuenhaus;2010;9760;LSN Z100001G, Gesamtbevölkerung, Stichtag 30.06.;42,1
456014;03456014;Neuenhaus;Neuenhaus, Stadt;Mitgliedsgemeinde;Neuenhaus;2011;9840;LSN Z100001G, Gesamtbevölkerung, Stichtag 30.06.;42,6
456014;03456014;Neuenhaus;Neuenhaus, Stadt;Mitgliedsgemeinde;Neuenhaus;2012;9788;LSN Z100001G, Gesamtbevölkerung, Stichtag 30.06.;42,9
456014;03456014;Neuenhaus;Neuenhaus, Stadt;Mitgliedsgemeinde;Neuenhaus;2013;9760;LSN Z100001G, Gesamtbevölkerung, Stichtag 30.06.;43,2
456014;03456014;Neuenhaus;Neuenhaus, Stadt;Mitgliedsgemeinde;Neuenhaus;2014;9834;LSN Z100001G, Gesamtbevölkerung, Stichtag 30.06.;43,4
456014;03456014;Neuenhaus;Neuenhaus, Stadt;Mitgliedsgemeinde;Neuenhaus;2015;9836;LSN Z100001G, Gesamtbevölkerung, Stichtag 30.06.;43,4
456014;03456014;Neuenhaus;Neuenhaus, Stadt;Mitgliedsgemeinde;Neuenhaus;2016;9962;LSN Z100001G, Gesamtbevölkerung, Stichtag 30.06.;43,8
456014;03456014;Neuenhaus;Neuenhaus, Stadt;Mitgliedsgemeinde;Neuenhaus;2017;9914;LSN Z100001G, Gesamtbevölkerung, Stichtag 30.06.;44,1
456014;03456014;Neuenhaus;Neuenhaus, Stadt;Mitgliedsgemeinde;Neuenhaus;2018;9888;LSN Z100001G, Gesamtbevölkerung, Stichtag 30.06.;44,2
456014;03456014;Neuenhaus;Neuenhaus, Stadt;Mitgliedsgemeinde;Neuenhaus;2019;10104;LSN Z100001G, Gesamtbevölkerung, Stichtag 30.06.;44,3
456014;03456014;Neuenhaus;Neuenhaus, Stadt;Mitgliedsgemeinde;Neuenhaus;2020;10077;LSN Z100001G, Gesamtbevölkerung, Stichtag 30.06.;44,1
456014;03456014;Neuenhaus;Neuenhaus, Stadt;Mitgliedsgemeinde;Neuenhaus;2021;10320;LSN Z100001G, Gesamtbevölkerung, Stichtag 30.06.;44,0
456014;03456014;Neuenhaus;Neuenhaus, Stadt;Mitgliedsgemeinde;Neuenhaus;2022;10601;LSN Z100001G, Gesamtbevölkerung, Stichtag 30.06.;43,8
456014;03456014;Neuenhaus;Neuenhaus, Stadt;Mitgliedsgemeinde;Neuenhaus;2023;10668;LSN Z100001G, Gesamtbevölkerung, Stichtag 30.06.;43,7
456014;03456014;Neuenhaus;Neuenhaus, Stadt;Mitgliedsgemeinde;Neuenhaus;2024;10812;LSN Z100001G, Gesamtbevölkerung, Stichtag 30.06.;43,8
456014;03456014;Neuenhaus;Neuenhaus, Stadt;Mitgliedsgemeinde;Neuenhaus;2025;10886;LSN Z100001G, Gesamtbevölkerung, Stichtag 30.06.;44,1
456014;03456014;Neuenhaus;Neuenhaus, Stadt;Mitgliedsgemeinde;Neuenhaus;2026;10815;LSN Z100001G, Gesamtbevölkerung, Stichtag 30.06.;
456015;03456015;Nordhorn;Nordhorn, Stadt;Einheitsgemeinde;;1821;4167;Historische Reihe nach bisheriger Uelschen-/Historientabelle;
456015;03456015;Nordhorn;Nordhorn, Stadt;Einheitsgemeinde;;1848;4644;Historische Reihe nach bisheriger Uelschen-/Historientabelle;
456015;03456015;Nordhorn;Nordhorn, Stadt;Einheitsgemeinde;;1871;4707;Historische Reihe nach bisheriger Uelschen-/Historientabelle;
456015;03456015;Nordhorn;Nordhorn, Stadt;Einheitsgemeinde;;1885;4943;Historische Reihe nach bisheriger Uelschen-/Historientabelle;
456015;03456015;Nordhorn;Nordhorn, Stadt;Einheitsgemeinde;;1905;8032;Historische Reihe nach bisheriger Uelschen-/Historientabelle;
456015;03456015;Nordhorn;Nordhorn, Stadt;Einheitsgemeinde;;1925;14567;Historische Reihe nach bisheriger Uelschen-/Historientabelle;
456015;03456015;Nordhorn;Nordhorn, Stadt;Einheitsgemeinde;;1933;22415;Historische Reihe nach bisheriger Uelschen-/Historientabelle;
456015;03456015;Nordhorn;Nordhorn, Stadt;Einheitsgemeinde;;1939;26054;Historische Reihe nach bisheriger Uelschen-/Historientabelle;
456015;03456015;Nordhorn;Nordhorn, Stadt;Einheitsgemeinde;;1946;31542;Historische Reihe nach bisheriger Uelschen-/Historientabelle;
456015;03456015;Nordhorn;Nordhorn, Stadt;Einheitsgemeinde;;1950;36976;Historische Reihe nach bisheriger Uelschen-/Historientabelle;
456015;03456015;Nordhorn;Nordhorn, Stadt;Einheitsgemeinde;;1956;40757;Historische Reihe nach bisheriger Uelschen-/Historientabelle;
456015;03456015;Nordhorn;Nordhorn, Stadt;Einheitsgemeinde;;1961;43136;Historische Reihe nach bisheriger Uelschen-/Historientabelle;
456015;03456015;Nordhorn;Nordhorn, Stadt;Einheitsgemeinde;;1970;48945;Historische Reihe nach bisheriger Uelschen-/Historientabelle;33,5
456015;03456015;Nordhorn;Nordhorn, Stadt;Einheitsgemeinde;;1973;50015;LSN Z100001G, Gesamtbevölkerung, Stichtag 30.06.;
456015;03456015;Nordhorn;Nordhorn, Stadt;Einheitsgemeinde;;1974;49967;LSN Z100001G, Gesamtbevölkerung, Stichtag 30.06.;
456015;03456015;Nordhorn;Nordhorn, Stadt;Einheitsgemeinde;;1975;49774;LSN Z100001G, Gesamtbevölkerung, Stichtag 30.06.;34,8
456015;03456015;Nordhorn;Nordhorn, Stadt;Einheitsgemeinde;;1976;49455;LSN Z100001G, Gesamtbevölkerung, Stichtag 30.06.;
456015;03456015;Nordhorn;Nordhorn, Stadt;Einheitsgemeinde;;1977;48998;LSN Z100001G, Gesamtbevölkerung, Stichtag 30.06.;
456015;03456015;Nordhorn;Nordhorn, Stadt;Einheitsgemeinde;;1978;49064;LSN Z100001G, Gesamtbevölkerung, Stichtag 30.06.;
456015;03456015;Nordhorn;Nordhorn, Stadt;Einheitsgemeinde;;1979;48715;LSN Z100001G, Gesamtbevölkerung, Stichtag 30.06.;
456015;03456015;Nordhorn;Nordhorn, Stadt;Einheitsgemeinde;;1980;48511;LSN Z100001G, Gesamtbevölkerung, Stichtag 30.06.;36,6
456015;03456015;Nordhorn;Nordhorn, Stadt;Einheitsgemeinde;;1981;48569;LSN Z100001G, Gesamtbevölkerung, Stichtag 30.06.;
456015;03456015;Nordhorn;Nordhorn, Stadt;Einheitsgemeinde;;1982;48175;LSN Z100001G, Gesamtbevölkerung, Stichtag 30.06.;
456015;03456015;Nordhorn;Nordhorn, Stadt;Einheitsgemeinde;;1983;47982;LSN Z100001G, Gesamtbevölkerung, Stichtag 30.06.;
456015;03456015;Nordhorn;Nordhorn, Stadt;Einheitsgemeinde;;1984;47886;LSN Z100001G, Gesamtbevölkerung, Stichtag 30.06.;
456015;03456015;Nordhorn;Nordhorn, Stadt;Einheitsgemeinde;;1985;47843;LSN Z100001G, Gesamtbevölkerung, Stichtag 30.06.;38,0
456015;03456015;Nordhorn;Nordhorn, Stadt;Einheitsgemeinde;;1986;47946;LSN Z100001G, Gesamtbevölkerung, Stichtag 30.06.;
456015;03456015;Nordhorn;Nordhorn, Stadt;Einheitsgemeinde;;1987;48367;LSN Z100001G, Gesamtbevölkerung, Stichtag 30.06.;
456015;03456015;Nordhorn;Nordhorn, Stadt;Einheitsgemeinde;;1988;48451;LSN Z100001G, Gesamtbevölkerung, Stichtag 30.06.;
456015;03456015;Nordhorn;Nordhorn, Stadt;Einheitsgemeinde;;1989;48647;LSN Z100001G, Gesamtbevölkerung, Stichtag 30.06.;
456015;03456015;Nordhorn;Nordhorn, Stadt;Einheitsgemeinde;;1990;49056;LSN Z100001G, Gesamtbevölkerung, Stichtag 30.06.;38,9
456015;03456015;Nordhorn;Nordhorn, Stadt;Einheitsgemeinde;;1991;49562;LSN Z100001G, Gesamtbevölkerung, Stichtag 30.06.;
456015;03456015;Nordhorn;Nordhorn, Stadt;Einheitsgemeinde;;1992;50117;LSN Z100001G, Gesamtbevölkerung, Stichtag 30.06.;
456015;03456015;Nordhorn;Nordhorn, Stadt;Einheitsgemeinde;;1993;50723;LSN Z100001G, Gesamtbevölkerung, Stichtag 30.06.;
456015;03456015;Nordhorn;Nordhorn, Stadt;Einheitsgemeinde;;1994;50968;LSN Z100001G, Gesamtbevölkerung, Stichtag 30.06.;
456015;03456015;Nordhorn;Nordhorn, Stadt;Einheitsgemeinde;;1995;51192;LSN Z100001G, Gesamtbevölkerung, Stichtag 30.06.;39,5
456015;03456015;Nordhorn;Nordhorn, Stadt;Einheitsgemeinde;;1996;51161;LSN Z100001G, Gesamtbevölkerung, Stichtag 30.06.;
456015;03456015;Nordhorn;Nordhorn, Stadt;Einheitsgemeinde;;1997;51432;LSN Z100001G, Gesamtbevölkerung, Stichtag 30.06.;
456015;03456015;Nordhorn;Nordhorn, Stadt;Einheitsgemeinde;;1998;51560;LSN Z100001G, Gesamtbevölkerung, Stichtag 30.06.;
456015;03456015;Nordhorn;Nordhorn, Stadt;Einheitsgemeinde;;1999;51722;LSN Z100001G, Gesamtbevölkerung, Stichtag 30.06.;
456015;03456015;Nordhorn;Nordhorn, Stadt;Einheitsgemeinde;;2000;51974;LSN Z100001G, Gesamtbevölkerung, Stichtag 30.06.;40,5
456015;03456015;Nordhorn;Nordhorn, Stadt;Einheitsgemeinde;;2001;52244;LSN Z100001G, Gesamtbevölkerung, Stichtag 30.06.;
456015;03456015;Nordhorn;Nordhorn, Stadt;Einheitsgemeinde;;2002;52507;LSN Z100001G, Gesamtbevölkerung, Stichtag 30.06.;
456015;03456015;Nordhorn;Nordhorn, Stadt;Einheitsgemeinde;;2003;52587;LSN Z100001G, Gesamtbevölkerung, Stichtag 30.06.;
456015;03456015;Nordhorn;Nordhorn, Stadt;Einheitsgemeinde;;2004;52784;LSN Z100001G, Gesamtbevölkerung, Stichtag 30.06.;
456015;03456015;Nordhorn;Nordhorn, Stadt;Einheitsgemeinde;;2005;53026;LSN Z100001G, Gesamtbevölkerung, Stichtag 30.06.;41,6
456015;03456015;Nordhorn;Nordhorn, Stadt;Einheitsgemeinde;;2006;53159;LSN Z100001G, Gesamtbevölkerung, Stichtag 30.06.;
456015;03456015;Nordhorn;Nordhorn, Stadt;Einheitsgemeinde;;2007;53196;LSN Z100001G, Gesamtbevölkerung, Stichtag 30.06.;
456015;03456015;Nordhorn;Nordhorn, Stadt;Einheitsgemeinde;;2008;53359;LSN Z100001G, Gesamtbevölkerung, Stichtag 30.06.;
456015;03456015;Nordhorn;Nordhorn, Stadt;Einheitsgemeinde;;2009;53395;LSN Z100001G, Gesamtbevölkerung, Stichtag 30.06.;
456015;03456015;Nordhorn;Nordhorn, Stadt;Einheitsgemeinde;;2010;53169;LSN Z100001G, Gesamtbevölkerung, Stichtag 30.06.;43,0
456015;03456015;Nordhorn;Nordhorn, Stadt;Einheitsgemeinde;;2011;52065;LSN Z100001G, Gesamtbevölkerung, Stichtag 30.06.;43,5
456015;03456015;Nordhorn;Nordhorn, Stadt;Einheitsgemeinde;;2012;52310;LSN Z100001G, Gesamtbevölkerung, Stichtag 30.06.;43,6
456015;03456015;Nordhorn;Nordhorn, Stadt;Einheitsgemeinde;;2013;52262;LSN Z100001G, Gesamtbevölkerung, Stichtag 30.06.;43,8
456015;03456015;Nordhorn;Nordhorn, Stadt;Einheitsgemeinde;;2014;52369;LSN Z100001G, Gesamtbevölkerung, Stichtag 30.06.;44,0
456015;03456015;Nordhorn;Nordhorn, Stadt;Einheitsgemeinde;;2015;52689;LSN Z100001G, Gesamtbevölkerung, Stichtag 30.06.;43,9
456015;03456015;Nordhorn;Nordhorn, Stadt;Einheitsgemeinde;;2016;53370;LSN Z100001G, Gesamtbevölkerung, Stichtag 30.06.;44,1
456015;03456015;Nordhorn;Nordhorn, Stadt;Einheitsgemeinde;;2017;53366;LSN Z100001G, Gesamtbevölkerung, Stichtag 30.06.;44,2
456015;03456015;Nordhorn;Nordhorn, Stadt;Einheitsgemeinde;;2018;53312;LSN Z100001G, Gesamtbevölkerung, Stichtag 30.06.;44,3
456015;03456015;Nordhorn;Nordhorn, Stadt;Einheitsgemeinde;;2019;53579;LSN Z100001G, Gesamtbevölkerung, Stichtag 30.06.;44,3
456015;03456015;Nordhorn;Nordhorn, Stadt;Einheitsgemeinde;;2020;53756;LSN Z100001G, Gesamtbevölkerung, Stichtag 30.06.;44,4
456015;03456015;Nordhorn;Nordhorn, Stadt;Einheitsgemeinde;;2021;53922;LSN Z100001G, Gesamtbevölkerung, Stichtag 30.06.;44,4
456015;03456015;Nordhorn;Nordhorn, Stadt;Einheitsgemeinde;;2022;55927;LSN Z100001G, Gesamtbevölkerung, Stichtag 30.06.;44,6
456015;03456015;Nordhorn;Nordhorn, Stadt;Einheitsgemeinde;;2023;56455;LSN Z100001G, Gesamtbevölkerung, Stichtag 30.06.;44,5
456015;03456015;Nordhorn;Nordhorn, Stadt;Einheitsgemeinde;;2024;56846;LSN Z100001G, Gesamtbevölkerung, Stichtag 30.06.;44,5
456015;03456015;Nordhorn;Nordhorn, Stadt;Einheitsgemeinde;;2025;57134;LSN Z100001G, Gesamtbevölkerung, Stichtag 30.06.;44,6
456015;03456015;Nordhorn;Nordhorn, Stadt;Einheitsgemeinde;;2026;57443;LSN Z100001G, Gesamtbevölkerung, Stichtag 30.06.;
456016;03456016;Ohne;Ohne;Mitgliedsgemeinde;Schüttorf;1821;329;Historische Reihe nach bisheriger Uelschen-/Historientabelle;
456016;03456016;Ohne;Ohne;Mitgliedsgemeinde;Schüttorf;1848;356;Historische Reihe nach bisheriger Uelschen-/Historientabelle;
456016;03456016;Ohne;Ohne;Mitgliedsgemeinde;Schüttorf;1871;342;Historische Reihe nach bisheriger Uelschen-/Historientabelle;
456016;03456016;Ohne;Ohne;Mitgliedsgemeinde;Schüttorf;1885;329;Historische Reihe nach bisheriger Uelschen-/Historientabelle;
456016;03456016;Ohne;Ohne;Mitgliedsgemeinde;Schüttorf;1905;365;Historische Reihe nach bisheriger Uelschen-/Historientabelle;
456016;03456016;Ohne;Ohne;Mitgliedsgemeinde;Schüttorf;1925;410;Historische Reihe nach bisheriger Uelschen-/Historientabelle;
456016;03456016;Ohne;Ohne;Mitgliedsgemeinde;Schüttorf;1933;400;Historische Reihe nach bisheriger Uelschen-/Historientabelle;
456016;03456016;Ohne;Ohne;Mitgliedsgemeinde;Schüttorf;1939;424;Historische Reihe nach bisheriger Uelschen-/Historientabelle;
456016;03456016;Ohne;Ohne;Mitgliedsgemeinde;Schüttorf;1946;572;Historische Reihe nach bisheriger Uelschen-/Historientabelle;
456016;03456016;Ohne;Ohne;Mitgliedsgemeinde;Schüttorf;1950;590;Historische Reihe nach bisheriger Uelschen-/Historientabelle;
456016;03456016;Ohne;Ohne;Mitgliedsgemeinde;Schüttorf;1956;501;Historische Reihe nach bisheriger Uelschen-/Historientabelle;
456016;03456016;Ohne;Ohne;Mitgliedsgemeinde;Schüttorf;1961;496;Historische Reihe nach bisheriger Uelschen-/Historientabelle;
456016;03456016;Ohne;Ohne;Mitgliedsgemeinde;Schüttorf;1970;545;Historische Reihe nach bisheriger Uelschen-/Historientabelle;32,2
456016;03456016;Ohne;Ohne;Mitgliedsgemeinde;Schüttorf;1973;544;LSN Z100001G, Gesamtbevölkerung, Stichtag 30.06.;
456016;03456016;Ohne;Ohne;Mitgliedsgemeinde;Schüttorf;1974;550;LSN Z100001G, Gesamtbevölkerung, Stichtag 30.06.;
456016;03456016;Ohne;Ohne;Mitgliedsgemeinde;Schüttorf;1975;533;LSN Z100001G, Gesamtbevölkerung, Stichtag 30.06.;33,5
456016;03456016;Ohne;Ohne;Mitgliedsgemeinde;Schüttorf;1976;546;LSN Z100001G, Gesamtbevölkerung, Stichtag 30.06.;
456016;03456016;Ohne;Ohne;Mitgliedsgemeinde;Schüttorf;1977;536;LSN Z100001G, Gesamtbevölkerung, Stichtag 30.06.;
456016;03456016;Ohne;Ohne;Mitgliedsgemeinde;Schüttorf;1978;534;LSN Z100001G, Gesamtbevölkerung, Stichtag 30.06.;
456016;03456016;Ohne;Ohne;Mitgliedsgemeinde;Schüttorf;1979;533;LSN Z100001G, Gesamtbevölkerung, Stichtag 30.06.;
456016;03456016;Ohne;Ohne;Mitgliedsgemeinde;Schüttorf;1980;543;LSN Z100001G, Gesamtbevölkerung, Stichtag 30.06.;33,7
456016;03456016;Ohne;Ohne;Mitgliedsgemeinde;Schüttorf;1981;537;LSN Z100001G, Gesamtbevölkerung, Stichtag 30.06.;
456016;03456016;Ohne;Ohne;Mitgliedsgemeinde;Schüttorf;1982;518;LSN Z100001G, Gesamtbevölkerung, Stichtag 30.06.;
456016;03456016;Ohne;Ohne;Mitgliedsgemeinde;Schüttorf;1983;511;LSN Z100001G, Gesamtbevölkerung, Stichtag 30.06.;
456016;03456016;Ohne;Ohne;Mitgliedsgemeinde;Schüttorf;1984;504;LSN Z100001G, Gesamtbevölkerung, Stichtag 30.06.;
456016;03456016;Ohne;Ohne;Mitgliedsgemeinde;Schüttorf;1985;503;LSN Z100001G, Gesamtbevölkerung, Stichtag 30.06.;35,6
456016;03456016;Ohne;Ohne;Mitgliedsgemeinde;Schüttorf;1986;494;LSN Z100001G, Gesamtbevölkerung, Stichtag 30.06.;
456016;03456016;Ohne;Ohne;Mitgliedsgemeinde;Schüttorf;1987;505;LSN Z100001G, Gesamtbevölkerung, Stichtag 30.06.;
456016;03456016;Ohne;Ohne;Mitgliedsgemeinde;Schüttorf;1988;505;LSN Z100001G, Gesamtbevölkerung, Stichtag 30.06.;
456016;03456016;Ohne;Ohne;Mitgliedsgemeinde;Schüttorf;1989;507;LSN Z100001G, Gesamtbevölkerung, Stichtag 30.06.;
456016;03456016;Ohne;Ohne;Mitgliedsgemeinde;Schüttorf;1990;504;LSN Z100001G, Gesamtbevölkerung, Stichtag 30.06.;36,5
456016;03456016;Ohne;Ohne;Mitgliedsgemeinde;Schüttorf;1991;514;LSN Z100001G, Gesamtbevölkerung, Stichtag 30.06.;
456016;03456016;Ohne;Ohne;Mitgliedsgemeinde;Schüttorf;1992;519;LSN Z100001G, Gesamtbevölkerung, Stichtag 30.06.;
456016;03456016;Ohne;Ohne;Mitgliedsgemeinde;Schüttorf;1993;527;LSN Z100001G, Gesamtbevölkerung, Stichtag 30.06.;
456016;03456016;Ohne;Ohne;Mitgliedsgemeinde;Schüttorf;1994;518;LSN Z100001G, Gesamtbevölkerung, Stichtag 30.06.;
456016;03456016;Ohne;Ohne;Mitgliedsgemeinde;Schüttorf;1995;526;LSN Z100001G, Gesamtbevölkerung, Stichtag 30.06.;38,0
456016;03456016;Ohne;Ohne;Mitgliedsgemeinde;Schüttorf;1996;532;LSN Z100001G, Gesamtbevölkerung, Stichtag 30.06.;
456016;03456016;Ohne;Ohne;Mitgliedsgemeinde;Schüttorf;1997;542;LSN Z100001G, Gesamtbevölkerung, Stichtag 30.06.;
456016;03456016;Ohne;Ohne;Mitgliedsgemeinde;Schüttorf;1998;557;LSN Z100001G, Gesamtbevölkerung, Stichtag 30.06.;
456016;03456016;Ohne;Ohne;Mitgliedsgemeinde;Schüttorf;1999;551;LSN Z100001G, Gesamtbevölkerung, Stichtag 30.06.;
456016;03456016;Ohne;Ohne;Mitgliedsgemeinde;Schüttorf;2000;557;LSN Z100001G, Gesamtbevölkerung, Stichtag 30.06.;39,4
456016;03456016;Ohne;Ohne;Mitgliedsgemeinde;Schüttorf;2001;558;LSN Z100001G, Gesamtbevölkerung, Stichtag 30.06.;
456016;03456016;Ohne;Ohne;Mitgliedsgemeinde;Schüttorf;2002;585;LSN Z100001G, Gesamtbevölkerung, Stichtag 30.06.;
456016;03456016;Ohne;Ohne;Mitgliedsgemeinde;Schüttorf;2003;579;LSN Z100001G, Gesamtbevölkerung, Stichtag 30.06.;
456016;03456016;Ohne;Ohne;Mitgliedsgemeinde;Schüttorf;2004;589;LSN Z100001G, Gesamtbevölkerung, Stichtag 30.06.;
456016;03456016;Ohne;Ohne;Mitgliedsgemeinde;Schüttorf;2005;593;LSN Z100001G, Gesamtbevölkerung, Stichtag 30.06.;39,5
456016;03456016;Ohne;Ohne;Mitgliedsgemeinde;Schüttorf;2006;598;LSN Z100001G, Gesamtbevölkerung, Stichtag 30.06.;
456016;03456016;Ohne;Ohne;Mitgliedsgemeinde;Schüttorf;2007;592;LSN Z100001G, Gesamtbevölkerung, Stichtag 30.06.;
456016;03456016;Ohne;Ohne;Mitgliedsgemeinde;Schüttorf;2008;594;LSN Z100001G, Gesamtbevölkerung, Stichtag 30.06.;
456016;03456016;Ohne;Ohne;Mitgliedsgemeinde;Schüttorf;2009;591;LSN Z100001G, Gesamtbevölkerung, Stichtag 30.06.;
456016;03456016;Ohne;Ohne;Mitgliedsgemeinde;Schüttorf;2010;580;LSN Z100001G, Gesamtbevölkerung, Stichtag 30.06.;41,6
456016;03456016;Ohne;Ohne;Mitgliedsgemeinde;Schüttorf;2011;599;LSN Z100001G, Gesamtbevölkerung, Stichtag 30.06.;41,0
456016;03456016;Ohne;Ohne;Mitgliedsgemeinde;Schüttorf;2012;587;LSN Z100001G, Gesamtbevölkerung, Stichtag 30.06.;41,8
456016;03456016;Ohne;Ohne;Mitgliedsgemeinde;Schüttorf;2013;578;LSN Z100001G, Gesamtbevölkerung, Stichtag 30.06.;42,3
456016;03456016;Ohne;Ohne;Mitgliedsgemeinde;Schüttorf;2014;580;LSN Z100001G, Gesamtbevölkerung, Stichtag 30.06.;43,3
456016;03456016;Ohne;Ohne;Mitgliedsgemeinde;Schüttorf;2015;572;LSN Z100001G, Gesamtbevölkerung, Stichtag 30.06.;42,9
456016;03456016;Ohne;Ohne;Mitgliedsgemeinde;Schüttorf;2016;585;LSN Z100001G, Gesamtbevölkerung, Stichtag 30.06.;42,9
456016;03456016;Ohne;Ohne;Mitgliedsgemeinde;Schüttorf;2017;589;LSN Z100001G, Gesamtbevölkerung, Stichtag 30.06.;42,1
456016;03456016;Ohne;Ohne;Mitgliedsgemeinde;Schüttorf;2018;598;LSN Z100001G, Gesamtbevölkerung, Stichtag 30.06.;42,6
456016;03456016;Ohne;Ohne;Mitgliedsgemeinde;Schüttorf;2019;586;LSN Z100001G, Gesamtbevölkerung, Stichtag 30.06.;43,4
456016;03456016;Ohne;Ohne;Mitgliedsgemeinde;Schüttorf;2020;578;LSN Z100001G, Gesamtbevölkerung, Stichtag 30.06.;43,6
456016;03456016;Ohne;Ohne;Mitgliedsgemeinde;Schüttorf;2021;577;LSN Z100001G, Gesamtbevölkerung, Stichtag 30.06.;44,0
456016;03456016;Ohne;Ohne;Mitgliedsgemeinde;Schüttorf;2022;617;LSN Z100001G, Gesamtbevölkerung, Stichtag 30.06.;42,9
456016;03456016;Ohne;Ohne;Mitgliedsgemeinde;Schüttorf;2023;637;LSN Z100001G, Gesamtbevölkerung, Stichtag 30.06.;42,7
456016;03456016;Ohne;Ohne;Mitgliedsgemeinde;Schüttorf;2024;637;LSN Z100001G, Gesamtbevölkerung, Stichtag 30.06.;43,1
456016;03456016;Ohne;Ohne;Mitgliedsgemeinde;Schüttorf;2025;648;LSN Z100001G, Gesamtbevölkerung, Stichtag 30.06.;43,2
456016;03456016;Ohne;Ohne;Mitgliedsgemeinde;Schüttorf;2026;642;LSN Z100001G, Gesamtbevölkerung, Stichtag 30.06.;
456017;03456017;Osterwald;Osterwald;Mitgliedsgemeinde;Neuenhaus;1821;813;Historische Reihe nach bisheriger Uelschen-/Historientabelle;
456017;03456017;Osterwald;Osterwald;Mitgliedsgemeinde;Neuenhaus;1848;930;Historische Reihe nach bisheriger Uelschen-/Historientabelle;
456017;03456017;Osterwald;Osterwald;Mitgliedsgemeinde;Neuenhaus;1871;918;Historische Reihe nach bisheriger Uelschen-/Historientabelle;
456017;03456017;Osterwald;Osterwald;Mitgliedsgemeinde;Neuenhaus;1885;959;Historische Reihe nach bisheriger Uelschen-/Historientabelle;
456017;03456017;Osterwald;Osterwald;Mitgliedsgemeinde;Neuenhaus;1905;1059;Historische Reihe nach bisheriger Uelschen-/Historientabelle;
456017;03456017;Osterwald;Osterwald;Mitgliedsgemeinde;Neuenhaus;1925;1191;Historische Reihe nach bisheriger Uelschen-/Historientabelle;
456017;03456017;Osterwald;Osterwald;Mitgliedsgemeinde;Neuenhaus;1933;1183;Historische Reihe nach bisheriger Uelschen-/Historientabelle;
456017;03456017;Osterwald;Osterwald;Mitgliedsgemeinde;Neuenhaus;1939;1185;Historische Reihe nach bisheriger Uelschen-/Historientabelle;
456017;03456017;Osterwald;Osterwald;Mitgliedsgemeinde;Neuenhaus;1946;1607;Historische Reihe nach bisheriger Uelschen-/Historientabelle;
456017;03456017;Osterwald;Osterwald;Mitgliedsgemeinde;Neuenhaus;1950;1614;Historische Reihe nach bisheriger Uelschen-/Historientabelle;
456017;03456017;Osterwald;Osterwald;Mitgliedsgemeinde;Neuenhaus;1956;1473;Historische Reihe nach bisheriger Uelschen-/Historientabelle;
456017;03456017;Osterwald;Osterwald;Mitgliedsgemeinde;Neuenhaus;1961;1418;Historische Reihe nach bisheriger Uelschen-/Historientabelle;
456017;03456017;Osterwald;Osterwald;Mitgliedsgemeinde;Neuenhaus;1970;1359;Historische Reihe nach bisheriger Uelschen-/Historientabelle;32,2
456017;03456017;Osterwald;Osterwald;Mitgliedsgemeinde;Neuenhaus;1973;1352;LSN Z100001G, Gesamtbevölkerung, Stichtag 30.06.;
456017;03456017;Osterwald;Osterwald;Mitgliedsgemeinde;Neuenhaus;1974;1334;LSN Z100001G, Gesamtbevölkerung, Stichtag 30.06.;
456017;03456017;Osterwald;Osterwald;Mitgliedsgemeinde;Neuenhaus;1975;1303;LSN Z100001G, Gesamtbevölkerung, Stichtag 30.06.;33,6
456017;03456017;Osterwald;Osterwald;Mitgliedsgemeinde;Neuenhaus;1976;1264;LSN Z100001G, Gesamtbevölkerung, Stichtag 30.06.;
456017;03456017;Osterwald;Osterwald;Mitgliedsgemeinde;Neuenhaus;1977;1224;LSN Z100001G, Gesamtbevölkerung, Stichtag 30.06.;
456017;03456017;Osterwald;Osterwald;Mitgliedsgemeinde;Neuenhaus;1978;1188;LSN Z100001G, Gesamtbevölkerung, Stichtag 30.06.;
456017;03456017;Osterwald;Osterwald;Mitgliedsgemeinde;Neuenhaus;1979;1214;LSN Z100001G, Gesamtbevölkerung, Stichtag 30.06.;
456017;03456017;Osterwald;Osterwald;Mitgliedsgemeinde;Neuenhaus;1980;1210;LSN Z100001G, Gesamtbevölkerung, Stichtag 30.06.;34,8
456017;03456017;Osterwald;Osterwald;Mitgliedsgemeinde;Neuenhaus;1981;1191;LSN Z100001G, Gesamtbevölkerung, Stichtag 30.06.;
456017;03456017;Osterwald;Osterwald;Mitgliedsgemeinde;Neuenhaus;1982;1160;LSN Z100001G, Gesamtbevölkerung, Stichtag 30.06.;
456017;03456017;Osterwald;Osterwald;Mitgliedsgemeinde;Neuenhaus;1983;1137;LSN Z100001G, Gesamtbevölkerung, Stichtag 30.06.;
456017;03456017;Osterwald;Osterwald;Mitgliedsgemeinde;Neuenhaus;1984;1164;LSN Z100001G, Gesamtbevölkerung, Stichtag 30.06.;
456017;03456017;Osterwald;Osterwald;Mitgliedsgemeinde;Neuenhaus;1985;1175;LSN Z100001G, Gesamtbevölkerung, Stichtag 30.06.;35,3
456017;03456017;Osterwald;Osterwald;Mitgliedsgemeinde;Neuenhaus;1986;1163;LSN Z100001G, Gesamtbevölkerung, Stichtag 30.06.;
456017;03456017;Osterwald;Osterwald;Mitgliedsgemeinde;Neuenhaus;1987;1244;LSN Z100001G, Gesamtbevölkerung, Stichtag 30.06.;
456017;03456017;Osterwald;Osterwald;Mitgliedsgemeinde;Neuenhaus;1988;1232;LSN Z100001G, Gesamtbevölkerung, Stichtag 30.06.;
456017;03456017;Osterwald;Osterwald;Mitgliedsgemeinde;Neuenhaus;1989;1213;LSN Z100001G, Gesamtbevölkerung, Stichtag 30.06.;
456017;03456017;Osterwald;Osterwald;Mitgliedsgemeinde;Neuenhaus;1990;1226;LSN Z100001G, Gesamtbevölkerung, Stichtag 30.06.;36,4
456017;03456017;Osterwald;Osterwald;Mitgliedsgemeinde;Neuenhaus;1991;1216;LSN Z100001G, Gesamtbevölkerung, Stichtag 30.06.;
456017;03456017;Osterwald;Osterwald;Mitgliedsgemeinde;Neuenhaus;1992;1222;LSN Z100001G, Gesamtbevölkerung, Stichtag 30.06.;
456017;03456017;Osterwald;Osterwald;Mitgliedsgemeinde;Neuenhaus;1993;1232;LSN Z100001G, Gesamtbevölkerung, Stichtag 30.06.;
456017;03456017;Osterwald;Osterwald;Mitgliedsgemeinde;Neuenhaus;1994;1216;LSN Z100001G, Gesamtbevölkerung, Stichtag 30.06.;
456017;03456017;Osterwald;Osterwald;Mitgliedsgemeinde;Neuenhaus;1995;1221;LSN Z100001G, Gesamtbevölkerung, Stichtag 30.06.;37,0
456017;03456017;Osterwald;Osterwald;Mitgliedsgemeinde;Neuenhaus;1996;1192;LSN Z100001G, Gesamtbevölkerung, Stichtag 30.06.;
456017;03456017;Osterwald;Osterwald;Mitgliedsgemeinde;Neuenhaus;1997;1196;LSN Z100001G, Gesamtbevölkerung, Stichtag 30.06.;
456017;03456017;Osterwald;Osterwald;Mitgliedsgemeinde;Neuenhaus;1998;1195;LSN Z100001G, Gesamtbevölkerung, Stichtag 30.06.;
456017;03456017;Osterwald;Osterwald;Mitgliedsgemeinde;Neuenhaus;1999;1191;LSN Z100001G, Gesamtbevölkerung, Stichtag 30.06.;
456017;03456017;Osterwald;Osterwald;Mitgliedsgemeinde;Neuenhaus;2000;1190;LSN Z100001G, Gesamtbevölkerung, Stichtag 30.06.;37,8
456017;03456017;Osterwald;Osterwald;Mitgliedsgemeinde;Neuenhaus;2001;1197;LSN Z100001G, Gesamtbevölkerung, Stichtag 30.06.;
456017;03456017;Osterwald;Osterwald;Mitgliedsgemeinde;Neuenhaus;2002;1217;LSN Z100001G, Gesamtbevölkerung, Stichtag 30.06.;
456017;03456017;Osterwald;Osterwald;Mitgliedsgemeinde;Neuenhaus;2003;1195;LSN Z100001G, Gesamtbevölkerung, Stichtag 30.06.;
456017;03456017;Osterwald;Osterwald;Mitgliedsgemeinde;Neuenhaus;2004;1168;LSN Z100001G, Gesamtbevölkerung, Stichtag 30.06.;
456017;03456017;Osterwald;Osterwald;Mitgliedsgemeinde;Neuenhaus;2005;1167;LSN Z100001G, Gesamtbevölkerung, Stichtag 30.06.;39,3
456017;03456017;Osterwald;Osterwald;Mitgliedsgemeinde;Neuenhaus;2006;1158;LSN Z100001G, Gesamtbevölkerung, Stichtag 30.06.;
456017;03456017;Osterwald;Osterwald;Mitgliedsgemeinde;Neuenhaus;2007;1164;LSN Z100001G, Gesamtbevölkerung, Stichtag 30.06.;
456017;03456017;Osterwald;Osterwald;Mitgliedsgemeinde;Neuenhaus;2008;1163;LSN Z100001G, Gesamtbevölkerung, Stichtag 30.06.;
456017;03456017;Osterwald;Osterwald;Mitgliedsgemeinde;Neuenhaus;2009;1174;LSN Z100001G, Gesamtbevölkerung, Stichtag 30.06.;
456017;03456017;Osterwald;Osterwald;Mitgliedsgemeinde;Neuenhaus;2010;1162;LSN Z100001G, Gesamtbevölkerung, Stichtag 30.06.;40,2
456017;03456017;Osterwald;Osterwald;Mitgliedsgemeinde;Neuenhaus;2011;1175;LSN Z100001G, Gesamtbevölkerung, Stichtag 30.06.;40,5
456017;03456017;Osterwald;Osterwald;Mitgliedsgemeinde;Neuenhaus;2012;1170;LSN Z100001G, Gesamtbevölkerung, Stichtag 30.06.;40,5
456017;03456017;Osterwald;Osterwald;Mitgliedsgemeinde;Neuenhaus;2013;1162;LSN Z100001G, Gesamtbevölkerung, Stichtag 30.06.;40,7
456017;03456017;Osterwald;Osterwald;Mitgliedsgemeinde;Neuenhaus;2014;1174;LSN Z100001G, Gesamtbevölkerung, Stichtag 30.06.;40,9
456017;03456017;Osterwald;Osterwald;Mitgliedsgemeinde;Neuenhaus;2015;1177;LSN Z100001G, Gesamtbevölkerung, Stichtag 30.06.;41,4
456017;03456017;Osterwald;Osterwald;Mitgliedsgemeinde;Neuenhaus;2016;1158;LSN Z100001G, Gesamtbevölkerung, Stichtag 30.06.;41,4
456017;03456017;Osterwald;Osterwald;Mitgliedsgemeinde;Neuenhaus;2017;1168;LSN Z100001G, Gesamtbevölkerung, Stichtag 30.06.;41,0
456017;03456017;Osterwald;Osterwald;Mitgliedsgemeinde;Neuenhaus;2018;1174;LSN Z100001G, Gesamtbevölkerung, Stichtag 30.06.;41,2
456017;03456017;Osterwald;Osterwald;Mitgliedsgemeinde;Neuenhaus;2019;1172;LSN Z100001G, Gesamtbevölkerung, Stichtag 30.06.;41,3
456017;03456017;Osterwald;Osterwald;Mitgliedsgemeinde;Neuenhaus;2020;1190;LSN Z100001G, Gesamtbevölkerung, Stichtag 30.06.;41,6
456017;03456017;Osterwald;Osterwald;Mitgliedsgemeinde;Neuenhaus;2021;1197;LSN Z100001G, Gesamtbevölkerung, Stichtag 30.06.;41,7
456017;03456017;Osterwald;Osterwald;Mitgliedsgemeinde;Neuenhaus;2022;1225;LSN Z100001G, Gesamtbevölkerung, Stichtag 30.06.;41,0
456017;03456017;Osterwald;Osterwald;Mitgliedsgemeinde;Neuenhaus;2023;1210;LSN Z100001G, Gesamtbevölkerung, Stichtag 30.06.;41,7
456017;03456017;Osterwald;Osterwald;Mitgliedsgemeinde;Neuenhaus;2024;1198;LSN Z100001G, Gesamtbevölkerung, Stichtag 30.06.;42,3
456017;03456017;Osterwald;Osterwald;Mitgliedsgemeinde;Neuenhaus;2025;1158;LSN Z100001G, Gesamtbevölkerung, Stichtag 30.06.;43,2
456017;03456017;Osterwald;Osterwald;Mitgliedsgemeinde;Neuenhaus;2026;1155;LSN Z100001G, Gesamtbevölkerung, Stichtag 30.06.;
456018;03456018;Quendorf;Quendorf;Mitgliedsgemeinde;Schüttorf;1821;407;Historische Reihe nach bisheriger Uelschen-/Historientabelle;
456018;03456018;Quendorf;Quendorf;Mitgliedsgemeinde;Schüttorf;1848;445;Historische Reihe nach bisheriger Uelschen-/Historientabelle;
456018;03456018;Quendorf;Quendorf;Mitgliedsgemeinde;Schüttorf;1871;447;Historische Reihe nach bisheriger Uelschen-/Historientabelle;
456018;03456018;Quendorf;Quendorf;Mitgliedsgemeinde;Schüttorf;1885;468;Historische Reihe nach bisheriger Uelschen-/Historientabelle;
456018;03456018;Quendorf;Quendorf;Mitgliedsgemeinde;Schüttorf;1905;457;Historische Reihe nach bisheriger Uelschen-/Historientabelle;
456018;03456018;Quendorf;Quendorf;Mitgliedsgemeinde;Schüttorf;1925;490;Historische Reihe nach bisheriger Uelschen-/Historientabelle;
456018;03456018;Quendorf;Quendorf;Mitgliedsgemeinde;Schüttorf;1933;580;Historische Reihe nach bisheriger Uelschen-/Historientabelle;
456018;03456018;Quendorf;Quendorf;Mitgliedsgemeinde;Schüttorf;1939;550;Historische Reihe nach bisheriger Uelschen-/Historientabelle;
456018;03456018;Quendorf;Quendorf;Mitgliedsgemeinde;Schüttorf;1946;652;Historische Reihe nach bisheriger Uelschen-/Historientabelle;
456018;03456018;Quendorf;Quendorf;Mitgliedsgemeinde;Schüttorf;1950;674;Historische Reihe nach bisheriger Uelschen-/Historientabelle;
456018;03456018;Quendorf;Quendorf;Mitgliedsgemeinde;Schüttorf;1956;594;Historische Reihe nach bisheriger Uelschen-/Historientabelle;
456018;03456018;Quendorf;Quendorf;Mitgliedsgemeinde;Schüttorf;1961;594;Historische Reihe nach bisheriger Uelschen-/Historientabelle;
456018;03456018;Quendorf;Quendorf;Mitgliedsgemeinde;Schüttorf;1970;630;Historische Reihe nach bisheriger Uelschen-/Historientabelle;32,8
456018;03456018;Quendorf;Quendorf;Mitgliedsgemeinde;Schüttorf;1973;614;LSN Z100001G, Gesamtbevölkerung, Stichtag 30.06.;
456018;03456018;Quendorf;Quendorf;Mitgliedsgemeinde;Schüttorf;1974;611;LSN Z100001G, Gesamtbevölkerung, Stichtag 30.06.;
456018;03456018;Quendorf;Quendorf;Mitgliedsgemeinde;Schüttorf;1975;609;LSN Z100001G, Gesamtbevölkerung, Stichtag 30.06.;34,1
456018;03456018;Quendorf;Quendorf;Mitgliedsgemeinde;Schüttorf;1976;604;LSN Z100001G, Gesamtbevölkerung, Stichtag 30.06.;
456018;03456018;Quendorf;Quendorf;Mitgliedsgemeinde;Schüttorf;1977;599;LSN Z100001G, Gesamtbevölkerung, Stichtag 30.06.;
456018;03456018;Quendorf;Quendorf;Mitgliedsgemeinde;Schüttorf;1978;592;LSN Z100001G, Gesamtbevölkerung, Stichtag 30.06.;
456018;03456018;Quendorf;Quendorf;Mitgliedsgemeinde;Schüttorf;1979;592;LSN Z100001G, Gesamtbevölkerung, Stichtag 30.06.;
456018;03456018;Quendorf;Quendorf;Mitgliedsgemeinde;Schüttorf;1980;588;LSN Z100001G, Gesamtbevölkerung, Stichtag 30.06.;35,3
456018;03456018;Quendorf;Quendorf;Mitgliedsgemeinde;Schüttorf;1981;583;LSN Z100001G, Gesamtbevölkerung, Stichtag 30.06.;
456018;03456018;Quendorf;Quendorf;Mitgliedsgemeinde;Schüttorf;1982;568;LSN Z100001G, Gesamtbevölkerung, Stichtag 30.06.;
456018;03456018;Quendorf;Quendorf;Mitgliedsgemeinde;Schüttorf;1983;572;LSN Z100001G, Gesamtbevölkerung, Stichtag 30.06.;
456018;03456018;Quendorf;Quendorf;Mitgliedsgemeinde;Schüttorf;1984;565;LSN Z100001G, Gesamtbevölkerung, Stichtag 30.06.;
456018;03456018;Quendorf;Quendorf;Mitgliedsgemeinde;Schüttorf;1985;569;LSN Z100001G, Gesamtbevölkerung, Stichtag 30.06.;36,4
456018;03456018;Quendorf;Quendorf;Mitgliedsgemeinde;Schüttorf;1986;555;LSN Z100001G, Gesamtbevölkerung, Stichtag 30.06.;
456018;03456018;Quendorf;Quendorf;Mitgliedsgemeinde;Schüttorf;1987;555;LSN Z100001G, Gesamtbevölkerung, Stichtag 30.06.;
456018;03456018;Quendorf;Quendorf;Mitgliedsgemeinde;Schüttorf;1988;552;LSN Z100001G, Gesamtbevölkerung, Stichtag 30.06.;
456018;03456018;Quendorf;Quendorf;Mitgliedsgemeinde;Schüttorf;1989;535;LSN Z100001G, Gesamtbevölkerung, Stichtag 30.06.;
456018;03456018;Quendorf;Quendorf;Mitgliedsgemeinde;Schüttorf;1990;539;LSN Z100001G, Gesamtbevölkerung, Stichtag 30.06.;37,2
456018;03456018;Quendorf;Quendorf;Mitgliedsgemeinde;Schüttorf;1991;528;LSN Z100001G, Gesamtbevölkerung, Stichtag 30.06.;
456018;03456018;Quendorf;Quendorf;Mitgliedsgemeinde;Schüttorf;1992;521;LSN Z100001G, Gesamtbevölkerung, Stichtag 30.06.;
456018;03456018;Quendorf;Quendorf;Mitgliedsgemeinde;Schüttorf;1993;523;LSN Z100001G, Gesamtbevölkerung, Stichtag 30.06.;
456018;03456018;Quendorf;Quendorf;Mitgliedsgemeinde;Schüttorf;1994;525;LSN Z100001G, Gesamtbevölkerung, Stichtag 30.06.;
456018;03456018;Quendorf;Quendorf;Mitgliedsgemeinde;Schüttorf;1995;526;LSN Z100001G, Gesamtbevölkerung, Stichtag 30.06.;39,2
456018;03456018;Quendorf;Quendorf;Mitgliedsgemeinde;Schüttorf;1996;534;LSN Z100001G, Gesamtbevölkerung, Stichtag 30.06.;
456018;03456018;Quendorf;Quendorf;Mitgliedsgemeinde;Schüttorf;1997;528;LSN Z100001G, Gesamtbevölkerung, Stichtag 30.06.;
456018;03456018;Quendorf;Quendorf;Mitgliedsgemeinde;Schüttorf;1998;527;LSN Z100001G, Gesamtbevölkerung, Stichtag 30.06.;
456018;03456018;Quendorf;Quendorf;Mitgliedsgemeinde;Schüttorf;1999;536;LSN Z100001G, Gesamtbevölkerung, Stichtag 30.06.;
456018;03456018;Quendorf;Quendorf;Mitgliedsgemeinde;Schüttorf;2000;546;LSN Z100001G, Gesamtbevölkerung, Stichtag 30.06.;41,3
456018;03456018;Quendorf;Quendorf;Mitgliedsgemeinde;Schüttorf;2001;548;LSN Z100001G, Gesamtbevölkerung, Stichtag 30.06.;
456018;03456018;Quendorf;Quendorf;Mitgliedsgemeinde;Schüttorf;2002;539;LSN Z100001G, Gesamtbevölkerung, Stichtag 30.06.;
456018;03456018;Quendorf;Quendorf;Mitgliedsgemeinde;Schüttorf;2003;562;LSN Z100001G, Gesamtbevölkerung, Stichtag 30.06.;
456018;03456018;Quendorf;Quendorf;Mitgliedsgemeinde;Schüttorf;2004;568;LSN Z100001G, Gesamtbevölkerung, Stichtag 30.06.;
456018;03456018;Quendorf;Quendorf;Mitgliedsgemeinde;Schüttorf;2005;576;LSN Z100001G, Gesamtbevölkerung, Stichtag 30.06.;42,1
456018;03456018;Quendorf;Quendorf;Mitgliedsgemeinde;Schüttorf;2006;556;LSN Z100001G, Gesamtbevölkerung, Stichtag 30.06.;
456018;03456018;Quendorf;Quendorf;Mitgliedsgemeinde;Schüttorf;2007;568;LSN Z100001G, Gesamtbevölkerung, Stichtag 30.06.;
456018;03456018;Quendorf;Quendorf;Mitgliedsgemeinde;Schüttorf;2008;582;LSN Z100001G, Gesamtbevölkerung, Stichtag 30.06.;
456018;03456018;Quendorf;Quendorf;Mitgliedsgemeinde;Schüttorf;2009;583;LSN Z100001G, Gesamtbevölkerung, Stichtag 30.06.;
456018;03456018;Quendorf;Quendorf;Mitgliedsgemeinde;Schüttorf;2010;580;LSN Z100001G, Gesamtbevölkerung, Stichtag 30.06.;42,5
456018;03456018;Quendorf;Quendorf;Mitgliedsgemeinde;Schüttorf;2011;560;LSN Z100001G, Gesamtbevölkerung, Stichtag 30.06.;41,4
456018;03456018;Quendorf;Quendorf;Mitgliedsgemeinde;Schüttorf;2012;551;LSN Z100001G, Gesamtbevölkerung, Stichtag 30.06.;41,7
456018;03456018;Quendorf;Quendorf;Mitgliedsgemeinde;Schüttorf;2013;542;LSN Z100001G, Gesamtbevölkerung, Stichtag 30.06.;41,6
456018;03456018;Quendorf;Quendorf;Mitgliedsgemeinde;Schüttorf;2014;548;LSN Z100001G, Gesamtbevölkerung, Stichtag 30.06.;42,0
456018;03456018;Quendorf;Quendorf;Mitgliedsgemeinde;Schüttorf;2015;552;LSN Z100001G, Gesamtbevölkerung, Stichtag 30.06.;42,0
456018;03456018;Quendorf;Quendorf;Mitgliedsgemeinde;Schüttorf;2016;556;LSN Z100001G, Gesamtbevölkerung, Stichtag 30.06.;41,7
456018;03456018;Quendorf;Quendorf;Mitgliedsgemeinde;Schüttorf;2017;564;LSN Z100001G, Gesamtbevölkerung, Stichtag 30.06.;41,0
456018;03456018;Quendorf;Quendorf;Mitgliedsgemeinde;Schüttorf;2018;569;LSN Z100001G, Gesamtbevölkerung, Stichtag 30.06.;40,0
456018;03456018;Quendorf;Quendorf;Mitgliedsgemeinde;Schüttorf;2019;589;LSN Z100001G, Gesamtbevölkerung, Stichtag 30.06.;40,0
456018;03456018;Quendorf;Quendorf;Mitgliedsgemeinde;Schüttorf;2020;596;LSN Z100001G, Gesamtbevölkerung, Stichtag 30.06.;39,6
456018;03456018;Quendorf;Quendorf;Mitgliedsgemeinde;Schüttorf;2021;605;LSN Z100001G, Gesamtbevölkerung, Stichtag 30.06.;40,0
456018;03456018;Quendorf;Quendorf;Mitgliedsgemeinde;Schüttorf;2022;649;LSN Z100001G, Gesamtbevölkerung, Stichtag 30.06.;40,2
456018;03456018;Quendorf;Quendorf;Mitgliedsgemeinde;Schüttorf;2023;655;LSN Z100001G, Gesamtbevölkerung, Stichtag 30.06.;40,6
456018;03456018;Quendorf;Quendorf;Mitgliedsgemeinde;Schüttorf;2024;642;LSN Z100001G, Gesamtbevölkerung, Stichtag 30.06.;41,0
456018;03456018;Quendorf;Quendorf;Mitgliedsgemeinde;Schüttorf;2025;638;LSN Z100001G, Gesamtbevölkerung, Stichtag 30.06.;41,9
456018;03456018;Quendorf;Quendorf;Mitgliedsgemeinde;Schüttorf;2026;640;LSN Z100001G, Gesamtbevölkerung, Stichtag 30.06.;
456019;03456019;Ringe;Ringe;Mitgliedsgemeinde;Emlichheim;1821;459;Historische Reihe nach bisheriger Uelschen-/Historientabelle;
456019;03456019;Ringe;Ringe;Mitgliedsgemeinde;Emlichheim;1848;576;Historische Reihe nach bisheriger Uelschen-/Historientabelle;
456019;03456019;Ringe;Ringe;Mitgliedsgemeinde;Emlichheim;1871;684;Historische Reihe nach bisheriger Uelschen-/Historientabelle;
456019;03456019;Ringe;Ringe;Mitgliedsgemeinde;Emlichheim;1885;869;Historische Reihe nach bisheriger Uelschen-/Historientabelle;
456019;03456019;Ringe;Ringe;Mitgliedsgemeinde;Emlichheim;1905;928;Historische Reihe nach bisheriger Uelschen-/Historientabelle;
456019;03456019;Ringe;Ringe;Mitgliedsgemeinde;Emlichheim;1925;970;Historische Reihe nach bisheriger Uelschen-/Historientabelle;
456019;03456019;Ringe;Ringe;Mitgliedsgemeinde;Emlichheim;1933;969;Historische Reihe nach bisheriger Uelschen-/Historientabelle;
456019;03456019;Ringe;Ringe;Mitgliedsgemeinde;Emlichheim;1939;1007;Historische Reihe nach bisheriger Uelschen-/Historientabelle;
456019;03456019;Ringe;Ringe;Mitgliedsgemeinde;Emlichheim;1946;1840;Historische Reihe nach bisheriger Uelschen-/Historientabelle;
456019;03456019;Ringe;Ringe;Mitgliedsgemeinde;Emlichheim;1950;2299;Historische Reihe nach bisheriger Uelschen-/Historientabelle;
456019;03456019;Ringe;Ringe;Mitgliedsgemeinde;Emlichheim;1956;2026;Historische Reihe nach bisheriger Uelschen-/Historientabelle;
456019;03456019;Ringe;Ringe;Mitgliedsgemeinde;Emlichheim;1961;1926;Historische Reihe nach bisheriger Uelschen-/Historientabelle;
456019;03456019;Ringe;Ringe;Mitgliedsgemeinde;Emlichheim;1970;2011;Historische Reihe nach bisheriger Uelschen-/Historientabelle;32,4
456019;03456019;Ringe;Ringe;Mitgliedsgemeinde;Emlichheim;1973;2000;LSN Z100001G, Gesamtbevölkerung, Stichtag 30.06.;
456019;03456019;Ringe;Ringe;Mitgliedsgemeinde;Emlichheim;1974;2027;LSN Z100001G, Gesamtbevölkerung, Stichtag 30.06.;
456019;03456019;Ringe;Ringe;Mitgliedsgemeinde;Emlichheim;1975;1969;LSN Z100001G, Gesamtbevölkerung, Stichtag 30.06.;33,6
456019;03456019;Ringe;Ringe;Mitgliedsgemeinde;Emlichheim;1976;1979;LSN Z100001G, Gesamtbevölkerung, Stichtag 30.06.;
456019;03456019;Ringe;Ringe;Mitgliedsgemeinde;Emlichheim;1977;1993;LSN Z100001G, Gesamtbevölkerung, Stichtag 30.06.;
456019;03456019;Ringe;Ringe;Mitgliedsgemeinde;Emlichheim;1978;1984;LSN Z100001G, Gesamtbevölkerung, Stichtag 30.06.;
456019;03456019;Ringe;Ringe;Mitgliedsgemeinde;Emlichheim;1979;1960;LSN Z100001G, Gesamtbevölkerung, Stichtag 30.06.;
456019;03456019;Ringe;Ringe;Mitgliedsgemeinde;Emlichheim;1980;1943;LSN Z100001G, Gesamtbevölkerung, Stichtag 30.06.;35,2
456019;03456019;Ringe;Ringe;Mitgliedsgemeinde;Emlichheim;1981;1930;LSN Z100001G, Gesamtbevölkerung, Stichtag 30.06.;
456019;03456019;Ringe;Ringe;Mitgliedsgemeinde;Emlichheim;1982;1908;LSN Z100001G, Gesamtbevölkerung, Stichtag 30.06.;
456019;03456019;Ringe;Ringe;Mitgliedsgemeinde;Emlichheim;1983;1907;LSN Z100001G, Gesamtbevölkerung, Stichtag 30.06.;
456019;03456019;Ringe;Ringe;Mitgliedsgemeinde;Emlichheim;1984;1885;LSN Z100001G, Gesamtbevölkerung, Stichtag 30.06.;
456019;03456019;Ringe;Ringe;Mitgliedsgemeinde;Emlichheim;1985;1858;LSN Z100001G, Gesamtbevölkerung, Stichtag 30.06.;36,9
456019;03456019;Ringe;Ringe;Mitgliedsgemeinde;Emlichheim;1986;1868;LSN Z100001G, Gesamtbevölkerung, Stichtag 30.06.;
456019;03456019;Ringe;Ringe;Mitgliedsgemeinde;Emlichheim;1987;1828;LSN Z100001G, Gesamtbevölkerung, Stichtag 30.06.;
456019;03456019;Ringe;Ringe;Mitgliedsgemeinde;Emlichheim;1988;1806;LSN Z100001G, Gesamtbevölkerung, Stichtag 30.06.;
456019;03456019;Ringe;Ringe;Mitgliedsgemeinde;Emlichheim;1989;1849;LSN Z100001G, Gesamtbevölkerung, Stichtag 30.06.;
456019;03456019;Ringe;Ringe;Mitgliedsgemeinde;Emlichheim;1990;1873;LSN Z100001G, Gesamtbevölkerung, Stichtag 30.06.;36,2
456019;03456019;Ringe;Ringe;Mitgliedsgemeinde;Emlichheim;1991;1889;LSN Z100001G, Gesamtbevölkerung, Stichtag 30.06.;
456019;03456019;Ringe;Ringe;Mitgliedsgemeinde;Emlichheim;1992;1919;LSN Z100001G, Gesamtbevölkerung, Stichtag 30.06.;
456019;03456019;Ringe;Ringe;Mitgliedsgemeinde;Emlichheim;1993;1968;LSN Z100001G, Gesamtbevölkerung, Stichtag 30.06.;
456019;03456019;Ringe;Ringe;Mitgliedsgemeinde;Emlichheim;1994;1965;LSN Z100001G, Gesamtbevölkerung, Stichtag 30.06.;
456019;03456019;Ringe;Ringe;Mitgliedsgemeinde;Emlichheim;1995;1947;LSN Z100001G, Gesamtbevölkerung, Stichtag 30.06.;36,8
456019;03456019;Ringe;Ringe;Mitgliedsgemeinde;Emlichheim;1996;1965;LSN Z100001G, Gesamtbevölkerung, Stichtag 30.06.;
456019;03456019;Ringe;Ringe;Mitgliedsgemeinde;Emlichheim;1997;2000;LSN Z100001G, Gesamtbevölkerung, Stichtag 30.06.;
456019;03456019;Ringe;Ringe;Mitgliedsgemeinde;Emlichheim;1998;1989;LSN Z100001G, Gesamtbevölkerung, Stichtag 30.06.;
456019;03456019;Ringe;Ringe;Mitgliedsgemeinde;Emlichheim;1999;2012;LSN Z100001G, Gesamtbevölkerung, Stichtag 30.06.;
456019;03456019;Ringe;Ringe;Mitgliedsgemeinde;Emlichheim;2000;2012;LSN Z100001G, Gesamtbevölkerung, Stichtag 30.06.;37,3
456019;03456019;Ringe;Ringe;Mitgliedsgemeinde;Emlichheim;2001;2020;LSN Z100001G, Gesamtbevölkerung, Stichtag 30.06.;
456019;03456019;Ringe;Ringe;Mitgliedsgemeinde;Emlichheim;2002;2075;LSN Z100001G, Gesamtbevölkerung, Stichtag 30.06.;
456019;03456019;Ringe;Ringe;Mitgliedsgemeinde;Emlichheim;2003;2129;LSN Z100001G, Gesamtbevölkerung, Stichtag 30.06.;
456019;03456019;Ringe;Ringe;Mitgliedsgemeinde;Emlichheim;2004;2160;LSN Z100001G, Gesamtbevölkerung, Stichtag 30.06.;
456019;03456019;Ringe;Ringe;Mitgliedsgemeinde;Emlichheim;2005;2170;LSN Z100001G, Gesamtbevölkerung, Stichtag 30.06.;38,2
456019;03456019;Ringe;Ringe;Mitgliedsgemeinde;Emlichheim;2006;2159;LSN Z100001G, Gesamtbevölkerung, Stichtag 30.06.;
456019;03456019;Ringe;Ringe;Mitgliedsgemeinde;Emlichheim;2007;2169;LSN Z100001G, Gesamtbevölkerung, Stichtag 30.06.;
456019;03456019;Ringe;Ringe;Mitgliedsgemeinde;Emlichheim;2008;2141;LSN Z100001G, Gesamtbevölkerung, Stichtag 30.06.;
456019;03456019;Ringe;Ringe;Mitgliedsgemeinde;Emlichheim;2009;2179;LSN Z100001G, Gesamtbevölkerung, Stichtag 30.06.;
456019;03456019;Ringe;Ringe;Mitgliedsgemeinde;Emlichheim;2010;2194;LSN Z100001G, Gesamtbevölkerung, Stichtag 30.06.;40,1
456019;03456019;Ringe;Ringe;Mitgliedsgemeinde;Emlichheim;2011;2111;LSN Z100001G, Gesamtbevölkerung, Stichtag 30.06.;39,9
456019;03456019;Ringe;Ringe;Mitgliedsgemeinde;Emlichheim;2012;2118;LSN Z100001G, Gesamtbevölkerung, Stichtag 30.06.;40,2
456019;03456019;Ringe;Ringe;Mitgliedsgemeinde;Emlichheim;2013;2098;LSN Z100001G, Gesamtbevölkerung, Stichtag 30.06.;40,4
456019;03456019;Ringe;Ringe;Mitgliedsgemeinde;Emlichheim;2014;2090;LSN Z100001G, Gesamtbevölkerung, Stichtag 30.06.;41,1
456019;03456019;Ringe;Ringe;Mitgliedsgemeinde;Emlichheim;2015;2101;LSN Z100001G, Gesamtbevölkerung, Stichtag 30.06.;41,1
456019;03456019;Ringe;Ringe;Mitgliedsgemeinde;Emlichheim;2016;2095;LSN Z100001G, Gesamtbevölkerung, Stichtag 30.06.;41,4
456019;03456019;Ringe;Ringe;Mitgliedsgemeinde;Emlichheim;2017;2066;LSN Z100001G, Gesamtbevölkerung, Stichtag 30.06.;41,9
456019;03456019;Ringe;Ringe;Mitgliedsgemeinde;Emlichheim;2018;2052;LSN Z100001G, Gesamtbevölkerung, Stichtag 30.06.;42,3
456019;03456019;Ringe;Ringe;Mitgliedsgemeinde;Emlichheim;2019;2017;LSN Z100001G, Gesamtbevölkerung, Stichtag 30.06.;42,7
456019;03456019;Ringe;Ringe;Mitgliedsgemeinde;Emlichheim;2020;1980;LSN Z100001G, Gesamtbevölkerung, Stichtag 30.06.;42,9
456019;03456019;Ringe;Ringe;Mitgliedsgemeinde;Emlichheim;2021;1986;LSN Z100001G, Gesamtbevölkerung, Stichtag 30.06.;43,4
456019;03456019;Ringe;Ringe;Mitgliedsgemeinde;Emlichheim;2022;1983;LSN Z100001G, Gesamtbevölkerung, Stichtag 30.06.;43,7
456019;03456019;Ringe;Ringe;Mitgliedsgemeinde;Emlichheim;2023;2009;LSN Z100001G, Gesamtbevölkerung, Stichtag 30.06.;44,1
456019;03456019;Ringe;Ringe;Mitgliedsgemeinde;Emlichheim;2024;1967;LSN Z100001G, Gesamtbevölkerung, Stichtag 30.06.;44,7
456019;03456019;Ringe;Ringe;Mitgliedsgemeinde;Emlichheim;2025;1954;LSN Z100001G, Gesamtbevölkerung, Stichtag 30.06.;44,6
456019;03456019;Ringe;Ringe;Mitgliedsgemeinde;Emlichheim;2026;1913;LSN Z100001G, Gesamtbevölkerung, Stichtag 30.06.;
456020;03456020;Samern;Samern;Mitgliedsgemeinde;Schüttorf;1821;433;Historische Reihe nach bisheriger Uelschen-/Historientabelle;
456020;03456020;Samern;Samern;Mitgliedsgemeinde;Schüttorf;1848;502;Historische Reihe nach bisheriger Uelschen-/Historientabelle;
456020;03456020;Samern;Samern;Mitgliedsgemeinde;Schüttorf;1871;466;Historische Reihe nach bisheriger Uelschen-/Historientabelle;
456020;03456020;Samern;Samern;Mitgliedsgemeinde;Schüttorf;1885;448;Historische Reihe nach bisheriger Uelschen-/Historientabelle;
456020;03456020;Samern;Samern;Mitgliedsgemeinde;Schüttorf;1905;512;Historische Reihe nach bisheriger Uelschen-/Historientabelle;
456020;03456020;Samern;Samern;Mitgliedsgemeinde;Schüttorf;1925;529;Historische Reihe nach bisheriger Uelschen-/Historientabelle;
456020;03456020;Samern;Samern;Mitgliedsgemeinde;Schüttorf;1933;567;Historische Reihe nach bisheriger Uelschen-/Historientabelle;
456020;03456020;Samern;Samern;Mitgliedsgemeinde;Schüttorf;1939;595;Historische Reihe nach bisheriger Uelschen-/Historientabelle;
456020;03456020;Samern;Samern;Mitgliedsgemeinde;Schüttorf;1946;749;Historische Reihe nach bisheriger Uelschen-/Historientabelle;
456020;03456020;Samern;Samern;Mitgliedsgemeinde;Schüttorf;1950;765;Historische Reihe nach bisheriger Uelschen-/Historientabelle;
456020;03456020;Samern;Samern;Mitgliedsgemeinde;Schüttorf;1956;733;Historische Reihe nach bisheriger Uelschen-/Historientabelle;
456020;03456020;Samern;Samern;Mitgliedsgemeinde;Schüttorf;1961;745;Historische Reihe nach bisheriger Uelschen-/Historientabelle;
456020;03456020;Samern;Samern;Mitgliedsgemeinde;Schüttorf;1970;702;Historische Reihe nach bisheriger Uelschen-/Historientabelle;32,6
456020;03456020;Samern;Samern;Mitgliedsgemeinde;Schüttorf;1973;697;LSN Z100001G, Gesamtbevölkerung, Stichtag 30.06.;
456020;03456020;Samern;Samern;Mitgliedsgemeinde;Schüttorf;1974;677;LSN Z100001G, Gesamtbevölkerung, Stichtag 30.06.;
456020;03456020;Samern;Samern;Mitgliedsgemeinde;Schüttorf;1975;675;LSN Z100001G, Gesamtbevölkerung, Stichtag 30.06.;33,8
456020;03456020;Samern;Samern;Mitgliedsgemeinde;Schüttorf;1976;673;LSN Z100001G, Gesamtbevölkerung, Stichtag 30.06.;
456020;03456020;Samern;Samern;Mitgliedsgemeinde;Schüttorf;1977;650;LSN Z100001G, Gesamtbevölkerung, Stichtag 30.06.;
456020;03456020;Samern;Samern;Mitgliedsgemeinde;Schüttorf;1978;652;LSN Z100001G, Gesamtbevölkerung, Stichtag 30.06.;
456020;03456020;Samern;Samern;Mitgliedsgemeinde;Schüttorf;1979;651;LSN Z100001G, Gesamtbevölkerung, Stichtag 30.06.;
456020;03456020;Samern;Samern;Mitgliedsgemeinde;Schüttorf;1980;661;LSN Z100001G, Gesamtbevölkerung, Stichtag 30.06.;33,8
456020;03456020;Samern;Samern;Mitgliedsgemeinde;Schüttorf;1981;633;LSN Z100001G, Gesamtbevölkerung, Stichtag 30.06.;
456020;03456020;Samern;Samern;Mitgliedsgemeinde;Schüttorf;1982;651;LSN Z100001G, Gesamtbevölkerung, Stichtag 30.06.;
456020;03456020;Samern;Samern;Mitgliedsgemeinde;Schüttorf;1983;647;LSN Z100001G, Gesamtbevölkerung, Stichtag 30.06.;
456020;03456020;Samern;Samern;Mitgliedsgemeinde;Schüttorf;1984;664;LSN Z100001G, Gesamtbevölkerung, Stichtag 30.06.;
456020;03456020;Samern;Samern;Mitgliedsgemeinde;Schüttorf;1985;661;LSN Z100001G, Gesamtbevölkerung, Stichtag 30.06.;34,5
456020;03456020;Samern;Samern;Mitgliedsgemeinde;Schüttorf;1986;676;LSN Z100001G, Gesamtbevölkerung, Stichtag 30.06.;
456020;03456020;Samern;Samern;Mitgliedsgemeinde;Schüttorf;1987;680;LSN Z100001G, Gesamtbevölkerung, Stichtag 30.06.;
456020;03456020;Samern;Samern;Mitgliedsgemeinde;Schüttorf;1988;682;LSN Z100001G, Gesamtbevölkerung, Stichtag 30.06.;
456020;03456020;Samern;Samern;Mitgliedsgemeinde;Schüttorf;1989;684;LSN Z100001G, Gesamtbevölkerung, Stichtag 30.06.;
456020;03456020;Samern;Samern;Mitgliedsgemeinde;Schüttorf;1990;692;LSN Z100001G, Gesamtbevölkerung, Stichtag 30.06.;36,9
456020;03456020;Samern;Samern;Mitgliedsgemeinde;Schüttorf;1991;689;LSN Z100001G, Gesamtbevölkerung, Stichtag 30.06.;
456020;03456020;Samern;Samern;Mitgliedsgemeinde;Schüttorf;1992;695;LSN Z100001G, Gesamtbevölkerung, Stichtag 30.06.;
456020;03456020;Samern;Samern;Mitgliedsgemeinde;Schüttorf;1993;705;LSN Z100001G, Gesamtbevölkerung, Stichtag 30.06.;
456020;03456020;Samern;Samern;Mitgliedsgemeinde;Schüttorf;1994;704;LSN Z100001G, Gesamtbevölkerung, Stichtag 30.06.;
456020;03456020;Samern;Samern;Mitgliedsgemeinde;Schüttorf;1995;693;LSN Z100001G, Gesamtbevölkerung, Stichtag 30.06.;38,1
456020;03456020;Samern;Samern;Mitgliedsgemeinde;Schüttorf;1996;702;LSN Z100001G, Gesamtbevölkerung, Stichtag 30.06.;
456020;03456020;Samern;Samern;Mitgliedsgemeinde;Schüttorf;1997;692;LSN Z100001G, Gesamtbevölkerung, Stichtag 30.06.;
456020;03456020;Samern;Samern;Mitgliedsgemeinde;Schüttorf;1998;690;LSN Z100001G, Gesamtbevölkerung, Stichtag 30.06.;
456020;03456020;Samern;Samern;Mitgliedsgemeinde;Schüttorf;1999;665;LSN Z100001G, Gesamtbevölkerung, Stichtag 30.06.;
456020;03456020;Samern;Samern;Mitgliedsgemeinde;Schüttorf;2000;673;LSN Z100001G, Gesamtbevölkerung, Stichtag 30.06.;40,1
456020;03456020;Samern;Samern;Mitgliedsgemeinde;Schüttorf;2001;698;LSN Z100001G, Gesamtbevölkerung, Stichtag 30.06.;
456020;03456020;Samern;Samern;Mitgliedsgemeinde;Schüttorf;2002;699;LSN Z100001G, Gesamtbevölkerung, Stichtag 30.06.;
456020;03456020;Samern;Samern;Mitgliedsgemeinde;Schüttorf;2003;704;LSN Z100001G, Gesamtbevölkerung, Stichtag 30.06.;
456020;03456020;Samern;Samern;Mitgliedsgemeinde;Schüttorf;2004;707;LSN Z100001G, Gesamtbevölkerung, Stichtag 30.06.;
456020;03456020;Samern;Samern;Mitgliedsgemeinde;Schüttorf;2005;703;LSN Z100001G, Gesamtbevölkerung, Stichtag 30.06.;41,2
456020;03456020;Samern;Samern;Mitgliedsgemeinde;Schüttorf;2006;690;LSN Z100001G, Gesamtbevölkerung, Stichtag 30.06.;
456020;03456020;Samern;Samern;Mitgliedsgemeinde;Schüttorf;2007;704;LSN Z100001G, Gesamtbevölkerung, Stichtag 30.06.;
456020;03456020;Samern;Samern;Mitgliedsgemeinde;Schüttorf;2008;705;LSN Z100001G, Gesamtbevölkerung, Stichtag 30.06.;
456020;03456020;Samern;Samern;Mitgliedsgemeinde;Schüttorf;2009;713;LSN Z100001G, Gesamtbevölkerung, Stichtag 30.06.;
456020;03456020;Samern;Samern;Mitgliedsgemeinde;Schüttorf;2010;733;LSN Z100001G, Gesamtbevölkerung, Stichtag 30.06.;42,8
456020;03456020;Samern;Samern;Mitgliedsgemeinde;Schüttorf;2011;697;LSN Z100001G, Gesamtbevölkerung, Stichtag 30.06.;42,0
456020;03456020;Samern;Samern;Mitgliedsgemeinde;Schüttorf;2012;708;LSN Z100001G, Gesamtbevölkerung, Stichtag 30.06.;42,0
456020;03456020;Samern;Samern;Mitgliedsgemeinde;Schüttorf;2013;729;LSN Z100001G, Gesamtbevölkerung, Stichtag 30.06.;41,5
456020;03456020;Samern;Samern;Mitgliedsgemeinde;Schüttorf;2014;734;LSN Z100001G, Gesamtbevölkerung, Stichtag 30.06.;41,5
456020;03456020;Samern;Samern;Mitgliedsgemeinde;Schüttorf;2015;721;LSN Z100001G, Gesamtbevölkerung, Stichtag 30.06.;42,5
456020;03456020;Samern;Samern;Mitgliedsgemeinde;Schüttorf;2016;731;LSN Z100001G, Gesamtbevölkerung, Stichtag 30.06.;42,9
456020;03456020;Samern;Samern;Mitgliedsgemeinde;Schüttorf;2017;739;LSN Z100001G, Gesamtbevölkerung, Stichtag 30.06.;42,9
456020;03456020;Samern;Samern;Mitgliedsgemeinde;Schüttorf;2018;752;LSN Z100001G, Gesamtbevölkerung, Stichtag 30.06.;43,2
456020;03456020;Samern;Samern;Mitgliedsgemeinde;Schüttorf;2019;762;LSN Z100001G, Gesamtbevölkerung, Stichtag 30.06.;43,2
456020;03456020;Samern;Samern;Mitgliedsgemeinde;Schüttorf;2020;762;LSN Z100001G, Gesamtbevölkerung, Stichtag 30.06.;43,2
456020;03456020;Samern;Samern;Mitgliedsgemeinde;Schüttorf;2021;794;LSN Z100001G, Gesamtbevölkerung, Stichtag 30.06.;43,2
456020;03456020;Samern;Samern;Mitgliedsgemeinde;Schüttorf;2022;813;LSN Z100001G, Gesamtbevölkerung, Stichtag 30.06.;43,0
456020;03456020;Samern;Samern;Mitgliedsgemeinde;Schüttorf;2023;824;LSN Z100001G, Gesamtbevölkerung, Stichtag 30.06.;43,3
456020;03456020;Samern;Samern;Mitgliedsgemeinde;Schüttorf;2024;810;LSN Z100001G, Gesamtbevölkerung, Stichtag 30.06.;43,6
456020;03456020;Samern;Samern;Mitgliedsgemeinde;Schüttorf;2025;809;LSN Z100001G, Gesamtbevölkerung, Stichtag 30.06.;43,9
456020;03456020;Samern;Samern;Mitgliedsgemeinde;Schüttorf;2026;792;LSN Z100001G, Gesamtbevölkerung, Stichtag 30.06.;
456027;03456027;Schüttorf;Schüttorf, Stadt;Mitgliedsgemeinde;Schüttorf;1821;1187;Historische Reihe nach bisheriger Uelschen-/Historientabelle;
456027;03456027;Schüttorf;Schüttorf, Stadt;Mitgliedsgemeinde;Schüttorf;1848;1676;Historische Reihe nach bisheriger Uelschen-/Historientabelle;
456027;03456027;Schüttorf;Schüttorf, Stadt;Mitgliedsgemeinde;Schüttorf;1871;1890;Historische Reihe nach bisheriger Uelschen-/Historientabelle;
456027;03456027;Schüttorf;Schüttorf, Stadt;Mitgliedsgemeinde;Schüttorf;1885;2836;Historische Reihe nach bisheriger Uelschen-/Historientabelle;
456027;03456027;Schüttorf;Schüttorf, Stadt;Mitgliedsgemeinde;Schüttorf;1905;4760;Historische Reihe nach bisheriger Uelschen-/Historientabelle;
456027;03456027;Schüttorf;Schüttorf, Stadt;Mitgliedsgemeinde;Schüttorf;1925;5234;Historische Reihe nach bisheriger Uelschen-/Historientabelle;
456027;03456027;Schüttorf;Schüttorf, Stadt;Mitgliedsgemeinde;Schüttorf;1933;5911;Historische Reihe nach bisheriger Uelschen-/Historientabelle;
456027;03456027;Schüttorf;Schüttorf, Stadt;Mitgliedsgemeinde;Schüttorf;1939;6078;Historische Reihe nach bisheriger Uelschen-/Historientabelle;
456027;03456027;Schüttorf;Schüttorf, Stadt;Mitgliedsgemeinde;Schüttorf;1946;7406;Historische Reihe nach bisheriger Uelschen-/Historientabelle;
456027;03456027;Schüttorf;Schüttorf, Stadt;Mitgliedsgemeinde;Schüttorf;1950;8402;Historische Reihe nach bisheriger Uelschen-/Historientabelle;
456027;03456027;Schüttorf;Schüttorf, Stadt;Mitgliedsgemeinde;Schüttorf;1956;8463;Historische Reihe nach bisheriger Uelschen-/Historientabelle;
456027;03456027;Schüttorf;Schüttorf, Stadt;Mitgliedsgemeinde;Schüttorf;1961;8750;Historische Reihe nach bisheriger Uelschen-/Historientabelle;
456027;03456027;Schüttorf;Schüttorf, Stadt;Mitgliedsgemeinde;Schüttorf;1970;9982;Historische Reihe nach bisheriger Uelschen-/Historientabelle;33,7
456027;03456027;Schüttorf;Schüttorf, Stadt;Mitgliedsgemeinde;Schüttorf;1973;9977;LSN Z100001G, Gesamtbevölkerung, Stichtag 30.06.;
456027;03456027;Schüttorf;Schüttorf, Stadt;Mitgliedsgemeinde;Schüttorf;1974;9890;LSN Z100001G, Gesamtbevölkerung, Stichtag 30.06.;
456027;03456027;Schüttorf;Schüttorf, Stadt;Mitgliedsgemeinde;Schüttorf;1975;9876;LSN Z100001G, Gesamtbevölkerung, Stichtag 30.06.;35,0
456027;03456027;Schüttorf;Schüttorf, Stadt;Mitgliedsgemeinde;Schüttorf;1976;9831;LSN Z100001G, Gesamtbevölkerung, Stichtag 30.06.;
456027;03456027;Schüttorf;Schüttorf, Stadt;Mitgliedsgemeinde;Schüttorf;1977;9885;LSN Z100001G, Gesamtbevölkerung, Stichtag 30.06.;
456027;03456027;Schüttorf;Schüttorf, Stadt;Mitgliedsgemeinde;Schüttorf;1978;9870;LSN Z100001G, Gesamtbevölkerung, Stichtag 30.06.;
456027;03456027;Schüttorf;Schüttorf, Stadt;Mitgliedsgemeinde;Schüttorf;1979;9950;LSN Z100001G, Gesamtbevölkerung, Stichtag 30.06.;
456027;03456027;Schüttorf;Schüttorf, Stadt;Mitgliedsgemeinde;Schüttorf;1980;10132;LSN Z100001G, Gesamtbevölkerung, Stichtag 30.06.;35,7
456027;03456027;Schüttorf;Schüttorf, Stadt;Mitgliedsgemeinde;Schüttorf;1981;10133;LSN Z100001G, Gesamtbevölkerung, Stichtag 30.06.;
456027;03456027;Schüttorf;Schüttorf, Stadt;Mitgliedsgemeinde;Schüttorf;1982;10173;LSN Z100001G, Gesamtbevölkerung, Stichtag 30.06.;
456027;03456027;Schüttorf;Schüttorf, Stadt;Mitgliedsgemeinde;Schüttorf;1983;10159;LSN Z100001G, Gesamtbevölkerung, Stichtag 30.06.;
456027;03456027;Schüttorf;Schüttorf, Stadt;Mitgliedsgemeinde;Schüttorf;1984;10181;LSN Z100001G, Gesamtbevölkerung, Stichtag 30.06.;
456027;03456027;Schüttorf;Schüttorf, Stadt;Mitgliedsgemeinde;Schüttorf;1985;10246;LSN Z100001G, Gesamtbevölkerung, Stichtag 30.06.;36,9
456027;03456027;Schüttorf;Schüttorf, Stadt;Mitgliedsgemeinde;Schüttorf;1986;10177;LSN Z100001G, Gesamtbevölkerung, Stichtag 30.06.;
456027;03456027;Schüttorf;Schüttorf, Stadt;Mitgliedsgemeinde;Schüttorf;1987;10275;LSN Z100001G, Gesamtbevölkerung, Stichtag 30.06.;
456027;03456027;Schüttorf;Schüttorf, Stadt;Mitgliedsgemeinde;Schüttorf;1988;10243;LSN Z100001G, Gesamtbevölkerung, Stichtag 30.06.;
456027;03456027;Schüttorf;Schüttorf, Stadt;Mitgliedsgemeinde;Schüttorf;1989;10247;LSN Z100001G, Gesamtbevölkerung, Stichtag 30.06.;
456027;03456027;Schüttorf;Schüttorf, Stadt;Mitgliedsgemeinde;Schüttorf;1990;10410;LSN Z100001G, Gesamtbevölkerung, Stichtag 30.06.;37,9
456027;03456027;Schüttorf;Schüttorf, Stadt;Mitgliedsgemeinde;Schüttorf;1991;10557;LSN Z100001G, Gesamtbevölkerung, Stichtag 30.06.;
456027;03456027;Schüttorf;Schüttorf, Stadt;Mitgliedsgemeinde;Schüttorf;1992;10789;LSN Z100001G, Gesamtbevölkerung, Stichtag 30.06.;
456027;03456027;Schüttorf;Schüttorf, Stadt;Mitgliedsgemeinde;Schüttorf;1993;11049;LSN Z100001G, Gesamtbevölkerung, Stichtag 30.06.;
456027;03456027;Schüttorf;Schüttorf, Stadt;Mitgliedsgemeinde;Schüttorf;1994;11362;LSN Z100001G, Gesamtbevölkerung, Stichtag 30.06.;
456027;03456027;Schüttorf;Schüttorf, Stadt;Mitgliedsgemeinde;Schüttorf;1995;11749;LSN Z100001G, Gesamtbevölkerung, Stichtag 30.06.;37,4
456027;03456027;Schüttorf;Schüttorf, Stadt;Mitgliedsgemeinde;Schüttorf;1996;11910;LSN Z100001G, Gesamtbevölkerung, Stichtag 30.06.;
456027;03456027;Schüttorf;Schüttorf, Stadt;Mitgliedsgemeinde;Schüttorf;1997;12126;LSN Z100001G, Gesamtbevölkerung, Stichtag 30.06.;
456027;03456027;Schüttorf;Schüttorf, Stadt;Mitgliedsgemeinde;Schüttorf;1998;12245;LSN Z100001G, Gesamtbevölkerung, Stichtag 30.06.;
456027;03456027;Schüttorf;Schüttorf, Stadt;Mitgliedsgemeinde;Schüttorf;1999;12320;LSN Z100001G, Gesamtbevölkerung, Stichtag 30.06.;
456027;03456027;Schüttorf;Schüttorf, Stadt;Mitgliedsgemeinde;Schüttorf;2000;12466;LSN Z100001G, Gesamtbevölkerung, Stichtag 30.06.;38,0
456027;03456027;Schüttorf;Schüttorf, Stadt;Mitgliedsgemeinde;Schüttorf;2001;12448;LSN Z100001G, Gesamtbevölkerung, Stichtag 30.06.;
456027;03456027;Schüttorf;Schüttorf, Stadt;Mitgliedsgemeinde;Schüttorf;2002;12483;LSN Z100001G, Gesamtbevölkerung, Stichtag 30.06.;
456027;03456027;Schüttorf;Schüttorf, Stadt;Mitgliedsgemeinde;Schüttorf;2003;12504;LSN Z100001G, Gesamtbevölkerung, Stichtag 30.06.;
456027;03456027;Schüttorf;Schüttorf, Stadt;Mitgliedsgemeinde;Schüttorf;2004;12611;LSN Z100001G, Gesamtbevölkerung, Stichtag 30.06.;
456027;03456027;Schüttorf;Schüttorf, Stadt;Mitgliedsgemeinde;Schüttorf;2005;12604;LSN Z100001G, Gesamtbevölkerung, Stichtag 30.06.;39,7
456027;03456027;Schüttorf;Schüttorf, Stadt;Mitgliedsgemeinde;Schüttorf;2006;12670;LSN Z100001G, Gesamtbevölkerung, Stichtag 30.06.;
456027;03456027;Schüttorf;Schüttorf, Stadt;Mitgliedsgemeinde;Schüttorf;2007;12664;LSN Z100001G, Gesamtbevölkerung, Stichtag 30.06.;
456027;03456027;Schüttorf;Schüttorf, Stadt;Mitgliedsgemeinde;Schüttorf;2008;12628;LSN Z100001G, Gesamtbevölkerung, Stichtag 30.06.;
456027;03456027;Schüttorf;Schüttorf, Stadt;Mitgliedsgemeinde;Schüttorf;2009;12676;LSN Z100001G, Gesamtbevölkerung, Stichtag 30.06.;
456027;03456027;Schüttorf;Schüttorf, Stadt;Mitgliedsgemeinde;Schüttorf;2010;12621;LSN Z100001G, Gesamtbevölkerung, Stichtag 30.06.;41,3
456027;03456027;Schüttorf;Schüttorf, Stadt;Mitgliedsgemeinde;Schüttorf;2011;12375;LSN Z100001G, Gesamtbevölkerung, Stichtag 30.06.;41,9
456027;03456027;Schüttorf;Schüttorf, Stadt;Mitgliedsgemeinde;Schüttorf;2012;12346;LSN Z100001G, Gesamtbevölkerung, Stichtag 30.06.;42,4
456027;03456027;Schüttorf;Schüttorf, Stadt;Mitgliedsgemeinde;Schüttorf;2013;12361;LSN Z100001G, Gesamtbevölkerung, Stichtag 30.06.;42,6
456027;03456027;Schüttorf;Schüttorf, Stadt;Mitgliedsgemeinde;Schüttorf;2014;12415;LSN Z100001G, Gesamtbevölkerung, Stichtag 30.06.;42,6
456027;03456027;Schüttorf;Schüttorf, Stadt;Mitgliedsgemeinde;Schüttorf;2015;12547;LSN Z100001G, Gesamtbevölkerung, Stichtag 30.06.;42,7
456027;03456027;Schüttorf;Schüttorf, Stadt;Mitgliedsgemeinde;Schüttorf;2016;12643;LSN Z100001G, Gesamtbevölkerung, Stichtag 30.06.;42,8
456027;03456027;Schüttorf;Schüttorf, Stadt;Mitgliedsgemeinde;Schüttorf;2017;12642;LSN Z100001G, Gesamtbevölkerung, Stichtag 30.06.;43,1
456027;03456027;Schüttorf;Schüttorf, Stadt;Mitgliedsgemeinde;Schüttorf;2018;12741;LSN Z100001G, Gesamtbevölkerung, Stichtag 30.06.;43,0
456027;03456027;Schüttorf;Schüttorf, Stadt;Mitgliedsgemeinde;Schüttorf;2019;12894;LSN Z100001G, Gesamtbevölkerung, Stichtag 30.06.;43,2
456027;03456027;Schüttorf;Schüttorf, Stadt;Mitgliedsgemeinde;Schüttorf;2020;12948;LSN Z100001G, Gesamtbevölkerung, Stichtag 30.06.;43,3
456027;03456027;Schüttorf;Schüttorf, Stadt;Mitgliedsgemeinde;Schüttorf;2021;12942;LSN Z100001G, Gesamtbevölkerung, Stichtag 30.06.;43,5
456027;03456027;Schüttorf;Schüttorf, Stadt;Mitgliedsgemeinde;Schüttorf;2022;13391;LSN Z100001G, Gesamtbevölkerung, Stichtag 30.06.;43,4
456027;03456027;Schüttorf;Schüttorf, Stadt;Mitgliedsgemeinde;Schüttorf;2023;13592;LSN Z100001G, Gesamtbevölkerung, Stichtag 30.06.;43,3
456027;03456027;Schüttorf;Schüttorf, Stadt;Mitgliedsgemeinde;Schüttorf;2024;13642;LSN Z100001G, Gesamtbevölkerung, Stichtag 30.06.;43,6
456027;03456027;Schüttorf;Schüttorf, Stadt;Mitgliedsgemeinde;Schüttorf;2025;13554;LSN Z100001G, Gesamtbevölkerung, Stichtag 30.06.;44,0
456027;03456027;Schüttorf;Schüttorf, Stadt;Mitgliedsgemeinde;Schüttorf;2026;13557;LSN Z100001G, Gesamtbevölkerung, Stichtag 30.06.;
456023;03456023;Uelsen;Uelsen;Mitgliedsgemeinde;Uelsen;1821;1145;Historische Reihe nach bisheriger Uelschen-/Historientabelle;
456023;03456023;Uelsen;Uelsen;Mitgliedsgemeinde;Uelsen;1848;1299;Historische Reihe nach bisheriger Uelschen-/Historientabelle;
456023;03456023;Uelsen;Uelsen;Mitgliedsgemeinde;Uelsen;1871;1358;Historische Reihe nach bisheriger Uelschen-/Historientabelle;
456023;03456023;Uelsen;Uelsen;Mitgliedsgemeinde;Uelsen;1885;1210;Historische Reihe nach bisheriger Uelschen-/Historientabelle;
456023;03456023;Uelsen;Uelsen;Mitgliedsgemeinde;Uelsen;1905;1335;Historische Reihe nach bisheriger Uelschen-/Historientabelle;
456023;03456023;Uelsen;Uelsen;Mitgliedsgemeinde;Uelsen;1925;1606;Historische Reihe nach bisheriger Uelschen-/Historientabelle;
456023;03456023;Uelsen;Uelsen;Mitgliedsgemeinde;Uelsen;1933;1850;Historische Reihe nach bisheriger Uelschen-/Historientabelle;
456023;03456023;Uelsen;Uelsen;Mitgliedsgemeinde;Uelsen;1939;1932;Historische Reihe nach bisheriger Uelschen-/Historientabelle;
456023;03456023;Uelsen;Uelsen;Mitgliedsgemeinde;Uelsen;1946;2274;Historische Reihe nach bisheriger Uelschen-/Historientabelle;
456023;03456023;Uelsen;Uelsen;Mitgliedsgemeinde;Uelsen;1950;2441;Historische Reihe nach bisheriger Uelschen-/Historientabelle;
456023;03456023;Uelsen;Uelsen;Mitgliedsgemeinde;Uelsen;1956;2663;Historische Reihe nach bisheriger Uelschen-/Historientabelle;
456023;03456023;Uelsen;Uelsen;Mitgliedsgemeinde;Uelsen;1961;2908;Historische Reihe nach bisheriger Uelschen-/Historientabelle;
456023;03456023;Uelsen;Uelsen;Mitgliedsgemeinde;Uelsen;1970;3314;Historische Reihe nach bisheriger Uelschen-/Historientabelle;32,3
456023;03456023;Uelsen;Uelsen;Mitgliedsgemeinde;Uelsen;1973;3529;LSN Z100001G, Gesamtbevölkerung, Stichtag 30.06.;
456023;03456023;Uelsen;Uelsen;Mitgliedsgemeinde;Uelsen;1974;3545;LSN Z100001G, Gesamtbevölkerung, Stichtag 30.06.;
456023;03456023;Uelsen;Uelsen;Mitgliedsgemeinde;Uelsen;1975;3542;LSN Z100001G, Gesamtbevölkerung, Stichtag 30.06.;32,9
456023;03456023;Uelsen;Uelsen;Mitgliedsgemeinde;Uelsen;1976;3562;LSN Z100001G, Gesamtbevölkerung, Stichtag 30.06.;
456023;03456023;Uelsen;Uelsen;Mitgliedsgemeinde;Uelsen;1977;3639;LSN Z100001G, Gesamtbevölkerung, Stichtag 30.06.;
456023;03456023;Uelsen;Uelsen;Mitgliedsgemeinde;Uelsen;1978;3626;LSN Z100001G, Gesamtbevölkerung, Stichtag 30.06.;
456023;03456023;Uelsen;Uelsen;Mitgliedsgemeinde;Uelsen;1979;3623;LSN Z100001G, Gesamtbevölkerung, Stichtag 30.06.;
456023;03456023;Uelsen;Uelsen;Mitgliedsgemeinde;Uelsen;1980;3714;LSN Z100001G, Gesamtbevölkerung, Stichtag 30.06.;34,3
456023;03456023;Uelsen;Uelsen;Mitgliedsgemeinde;Uelsen;1981;3773;LSN Z100001G, Gesamtbevölkerung, Stichtag 30.06.;
456023;03456023;Uelsen;Uelsen;Mitgliedsgemeinde;Uelsen;1982;3818;LSN Z100001G, Gesamtbevölkerung, Stichtag 30.06.;
456023;03456023;Uelsen;Uelsen;Mitgliedsgemeinde;Uelsen;1983;3806;LSN Z100001G, Gesamtbevölkerung, Stichtag 30.06.;
456023;03456023;Uelsen;Uelsen;Mitgliedsgemeinde;Uelsen;1984;3829;LSN Z100001G, Gesamtbevölkerung, Stichtag 30.06.;
456023;03456023;Uelsen;Uelsen;Mitgliedsgemeinde;Uelsen;1985;3915;LSN Z100001G, Gesamtbevölkerung, Stichtag 30.06.;35,7
456023;03456023;Uelsen;Uelsen;Mitgliedsgemeinde;Uelsen;1986;3935;LSN Z100001G, Gesamtbevölkerung, Stichtag 30.06.;
456023;03456023;Uelsen;Uelsen;Mitgliedsgemeinde;Uelsen;1987;4079;LSN Z100001G, Gesamtbevölkerung, Stichtag 30.06.;
456023;03456023;Uelsen;Uelsen;Mitgliedsgemeinde;Uelsen;1988;4081;LSN Z100001G, Gesamtbevölkerung, Stichtag 30.06.;
456023;03456023;Uelsen;Uelsen;Mitgliedsgemeinde;Uelsen;1989;4084;LSN Z100001G, Gesamtbevölkerung, Stichtag 30.06.;
456023;03456023;Uelsen;Uelsen;Mitgliedsgemeinde;Uelsen;1990;4066;LSN Z100001G, Gesamtbevölkerung, Stichtag 30.06.;37,2
456023;03456023;Uelsen;Uelsen;Mitgliedsgemeinde;Uelsen;1991;4128;LSN Z100001G, Gesamtbevölkerung, Stichtag 30.06.;
456023;03456023;Uelsen;Uelsen;Mitgliedsgemeinde;Uelsen;1992;4166;LSN Z100001G, Gesamtbevölkerung, Stichtag 30.06.;
456023;03456023;Uelsen;Uelsen;Mitgliedsgemeinde;Uelsen;1993;4282;LSN Z100001G, Gesamtbevölkerung, Stichtag 30.06.;
456023;03456023;Uelsen;Uelsen;Mitgliedsgemeinde;Uelsen;1994;4296;LSN Z100001G, Gesamtbevölkerung, Stichtag 30.06.;
456023;03456023;Uelsen;Uelsen;Mitgliedsgemeinde;Uelsen;1995;4398;LSN Z100001G, Gesamtbevölkerung, Stichtag 30.06.;37,4
456023;03456023;Uelsen;Uelsen;Mitgliedsgemeinde;Uelsen;1996;4573;LSN Z100001G, Gesamtbevölkerung, Stichtag 30.06.;
456023;03456023;Uelsen;Uelsen;Mitgliedsgemeinde;Uelsen;1997;4625;LSN Z100001G, Gesamtbevölkerung, Stichtag 30.06.;
456023;03456023;Uelsen;Uelsen;Mitgliedsgemeinde;Uelsen;1998;4699;LSN Z100001G, Gesamtbevölkerung, Stichtag 30.06.;
456023;03456023;Uelsen;Uelsen;Mitgliedsgemeinde;Uelsen;1999;4713;LSN Z100001G, Gesamtbevölkerung, Stichtag 30.06.;
456023;03456023;Uelsen;Uelsen;Mitgliedsgemeinde;Uelsen;2000;4767;LSN Z100001G, Gesamtbevölkerung, Stichtag 30.06.;38,4
456023;03456023;Uelsen;Uelsen;Mitgliedsgemeinde;Uelsen;2001;4818;LSN Z100001G, Gesamtbevölkerung, Stichtag 30.06.;
456023;03456023;Uelsen;Uelsen;Mitgliedsgemeinde;Uelsen;2002;4925;LSN Z100001G, Gesamtbevölkerung, Stichtag 30.06.;
456023;03456023;Uelsen;Uelsen;Mitgliedsgemeinde;Uelsen;2003;5036;LSN Z100001G, Gesamtbevölkerung, Stichtag 30.06.;
456023;03456023;Uelsen;Uelsen;Mitgliedsgemeinde;Uelsen;2004;5119;LSN Z100001G, Gesamtbevölkerung, Stichtag 30.06.;
456023;03456023;Uelsen;Uelsen;Mitgliedsgemeinde;Uelsen;2005;5211;LSN Z100001G, Gesamtbevölkerung, Stichtag 30.06.;39,5
456023;03456023;Uelsen;Uelsen;Mitgliedsgemeinde;Uelsen;2006;5286;LSN Z100001G, Gesamtbevölkerung, Stichtag 30.06.;
456023;03456023;Uelsen;Uelsen;Mitgliedsgemeinde;Uelsen;2007;5340;LSN Z100001G, Gesamtbevölkerung, Stichtag 30.06.;
456023;03456023;Uelsen;Uelsen;Mitgliedsgemeinde;Uelsen;2008;5365;LSN Z100001G, Gesamtbevölkerung, Stichtag 30.06.;
456023;03456023;Uelsen;Uelsen;Mitgliedsgemeinde;Uelsen;2009;5381;LSN Z100001G, Gesamtbevölkerung, Stichtag 30.06.;
456023;03456023;Uelsen;Uelsen;Mitgliedsgemeinde;Uelsen;2010;5429;LSN Z100001G, Gesamtbevölkerung, Stichtag 30.06.;41,5
456023;03456023;Uelsen;Uelsen;Mitgliedsgemeinde;Uelsen;2011;5468;LSN Z100001G, Gesamtbevölkerung, Stichtag 30.06.;42,1
456023;03456023;Uelsen;Uelsen;Mitgliedsgemeinde;Uelsen;2012;5450;LSN Z100001G, Gesamtbevölkerung, Stichtag 30.06.;42,7
456023;03456023;Uelsen;Uelsen;Mitgliedsgemeinde;Uelsen;2013;5435;LSN Z100001G, Gesamtbevölkerung, Stichtag 30.06.;43,0
456023;03456023;Uelsen;Uelsen;Mitgliedsgemeinde;Uelsen;2014;5443;LSN Z100001G, Gesamtbevölkerung, Stichtag 30.06.;43,4
456023;03456023;Uelsen;Uelsen;Mitgliedsgemeinde;Uelsen;2015;5510;LSN Z100001G, Gesamtbevölkerung, Stichtag 30.06.;43,3
456023;03456023;Uelsen;Uelsen;Mitgliedsgemeinde;Uelsen;2016;5579;LSN Z100001G, Gesamtbevölkerung, Stichtag 30.06.;43,8
456023;03456023;Uelsen;Uelsen;Mitgliedsgemeinde;Uelsen;2017;5565;LSN Z100001G, Gesamtbevölkerung, Stichtag 30.06.;44,1
456023;03456023;Uelsen;Uelsen;Mitgliedsgemeinde;Uelsen;2018;5595;LSN Z100001G, Gesamtbevölkerung, Stichtag 30.06.;44,3
456023;03456023;Uelsen;Uelsen;Mitgliedsgemeinde;Uelsen;2019;5638;LSN Z100001G, Gesamtbevölkerung, Stichtag 30.06.;44,6
456023;03456023;Uelsen;Uelsen;Mitgliedsgemeinde;Uelsen;2020;5696;LSN Z100001G, Gesamtbevölkerung, Stichtag 30.06.;44,8
456023;03456023;Uelsen;Uelsen;Mitgliedsgemeinde;Uelsen;2021;5789;LSN Z100001G, Gesamtbevölkerung, Stichtag 30.06.;45,0
456023;03456023;Uelsen;Uelsen;Mitgliedsgemeinde;Uelsen;2022;5879;LSN Z100001G, Gesamtbevölkerung, Stichtag 30.06.;45,2
456023;03456023;Uelsen;Uelsen;Mitgliedsgemeinde;Uelsen;2023;5910;LSN Z100001G, Gesamtbevölkerung, Stichtag 30.06.;45,5
456023;03456023;Uelsen;Uelsen;Mitgliedsgemeinde;Uelsen;2024;5933;LSN Z100001G, Gesamtbevölkerung, Stichtag 30.06.;46,0
456023;03456023;Uelsen;Uelsen;Mitgliedsgemeinde;Uelsen;2025;5895;LSN Z100001G, Gesamtbevölkerung, Stichtag 30.06.;46,2
456023;03456023;Uelsen;Uelsen;Mitgliedsgemeinde;Uelsen;2026;5882;LSN Z100001G, Gesamtbevölkerung, Stichtag 30.06.;
456024;03456024;Wielen;Wielen;Mitgliedsgemeinde;Uelsen;1821;145;Historische Reihe nach bisheriger Uelschen-/Historientabelle;
456024;03456024;Wielen;Wielen;Mitgliedsgemeinde;Uelsen;1848;163;Historische Reihe nach bisheriger Uelschen-/Historientabelle;
456024;03456024;Wielen;Wielen;Mitgliedsgemeinde;Uelsen;1871;175;Historische Reihe nach bisheriger Uelschen-/Historientabelle;
456024;03456024;Wielen;Wielen;Mitgliedsgemeinde;Uelsen;1885;213;Historische Reihe nach bisheriger Uelschen-/Historientabelle;
456024;03456024;Wielen;Wielen;Mitgliedsgemeinde;Uelsen;1905;239;Historische Reihe nach bisheriger Uelschen-/Historientabelle;
456024;03456024;Wielen;Wielen;Mitgliedsgemeinde;Uelsen;1925;363;Historische Reihe nach bisheriger Uelschen-/Historientabelle;
456024;03456024;Wielen;Wielen;Mitgliedsgemeinde;Uelsen;1933;467;Historische Reihe nach bisheriger Uelschen-/Historientabelle;
456024;03456024;Wielen;Wielen;Mitgliedsgemeinde;Uelsen;1939;554;Historische Reihe nach bisheriger Uelschen-/Historientabelle;
456024;03456024;Wielen;Wielen;Mitgliedsgemeinde;Uelsen;1946;650;Historische Reihe nach bisheriger Uelschen-/Historientabelle;
456024;03456024;Wielen;Wielen;Mitgliedsgemeinde;Uelsen;1950;693;Historische Reihe nach bisheriger Uelschen-/Historientabelle;
456024;03456024;Wielen;Wielen;Mitgliedsgemeinde;Uelsen;1956;630;Historische Reihe nach bisheriger Uelschen-/Historientabelle;
456024;03456024;Wielen;Wielen;Mitgliedsgemeinde;Uelsen;1961;633;Historische Reihe nach bisheriger Uelschen-/Historientabelle;
456024;03456024;Wielen;Wielen;Mitgliedsgemeinde;Uelsen;1970;614;Historische Reihe nach bisheriger Uelschen-/Historientabelle;31,3
456024;03456024;Wielen;Wielen;Mitgliedsgemeinde;Uelsen;1973;615;LSN Z100001G, Gesamtbevölkerung, Stichtag 30.06.;
456024;03456024;Wielen;Wielen;Mitgliedsgemeinde;Uelsen;1974;620;LSN Z100001G, Gesamtbevölkerung, Stichtag 30.06.;
456024;03456024;Wielen;Wielen;Mitgliedsgemeinde;Uelsen;1975;623;LSN Z100001G, Gesamtbevölkerung, Stichtag 30.06.;31,4
456024;03456024;Wielen;Wielen;Mitgliedsgemeinde;Uelsen;1976;632;LSN Z100001G, Gesamtbevölkerung, Stichtag 30.06.;
456024;03456024;Wielen;Wielen;Mitgliedsgemeinde;Uelsen;1977;642;LSN Z100001G, Gesamtbevölkerung, Stichtag 30.06.;
456024;03456024;Wielen;Wielen;Mitgliedsgemeinde;Uelsen;1978;635;LSN Z100001G, Gesamtbevölkerung, Stichtag 30.06.;
456024;03456024;Wielen;Wielen;Mitgliedsgemeinde;Uelsen;1979;616;LSN Z100001G, Gesamtbevölkerung, Stichtag 30.06.;
456024;03456024;Wielen;Wielen;Mitgliedsgemeinde;Uelsen;1980;609;LSN Z100001G, Gesamtbevölkerung, Stichtag 30.06.;33,7
456024;03456024;Wielen;Wielen;Mitgliedsgemeinde;Uelsen;1981;599;LSN Z100001G, Gesamtbevölkerung, Stichtag 30.06.;
456024;03456024;Wielen;Wielen;Mitgliedsgemeinde;Uelsen;1982;568;LSN Z100001G, Gesamtbevölkerung, Stichtag 30.06.;
456024;03456024;Wielen;Wielen;Mitgliedsgemeinde;Uelsen;1983;578;LSN Z100001G, Gesamtbevölkerung, Stichtag 30.06.;
456024;03456024;Wielen;Wielen;Mitgliedsgemeinde;Uelsen;1984;588;LSN Z100001G, Gesamtbevölkerung, Stichtag 30.06.;
456024;03456024;Wielen;Wielen;Mitgliedsgemeinde;Uelsen;1985;594;LSN Z100001G, Gesamtbevölkerung, Stichtag 30.06.;35,3
456024;03456024;Wielen;Wielen;Mitgliedsgemeinde;Uelsen;1986;608;LSN Z100001G, Gesamtbevölkerung, Stichtag 30.06.;
456024;03456024;Wielen;Wielen;Mitgliedsgemeinde;Uelsen;1987;608;LSN Z100001G, Gesamtbevölkerung, Stichtag 30.06.;
456024;03456024;Wielen;Wielen;Mitgliedsgemeinde;Uelsen;1988;607;LSN Z100001G, Gesamtbevölkerung, Stichtag 30.06.;
456024;03456024;Wielen;Wielen;Mitgliedsgemeinde;Uelsen;1989;606;LSN Z100001G, Gesamtbevölkerung, Stichtag 30.06.;
456024;03456024;Wielen;Wielen;Mitgliedsgemeinde;Uelsen;1990;598;LSN Z100001G, Gesamtbevölkerung, Stichtag 30.06.;37,7
456024;03456024;Wielen;Wielen;Mitgliedsgemeinde;Uelsen;1991;606;LSN Z100001G, Gesamtbevölkerung, Stichtag 30.06.;
456024;03456024;Wielen;Wielen;Mitgliedsgemeinde;Uelsen;1992;614;LSN Z100001G, Gesamtbevölkerung, Stichtag 30.06.;
456024;03456024;Wielen;Wielen;Mitgliedsgemeinde;Uelsen;1993;617;LSN Z100001G, Gesamtbevölkerung, Stichtag 30.06.;
456024;03456024;Wielen;Wielen;Mitgliedsgemeinde;Uelsen;1994;607;LSN Z100001G, Gesamtbevölkerung, Stichtag 30.06.;
456024;03456024;Wielen;Wielen;Mitgliedsgemeinde;Uelsen;1995;614;LSN Z100001G, Gesamtbevölkerung, Stichtag 30.06.;38,2
456024;03456024;Wielen;Wielen;Mitgliedsgemeinde;Uelsen;1996;635;LSN Z100001G, Gesamtbevölkerung, Stichtag 30.06.;
456024;03456024;Wielen;Wielen;Mitgliedsgemeinde;Uelsen;1997;623;LSN Z100001G, Gesamtbevölkerung, Stichtag 30.06.;
456024;03456024;Wielen;Wielen;Mitgliedsgemeinde;Uelsen;1998;627;LSN Z100001G, Gesamtbevölkerung, Stichtag 30.06.;
456024;03456024;Wielen;Wielen;Mitgliedsgemeinde;Uelsen;1999;620;LSN Z100001G, Gesamtbevölkerung, Stichtag 30.06.;
456024;03456024;Wielen;Wielen;Mitgliedsgemeinde;Uelsen;2000;636;LSN Z100001G, Gesamtbevölkerung, Stichtag 30.06.;38,4
456024;03456024;Wielen;Wielen;Mitgliedsgemeinde;Uelsen;2001;647;LSN Z100001G, Gesamtbevölkerung, Stichtag 30.06.;
456024;03456024;Wielen;Wielen;Mitgliedsgemeinde;Uelsen;2002;640;LSN Z100001G, Gesamtbevölkerung, Stichtag 30.06.;
456024;03456024;Wielen;Wielen;Mitgliedsgemeinde;Uelsen;2003;640;LSN Z100001G, Gesamtbevölkerung, Stichtag 30.06.;
456024;03456024;Wielen;Wielen;Mitgliedsgemeinde;Uelsen;2004;624;LSN Z100001G, Gesamtbevölkerung, Stichtag 30.06.;
456024;03456024;Wielen;Wielen;Mitgliedsgemeinde;Uelsen;2005;614;LSN Z100001G, Gesamtbevölkerung, Stichtag 30.06.;42,1
456024;03456024;Wielen;Wielen;Mitgliedsgemeinde;Uelsen;2006;604;LSN Z100001G, Gesamtbevölkerung, Stichtag 30.06.;
456024;03456024;Wielen;Wielen;Mitgliedsgemeinde;Uelsen;2007;595;LSN Z100001G, Gesamtbevölkerung, Stichtag 30.06.;
456024;03456024;Wielen;Wielen;Mitgliedsgemeinde;Uelsen;2008;587;LSN Z100001G, Gesamtbevölkerung, Stichtag 30.06.;
456024;03456024;Wielen;Wielen;Mitgliedsgemeinde;Uelsen;2009;584;LSN Z100001G, Gesamtbevölkerung, Stichtag 30.06.;
456024;03456024;Wielen;Wielen;Mitgliedsgemeinde;Uelsen;2010;568;LSN Z100001G, Gesamtbevölkerung, Stichtag 30.06.;45,2
456024;03456024;Wielen;Wielen;Mitgliedsgemeinde;Uelsen;2011;585;LSN Z100001G, Gesamtbevölkerung, Stichtag 30.06.;42,3
456024;03456024;Wielen;Wielen;Mitgliedsgemeinde;Uelsen;2012;584;LSN Z100001G, Gesamtbevölkerung, Stichtag 30.06.;43,7
456024;03456024;Wielen;Wielen;Mitgliedsgemeinde;Uelsen;2013;569;LSN Z100001G, Gesamtbevölkerung, Stichtag 30.06.;44,4
456024;03456024;Wielen;Wielen;Mitgliedsgemeinde;Uelsen;2014;548;LSN Z100001G, Gesamtbevölkerung, Stichtag 30.06.;45,0
456024;03456024;Wielen;Wielen;Mitgliedsgemeinde;Uelsen;2015;554;LSN Z100001G, Gesamtbevölkerung, Stichtag 30.06.;44,9
456024;03456024;Wielen;Wielen;Mitgliedsgemeinde;Uelsen;2016;539;LSN Z100001G, Gesamtbevölkerung, Stichtag 30.06.;45,2
456024;03456024;Wielen;Wielen;Mitgliedsgemeinde;Uelsen;2017;539;LSN Z100001G, Gesamtbevölkerung, Stichtag 30.06.;45,9
456024;03456024;Wielen;Wielen;Mitgliedsgemeinde;Uelsen;2018;526;LSN Z100001G, Gesamtbevölkerung, Stichtag 30.06.;45,6
456024;03456024;Wielen;Wielen;Mitgliedsgemeinde;Uelsen;2019;527;LSN Z100001G, Gesamtbevölkerung, Stichtag 30.06.;46,4
456024;03456024;Wielen;Wielen;Mitgliedsgemeinde;Uelsen;2020;517;LSN Z100001G, Gesamtbevölkerung, Stichtag 30.06.;47,6
456024;03456024;Wielen;Wielen;Mitgliedsgemeinde;Uelsen;2021;503;LSN Z100001G, Gesamtbevölkerung, Stichtag 30.06.;47,8
456024;03456024;Wielen;Wielen;Mitgliedsgemeinde;Uelsen;2022;504;LSN Z100001G, Gesamtbevölkerung, Stichtag 30.06.;47,5
456024;03456024;Wielen;Wielen;Mitgliedsgemeinde;Uelsen;2023;503;LSN Z100001G, Gesamtbevölkerung, Stichtag 30.06.;47,8
456024;03456024;Wielen;Wielen;Mitgliedsgemeinde;Uelsen;2024;500;LSN Z100001G, Gesamtbevölkerung, Stichtag 30.06.;48,0
456024;03456024;Wielen;Wielen;Mitgliedsgemeinde;Uelsen;2025;500;LSN Z100001G, Gesamtbevölkerung, Stichtag 30.06.;47,5
456024;03456024;Wielen;Wielen;Mitgliedsgemeinde;Uelsen;2026;511;LSN Z100001G, Gesamtbevölkerung, Stichtag 30.06.;
456025;03456025;Wietmarschen;Wietmarschen;Einheitsgemeinde;;1821;2252;Historische Reihe nach bisheriger Uelschen-/Historientabelle;
456025;03456025;Wietmarschen;Wietmarschen;Einheitsgemeinde;;1848;2261;Historische Reihe nach bisheriger Uelschen-/Historientabelle;
456025;03456025;Wietmarschen;Wietmarschen;Einheitsgemeinde;;1871;2303;Historische Reihe nach bisheriger Uelschen-/Historientabelle;
456025;03456025;Wietmarschen;Wietmarschen;Einheitsgemeinde;;1885;2283;Historische Reihe nach bisheriger Uelschen-/Historientabelle;
456025;03456025;Wietmarschen;Wietmarschen;Einheitsgemeinde;;1905;2574;Historische Reihe nach bisheriger Uelschen-/Historientabelle;
456025;03456025;Wietmarschen;Wietmarschen;Einheitsgemeinde;;1925;3135;Historische Reihe nach bisheriger Uelschen-/Historientabelle;
456025;03456025;Wietmarschen;Wietmarschen;Einheitsgemeinde;;1933;3489;Historische Reihe nach bisheriger Uelschen-/Historientabelle;
456025;03456025;Wietmarschen;Wietmarschen;Einheitsgemeinde;;1939;3671;Historische Reihe nach bisheriger Uelschen-/Historientabelle;
456025;03456025;Wietmarschen;Wietmarschen;Einheitsgemeinde;;1946;4819;Historische Reihe nach bisheriger Uelschen-/Historientabelle;
456025;03456025;Wietmarschen;Wietmarschen;Einheitsgemeinde;;1950;5535;Historische Reihe nach bisheriger Uelschen-/Historientabelle;
456025;03456025;Wietmarschen;Wietmarschen;Einheitsgemeinde;;1956;5655;Historische Reihe nach bisheriger Uelschen-/Historientabelle;
456025;03456025;Wietmarschen;Wietmarschen;Einheitsgemeinde;;1961;6090;Historische Reihe nach bisheriger Uelschen-/Historientabelle;
456025;03456025;Wietmarschen;Wietmarschen;Einheitsgemeinde;;1970;6506;Historische Reihe nach bisheriger Uelschen-/Historientabelle;27,9
456025;03456025;Wietmarschen;Wietmarschen;Einheitsgemeinde;;1973;6855;LSN Z100001G, Gesamtbevölkerung, Stichtag 30.06.;
456025;03456025;Wietmarschen;Wietmarschen;Einheitsgemeinde;;1974;6918;LSN Z100001G, Gesamtbevölkerung, Stichtag 30.06.;
456025;03456025;Wietmarschen;Wietmarschen;Einheitsgemeinde;;1975;6990;LSN Z100001G, Gesamtbevölkerung, Stichtag 30.06.;28,3
456025;03456025;Wietmarschen;Wietmarschen;Einheitsgemeinde;;1976;7044;LSN Z100001G, Gesamtbevölkerung, Stichtag 30.06.;
456025;03456025;Wietmarschen;Wietmarschen;Einheitsgemeinde;;1977;7104;LSN Z100001G, Gesamtbevölkerung, Stichtag 30.06.;
456025;03456025;Wietmarschen;Wietmarschen;Einheitsgemeinde;;1978;7213;LSN Z100001G, Gesamtbevölkerung, Stichtag 30.06.;
456025;03456025;Wietmarschen;Wietmarschen;Einheitsgemeinde;;1979;7060;LSN Z100001G, Gesamtbevölkerung, Stichtag 30.06.;
456025;03456025;Wietmarschen;Wietmarschen;Einheitsgemeinde;;1980;7249;LSN Z100001G, Gesamtbevölkerung, Stichtag 30.06.;29,3
456025;03456025;Wietmarschen;Wietmarschen;Einheitsgemeinde;;1981;7340;LSN Z100001G, Gesamtbevölkerung, Stichtag 30.06.;
456025;03456025;Wietmarschen;Wietmarschen;Einheitsgemeinde;;1982;7421;LSN Z100001G, Gesamtbevölkerung, Stichtag 30.06.;
456025;03456025;Wietmarschen;Wietmarschen;Einheitsgemeinde;;1983;7506;LSN Z100001G, Gesamtbevölkerung, Stichtag 30.06.;
456025;03456025;Wietmarschen;Wietmarschen;Einheitsgemeinde;;1984;7530;LSN Z100001G, Gesamtbevölkerung, Stichtag 30.06.;
456025;03456025;Wietmarschen;Wietmarschen;Einheitsgemeinde;;1985;7576;LSN Z100001G, Gesamtbevölkerung, Stichtag 30.06.;31,3
456025;03456025;Wietmarschen;Wietmarschen;Einheitsgemeinde;;1986;7578;LSN Z100001G, Gesamtbevölkerung, Stichtag 30.06.;
456025;03456025;Wietmarschen;Wietmarschen;Einheitsgemeinde;;1987;7733;LSN Z100001G, Gesamtbevölkerung, Stichtag 30.06.;
456025;03456025;Wietmarschen;Wietmarschen;Einheitsgemeinde;;1988;7776;LSN Z100001G, Gesamtbevölkerung, Stichtag 30.06.;
456025;03456025;Wietmarschen;Wietmarschen;Einheitsgemeinde;;1989;7820;LSN Z100001G, Gesamtbevölkerung, Stichtag 30.06.;
456025;03456025;Wietmarschen;Wietmarschen;Einheitsgemeinde;;1990;7906;LSN Z100001G, Gesamtbevölkerung, Stichtag 30.06.;32,9
456025;03456025;Wietmarschen;Wietmarschen;Einheitsgemeinde;;1991;8053;LSN Z100001G, Gesamtbevölkerung, Stichtag 30.06.;
456025;03456025;Wietmarschen;Wietmarschen;Einheitsgemeinde;;1992;8235;LSN Z100001G, Gesamtbevölkerung, Stichtag 30.06.;
456025;03456025;Wietmarschen;Wietmarschen;Einheitsgemeinde;;1993;8445;LSN Z100001G, Gesamtbevölkerung, Stichtag 30.06.;
456025;03456025;Wietmarschen;Wietmarschen;Einheitsgemeinde;;1994;8638;LSN Z100001G, Gesamtbevölkerung, Stichtag 30.06.;
456025;03456025;Wietmarschen;Wietmarschen;Einheitsgemeinde;;1995;8990;LSN Z100001G, Gesamtbevölkerung, Stichtag 30.06.;33,5
456025;03456025;Wietmarschen;Wietmarschen;Einheitsgemeinde;;1996;9264;LSN Z100001G, Gesamtbevölkerung, Stichtag 30.06.;
456025;03456025;Wietmarschen;Wietmarschen;Einheitsgemeinde;;1997;9542;LSN Z100001G, Gesamtbevölkerung, Stichtag 30.06.;
456025;03456025;Wietmarschen;Wietmarschen;Einheitsgemeinde;;1998;9788;LSN Z100001G, Gesamtbevölkerung, Stichtag 30.06.;
456025;03456025;Wietmarschen;Wietmarschen;Einheitsgemeinde;;1999;10114;LSN Z100001G, Gesamtbevölkerung, Stichtag 30.06.;
456025;03456025;Wietmarschen;Wietmarschen;Einheitsgemeinde;;2000;10308;LSN Z100001G, Gesamtbevölkerung, Stichtag 30.06.;34,5
456025;03456025;Wietmarschen;Wietmarschen;Einheitsgemeinde;;2001;10444;LSN Z100001G, Gesamtbevölkerung, Stichtag 30.06.;
456025;03456025;Wietmarschen;Wietmarschen;Einheitsgemeinde;;2002;10576;LSN Z100001G, Gesamtbevölkerung, Stichtag 30.06.;
456025;03456025;Wietmarschen;Wietmarschen;Einheitsgemeinde;;2003;10732;LSN Z100001G, Gesamtbevölkerung, Stichtag 30.06.;
456025;03456025;Wietmarschen;Wietmarschen;Einheitsgemeinde;;2004;10848;LSN Z100001G, Gesamtbevölkerung, Stichtag 30.06.;
456025;03456025;Wietmarschen;Wietmarschen;Einheitsgemeinde;;2005;10963;LSN Z100001G, Gesamtbevölkerung, Stichtag 30.06.;35,9
456025;03456025;Wietmarschen;Wietmarschen;Einheitsgemeinde;;2006;11038;LSN Z100001G, Gesamtbevölkerung, Stichtag 30.06.;
456025;03456025;Wietmarschen;Wietmarschen;Einheitsgemeinde;;2007;11190;LSN Z100001G, Gesamtbevölkerung, Stichtag 30.06.;
456025;03456025;Wietmarschen;Wietmarschen;Einheitsgemeinde;;2008;11264;LSN Z100001G, Gesamtbevölkerung, Stichtag 30.06.;
456025;03456025;Wietmarschen;Wietmarschen;Einheitsgemeinde;;2009;11341;LSN Z100001G, Gesamtbevölkerung, Stichtag 30.06.;
456025;03456025;Wietmarschen;Wietmarschen;Einheitsgemeinde;;2010;11403;LSN Z100001G, Gesamtbevölkerung, Stichtag 30.06.;37,8
456025;03456025;Wietmarschen;Wietmarschen;Einheitsgemeinde;;2011;11398;LSN Z100001G, Gesamtbevölkerung, Stichtag 30.06.;38,6
456025;03456025;Wietmarschen;Wietmarschen;Einheitsgemeinde;;2012;11503;LSN Z100001G, Gesamtbevölkerung, Stichtag 30.06.;38,9
456025;03456025;Wietmarschen;Wietmarschen;Einheitsgemeinde;;2013;11650;LSN Z100001G, Gesamtbevölkerung, Stichtag 30.06.;39,2
456025;03456025;Wietmarschen;Wietmarschen;Einheitsgemeinde;;2014;11730;LSN Z100001G, Gesamtbevölkerung, Stichtag 30.06.;39,5
456025;03456025;Wietmarschen;Wietmarschen;Einheitsgemeinde;;2015;11856;LSN Z100001G, Gesamtbevölkerung, Stichtag 30.06.;39,7
456025;03456025;Wietmarschen;Wietmarschen;Einheitsgemeinde;;2016;11991;LSN Z100001G, Gesamtbevölkerung, Stichtag 30.06.;40,0
456025;03456025;Wietmarschen;Wietmarschen;Einheitsgemeinde;;2017;12140;LSN Z100001G, Gesamtbevölkerung, Stichtag 30.06.;40,2
456025;03456025;Wietmarschen;Wietmarschen;Einheitsgemeinde;;2018;12163;LSN Z100001G, Gesamtbevölkerung, Stichtag 30.06.;40,5
456025;03456025;Wietmarschen;Wietmarschen;Einheitsgemeinde;;2019;12281;LSN Z100001G, Gesamtbevölkerung, Stichtag 30.06.;40,8
456025;03456025;Wietmarschen;Wietmarschen;Einheitsgemeinde;;2020;12401;LSN Z100001G, Gesamtbevölkerung, Stichtag 30.06.;41,0
456025;03456025;Wietmarschen;Wietmarschen;Einheitsgemeinde;;2021;12541;LSN Z100001G, Gesamtbevölkerung, Stichtag 30.06.;41,2
456025;03456025;Wietmarschen;Wietmarschen;Einheitsgemeinde;;2022;12840;LSN Z100001G, Gesamtbevölkerung, Stichtag 30.06.;41,4
456025;03456025;Wietmarschen;Wietmarschen;Einheitsgemeinde;;2023;12994;LSN Z100001G, Gesamtbevölkerung, Stichtag 30.06.;41,6
456025;03456025;Wietmarschen;Wietmarschen;Einheitsgemeinde;;2024;12949;LSN Z100001G, Gesamtbevölkerung, Stichtag 30.06.;42,0
456025;03456025;Wietmarschen;Wietmarschen;Einheitsgemeinde;;2025;12953;LSN Z100001G, Gesamtbevölkerung, Stichtag 30.06.;42,3
456025;03456025;Wietmarschen;Wietmarschen;Einheitsgemeinde;;2026;13004;LSN Z100001G, Gesamtbevölkerung, Stichtag 30.06.;
456026;03456026;Wilsum;Wilsum;Mitgliedsgemeinde;Uelsen;1821;709;Historische Reihe nach bisheriger Uelschen-/Historientabelle;
456026;03456026;Wilsum;Wilsum;Mitgliedsgemeinde;Uelsen;1848;651;Historische Reihe nach bisheriger Uelschen-/Historientabelle;
456026;03456026;Wilsum;Wilsum;Mitgliedsgemeinde;Uelsen;1871;674;Historische Reihe nach bisheriger Uelschen-/Historientabelle;
456026;03456026;Wilsum;Wilsum;Mitgliedsgemeinde;Uelsen;1885;706;Historische Reihe nach bisheriger Uelschen-/Historientabelle;
456026;03456026;Wilsum;Wilsum;Mitgliedsgemeinde;Uelsen;1905;915;Historische Reihe nach bisheriger Uelschen-/Historientabelle;
456026;03456026;Wilsum;Wilsum;Mitgliedsgemeinde;Uelsen;1925;1187;Historische Reihe nach bisheriger Uelschen-/Historientabelle;
456026;03456026;Wilsum;Wilsum;Mitgliedsgemeinde;Uelsen;1933;1206;Historische Reihe nach bisheriger Uelschen-/Historientabelle;
456026;03456026;Wilsum;Wilsum;Mitgliedsgemeinde;Uelsen;1939;1214;Historische Reihe nach bisheriger Uelschen-/Historientabelle;
456026;03456026;Wilsum;Wilsum;Mitgliedsgemeinde;Uelsen;1946;1560;Historische Reihe nach bisheriger Uelschen-/Historientabelle;
456026;03456026;Wilsum;Wilsum;Mitgliedsgemeinde;Uelsen;1950;1558;Historische Reihe nach bisheriger Uelschen-/Historientabelle;
456026;03456026;Wilsum;Wilsum;Mitgliedsgemeinde;Uelsen;1956;1434;Historische Reihe nach bisheriger Uelschen-/Historientabelle;
456026;03456026;Wilsum;Wilsum;Mitgliedsgemeinde;Uelsen;1961;1405;Historische Reihe nach bisheriger Uelschen-/Historientabelle;
456026;03456026;Wilsum;Wilsum;Mitgliedsgemeinde;Uelsen;1970;1513;Historische Reihe nach bisheriger Uelschen-/Historientabelle;32,2
456026;03456026;Wilsum;Wilsum;Mitgliedsgemeinde;Uelsen;1973;1495;LSN Z100001G, Gesamtbevölkerung, Stichtag 30.06.;
456026;03456026;Wilsum;Wilsum;Mitgliedsgemeinde;Uelsen;1974;1486;LSN Z100001G, Gesamtbevölkerung, Stichtag 30.06.;
456026;03456026;Wilsum;Wilsum;Mitgliedsgemeinde;Uelsen;1975;1469;LSN Z100001G, Gesamtbevölkerung, Stichtag 30.06.;32,9
456026;03456026;Wilsum;Wilsum;Mitgliedsgemeinde;Uelsen;1976;1468;LSN Z100001G, Gesamtbevölkerung, Stichtag 30.06.;
456026;03456026;Wilsum;Wilsum;Mitgliedsgemeinde;Uelsen;1977;1479;LSN Z100001G, Gesamtbevölkerung, Stichtag 30.06.;
456026;03456026;Wilsum;Wilsum;Mitgliedsgemeinde;Uelsen;1978;1475;LSN Z100001G, Gesamtbevölkerung, Stichtag 30.06.;
456026;03456026;Wilsum;Wilsum;Mitgliedsgemeinde;Uelsen;1979;1478;LSN Z100001G, Gesamtbevölkerung, Stichtag 30.06.;
456026;03456026;Wilsum;Wilsum;Mitgliedsgemeinde;Uelsen;1980;1473;LSN Z100001G, Gesamtbevölkerung, Stichtag 30.06.;33,8
456026;03456026;Wilsum;Wilsum;Mitgliedsgemeinde;Uelsen;1981;1478;LSN Z100001G, Gesamtbevölkerung, Stichtag 30.06.;
456026;03456026;Wilsum;Wilsum;Mitgliedsgemeinde;Uelsen;1982;1480;LSN Z100001G, Gesamtbevölkerung, Stichtag 30.06.;
456026;03456026;Wilsum;Wilsum;Mitgliedsgemeinde;Uelsen;1983;1474;LSN Z100001G, Gesamtbevölkerung, Stichtag 30.06.;
456026;03456026;Wilsum;Wilsum;Mitgliedsgemeinde;Uelsen;1984;1473;LSN Z100001G, Gesamtbevölkerung, Stichtag 30.06.;
456026;03456026;Wilsum;Wilsum;Mitgliedsgemeinde;Uelsen;1985;1471;LSN Z100001G, Gesamtbevölkerung, Stichtag 30.06.;34,9
456026;03456026;Wilsum;Wilsum;Mitgliedsgemeinde;Uelsen;1986;1473;LSN Z100001G, Gesamtbevölkerung, Stichtag 30.06.;
456026;03456026;Wilsum;Wilsum;Mitgliedsgemeinde;Uelsen;1987;1514;LSN Z100001G, Gesamtbevölkerung, Stichtag 30.06.;
456026;03456026;Wilsum;Wilsum;Mitgliedsgemeinde;Uelsen;1988;1501;LSN Z100001G, Gesamtbevölkerung, Stichtag 30.06.;
456026;03456026;Wilsum;Wilsum;Mitgliedsgemeinde;Uelsen;1989;1517;LSN Z100001G, Gesamtbevölkerung, Stichtag 30.06.;
456026;03456026;Wilsum;Wilsum;Mitgliedsgemeinde;Uelsen;1990;1517;LSN Z100001G, Gesamtbevölkerung, Stichtag 30.06.;36,7
456026;03456026;Wilsum;Wilsum;Mitgliedsgemeinde;Uelsen;1991;1508;LSN Z100001G, Gesamtbevölkerung, Stichtag 30.06.;
456026;03456026;Wilsum;Wilsum;Mitgliedsgemeinde;Uelsen;1992;1521;LSN Z100001G, Gesamtbevölkerung, Stichtag 30.06.;
456026;03456026;Wilsum;Wilsum;Mitgliedsgemeinde;Uelsen;1993;1509;LSN Z100001G, Gesamtbevölkerung, Stichtag 30.06.;
456026;03456026;Wilsum;Wilsum;Mitgliedsgemeinde;Uelsen;1994;1496;LSN Z100001G, Gesamtbevölkerung, Stichtag 30.06.;
456026;03456026;Wilsum;Wilsum;Mitgliedsgemeinde;Uelsen;1995;1503;LSN Z100001G, Gesamtbevölkerung, Stichtag 30.06.;38,8
456026;03456026;Wilsum;Wilsum;Mitgliedsgemeinde;Uelsen;1996;1495;LSN Z100001G, Gesamtbevölkerung, Stichtag 30.06.;
456026;03456026;Wilsum;Wilsum;Mitgliedsgemeinde;Uelsen;1997;1500;LSN Z100001G, Gesamtbevölkerung, Stichtag 30.06.;
456026;03456026;Wilsum;Wilsum;Mitgliedsgemeinde;Uelsen;1998;1518;LSN Z100001G, Gesamtbevölkerung, Stichtag 30.06.;
456026;03456026;Wilsum;Wilsum;Mitgliedsgemeinde;Uelsen;1999;1522;LSN Z100001G, Gesamtbevölkerung, Stichtag 30.06.;
456026;03456026;Wilsum;Wilsum;Mitgliedsgemeinde;Uelsen;2000;1553;LSN Z100001G, Gesamtbevölkerung, Stichtag 30.06.;39,0
456026;03456026;Wilsum;Wilsum;Mitgliedsgemeinde;Uelsen;2001;1557;LSN Z100001G, Gesamtbevölkerung, Stichtag 30.06.;
456026;03456026;Wilsum;Wilsum;Mitgliedsgemeinde;Uelsen;2002;1588;LSN Z100001G, Gesamtbevölkerung, Stichtag 30.06.;
456026;03456026;Wilsum;Wilsum;Mitgliedsgemeinde;Uelsen;2003;1597;LSN Z100001G, Gesamtbevölkerung, Stichtag 30.06.;
456026;03456026;Wilsum;Wilsum;Mitgliedsgemeinde;Uelsen;2004;1602;LSN Z100001G, Gesamtbevölkerung, Stichtag 30.06.;
456026;03456026;Wilsum;Wilsum;Mitgliedsgemeinde;Uelsen;2005;1632;LSN Z100001G, Gesamtbevölkerung, Stichtag 30.06.;40,1
456026;03456026;Wilsum;Wilsum;Mitgliedsgemeinde;Uelsen;2006;1638;LSN Z100001G, Gesamtbevölkerung, Stichtag 30.06.;
456026;03456026;Wilsum;Wilsum;Mitgliedsgemeinde;Uelsen;2007;1690;LSN Z100001G, Gesamtbevölkerung, Stichtag 30.06.;
456026;03456026;Wilsum;Wilsum;Mitgliedsgemeinde;Uelsen;2008;1683;LSN Z100001G, Gesamtbevölkerung, Stichtag 30.06.;
456026;03456026;Wilsum;Wilsum;Mitgliedsgemeinde;Uelsen;2009;1689;LSN Z100001G, Gesamtbevölkerung, Stichtag 30.06.;
456026;03456026;Wilsum;Wilsum;Mitgliedsgemeinde;Uelsen;2010;1656;LSN Z100001G, Gesamtbevölkerung, Stichtag 30.06.;41,7
456026;03456026;Wilsum;Wilsum;Mitgliedsgemeinde;Uelsen;2011;1616;LSN Z100001G, Gesamtbevölkerung, Stichtag 30.06.;42,1
456026;03456026;Wilsum;Wilsum;Mitgliedsgemeinde;Uelsen;2012;1615;LSN Z100001G, Gesamtbevölkerung, Stichtag 30.06.;42,3
456026;03456026;Wilsum;Wilsum;Mitgliedsgemeinde;Uelsen;2013;1611;LSN Z100001G, Gesamtbevölkerung, Stichtag 30.06.;42,9
456026;03456026;Wilsum;Wilsum;Mitgliedsgemeinde;Uelsen;2014;1603;LSN Z100001G, Gesamtbevölkerung, Stichtag 30.06.;43,6
456026;03456026;Wilsum;Wilsum;Mitgliedsgemeinde;Uelsen;2015;1616;LSN Z100001G, Gesamtbevölkerung, Stichtag 30.06.;43,6
456026;03456026;Wilsum;Wilsum;Mitgliedsgemeinde;Uelsen;2016;1605;LSN Z100001G, Gesamtbevölkerung, Stichtag 30.06.;44,0
456026;03456026;Wilsum;Wilsum;Mitgliedsgemeinde;Uelsen;2017;1582;LSN Z100001G, Gesamtbevölkerung, Stichtag 30.06.;44,8
456026;03456026;Wilsum;Wilsum;Mitgliedsgemeinde;Uelsen;2018;1580;LSN Z100001G, Gesamtbevölkerung, Stichtag 30.06.;44,8
456026;03456026;Wilsum;Wilsum;Mitgliedsgemeinde;Uelsen;2019;1582;LSN Z100001G, Gesamtbevölkerung, Stichtag 30.06.;44,9
456026;03456026;Wilsum;Wilsum;Mitgliedsgemeinde;Uelsen;2020;1614;LSN Z100001G, Gesamtbevölkerung, Stichtag 30.06.;45,0
456026;03456026;Wilsum;Wilsum;Mitgliedsgemeinde;Uelsen;2021;1614;LSN Z100001G, Gesamtbevölkerung, Stichtag 30.06.;44,6
456026;03456026;Wilsum;Wilsum;Mitgliedsgemeinde;Uelsen;2022;1650;LSN Z100001G, Gesamtbevölkerung, Stichtag 30.06.;44,3
456026;03456026;Wilsum;Wilsum;Mitgliedsgemeinde;Uelsen;2023;1658;LSN Z100001G, Gesamtbevölkerung, Stichtag 30.06.;44,6
456026;03456026;Wilsum;Wilsum;Mitgliedsgemeinde;Uelsen;2024;1641;LSN Z100001G, Gesamtbevölkerung, Stichtag 30.06.;45,0
456026;03456026;Wilsum;Wilsum;Mitgliedsgemeinde;Uelsen;2025;1627;LSN Z100001G, Gesamtbevölkerung, Stichtag 30.06.;45,7
456026;03456026;Wilsum;Wilsum;Mitgliedsgemeinde;Uelsen;2026;1599;LSN Z100001G, Gesamtbevölkerung, Stichtag 30.06.;
