{
"type": "FeatureCollection",
"name": "grafschaft_krebsatlas_gebiete",
"crs": { "type": "name", "properties": { "name": "urn:ogc:def:crs:OGC:1.3:CRS84" } },
"features": [
{ "type": "Feature", "properties": { "krebsgebiet": "Bad Bentheim, Stadt" }, "geometry": { "type": "MultiPolygon", "coordinates": [ [ [ [ 7.194035, 52.3044891 ], [ 7.194842, 52.3045116 ], [ 7.1945638, 52.3069799 ], [ 7.1931457, 52.3068014 ], [ 7.1899081, 52.3064843 ], [ 7.1899279, 52.3063807 ], [ 7.1900195, 52.305901700000014 ], [ 7.1902238, 52.3048261 ], [ 7.1911785, 52.3049239 ], [ 7.1913983, 52.3056206 ], [ 7.1935284, 52.3057672 ], [ 7.19367, 52.304585 ], [ 7.1936824, 52.3044818 ], [ 7.194035, 52.3044891 ] ] ], [ [ [ 7.1935804, 52.3044747 ], [ 7.1932742, 52.3044127 ], [ 7.1927571, 52.3042919 ], [ 7.1917509, 52.3040508 ], [ 7.1916028, 52.3039758 ], [ 7.1913299, 52.3038374 ], [ 7.1912108, 52.3037532 ], [ 7.1906451, 52.3034679 ], [ 7.1901507, 52.3034011 ], [ 7.1900935, 52.3034247 ], [ 7.1899654, 52.3035139 ], [ 7.1899154, 52.3035292 ], [ 7.1898824, 52.3036769 ], [ 7.1897063, 52.3039518 ], [ 7.1896697, 52.3040308 ], [ 7.1893231, 52.3039704 ], [ 7.1892684, 52.3040007 ], [ 7.1892759, 52.3040244 ], [ 7.1892908, 52.3040711 ], [ 7.1890457, 52.304932 ], [ 7.1890197, 52.3050231 ], [ 7.1892623, 52.3051402 ], [ 7.189253, 52.3052351 ], [ 7.1887227, 52.3063986 ], [ 7.1888546, 52.3066096 ], [ 7.1889184, 52.3066156 ], [ 7.1940298, 52.3070965 ], [ 7.1945385, 52.3071885 ], [ 7.1952957, 52.3072978 ], [ 7.1959376, 52.3074252 ], [ 7.1981887, 52.3079235 ], [ 7.1993432, 52.3080992 ], [ 7.2012682, 52.3083229 ], [ 7.2011456, 52.3083893 ], [ 7.2007525, 52.3086384 ], [ 7.2006362, 52.3088032 ], [ 7.2005545, 52.3090017 ], [ 7.2005319, 52.3091757 ], [ 7.2005305, 52.309315 ], [ 7.2005474, 52.3093777 ], [ 7.2005452, 52.309495299999988 ], [ 7.2005201, 52.309587 ], [ 7.20047, 52.3096527 ], [ 7.2003851, 52.3096823 ], [ 7.200578, 52.3100867 ], [ 7.2005902, 52.3101197 ], [ 7.2007014, 52.310446 ], [ 7.2007282, 52.310499799999981 ], [ 7.200843, 52.3107397 ], [ 7.2008635, 52.3107824 ], [ 7.2010068, 52.3109635 ], [ 7.2012354, 52.3110054 ], [ 7.2015696, 52.3112139 ], [ 7.2015926, 52.3112331 ], [ 7.2016447, 52.3113559 ], [ 7.2016909, 52.3114101 ], [ 7.2016546, 52.3115614 ], [ 7.2016357, 52.3118608 ], [ 7.2018993, 52.312078299999989 ], [ 7.2019238, 52.3120998 ], [ 7.2019322, 52.3121071 ], [ 7.2019721, 52.3121425 ], [ 7.2022135, 52.3122955 ], [ 7.2023114, 52.3123239 ], [ 7.2023887, 52.3123984 ], [ 7.2024738, 52.3124408 ], [ 7.2025564, 52.3124522 ], [ 7.2027008, 52.3125303 ], [ 7.2029313, 52.3125159 ], [ 7.2030345, 52.3125362 ], [ 7.203367, 52.3126633 ], [ 7.2037789, 52.3127698 ], [ 7.2038827, 52.3128073 ], [ 7.2039752, 52.3128965 ], [ 7.2040972, 52.312811499999988 ], [ 7.2051008, 52.3128908 ], [ 7.2051779, 52.31286 ], [ 7.2053801, 52.312886 ], [ 7.2059132, 52.3128835 ], [ 7.2064509, 52.313391 ], [ 7.2066535, 52.3135441 ], [ 7.2068031, 52.3136524 ], [ 7.2068772, 52.3136903 ], [ 7.2069937, 52.3137185 ], [ 7.2073851, 52.3137717 ], [ 7.2075511, 52.3137752 ], [ 7.207589, 52.314219400000013 ], [ 7.2077289, 52.3143207 ], [ 7.2079487, 52.3144798 ], [ 7.2077712, 52.3145221 ], [ 7.2073779, 52.3144712 ], [ 7.2072532, 52.3144764 ], [ 7.207148, 52.3144777 ], [ 7.2070003, 52.3144424 ], [ 7.2069714, 52.3144167 ], [ 7.206937, 52.3143845 ], [ 7.2069364, 52.3144116 ], [ 7.2069349, 52.3144874 ], [ 7.2070495, 52.3146723 ], [ 7.2067516, 52.3147345 ], [ 7.2062021, 52.314744 ], [ 7.2060029, 52.3147535 ], [ 7.2059884, 52.314788 ], [ 7.2060756, 52.3148028 ], [ 7.2064852, 52.3148397 ], [ 7.2087656, 52.315135 ], [ 7.2091321, 52.3151824 ], [ 7.2090845, 52.3152334 ], [ 7.2087772, 52.3155621 ], [ 7.2078281, 52.3154529 ], [ 7.2046927, 52.3149708 ], [ 7.2045002, 52.315113900000014 ], [ 7.2043678, 52.3151659 ], [ 7.2036608, 52.3152278 ], [ 7.2035165, 52.3152297 ], [ 7.2030064, 52.3152524 ], [ 7.2027454, 52.315300399999984 ], [ 7.2024058, 52.31529110000001 ], [ 7.2018668, 52.3153308 ], [ 7.2009621, 52.3153863 ], [ 7.2001334, 52.3152984 ], [ 7.2001091, 52.3152958 ], [ 7.2000403, 52.3154357 ], [ 7.1985144, 52.3152594 ], [ 7.1982434, 52.3151965 ], [ 7.1974878, 52.3151932 ], [ 7.1958046, 52.3166824 ], [ 7.1957257, 52.3167523 ], [ 7.1956981, 52.3167769 ], [ 7.1948584, 52.31658 ], [ 7.1948251, 52.3166506 ], [ 7.1946733, 52.3169747 ], [ 7.1946274, 52.3172506 ], [ 7.1945583, 52.317997 ], [ 7.194428, 52.3187295 ], [ 7.1945497, 52.3189112 ], [ 7.1945735, 52.3192146 ], [ 7.194575, 52.3192337 ], [ 7.1944267, 52.3192206 ], [ 7.194362, 52.3192148 ], [ 7.1942926, 52.3192353 ], [ 7.1942463, 52.3192489 ], [ 7.194284, 52.3205223 ], [ 7.1941015, 52.320536199999985 ], [ 7.1937002, 52.3205668 ], [ 7.1926236, 52.3206468 ], [ 7.1924872, 52.3205696 ], [ 7.1924157, 52.3204299 ], [ 7.1918347, 52.3196291 ], [ 7.1917224, 52.3195447 ], [ 7.191656, 52.3194881 ], [ 7.1915597, 52.3194061 ], [ 7.1910318, 52.3190718 ], [ 7.1909853, 52.3190042 ], [ 7.1908971, 52.3188759 ], [ 7.1907625, 52.3187928 ], [ 7.1905558, 52.318673 ], [ 7.1898363, 52.3193565 ], [ 7.1897043, 52.3193706 ], [ 7.1887919, 52.3186376 ], [ 7.1890372, 52.3184337 ], [ 7.189487, 52.3181182 ], [ 7.1896416, 52.3180097 ], [ 7.1896129, 52.3179837 ], [ 7.1892823, 52.317771799999989 ], [ 7.188855, 52.3173186 ], [ 7.1885213, 52.3170038 ], [ 7.1884978, 52.3169594 ], [ 7.1884497, 52.3169143 ], [ 7.1891018, 52.3167194 ], [ 7.1892709, 52.316649 ], [ 7.1891813, 52.3165554 ], [ 7.1886033, 52.3163186 ], [ 7.1882655, 52.316236700000012 ], [ 7.1873206, 52.3161028 ], [ 7.1849342, 52.3165611 ], [ 7.1842407, 52.3170512 ], [ 7.1841746, 52.3170885 ], [ 7.1841456, 52.3171151 ], [ 7.1836911, 52.3174264 ], [ 7.1839381, 52.3182805 ], [ 7.1842599, 52.3184466 ], [ 7.1859507, 52.3193186 ], [ 7.1860069, 52.3193476 ], [ 7.1860339, 52.3193847 ], [ 7.1852339, 52.3201833 ], [ 7.1851151, 52.3202613 ], [ 7.1850363, 52.3202195 ], [ 7.1839242, 52.3196285 ], [ 7.1834091, 52.3196048 ], [ 7.1821869, 52.3195422 ], [ 7.1820449, 52.3195349 ], [ 7.1819423, 52.3195315 ], [ 7.1818661, 52.3195283 ], [ 7.1817277, 52.3195226 ], [ 7.1816516, 52.3197896 ], [ 7.1794223, 52.3197045 ], [ 7.178654, 52.3211951 ], [ 7.1789134, 52.3212732 ], [ 7.1789727, 52.3215124 ], [ 7.1788748, 52.321602600000013 ], [ 7.1781931, 52.3220582 ], [ 7.1757452, 52.3230927 ], [ 7.1756936, 52.3231116 ], [ 7.1749336, 52.3238859 ], [ 7.1748296, 52.3239931 ], [ 7.174369, 52.324468 ], [ 7.1742635, 52.3245767 ], [ 7.1735321, 52.3253306 ], [ 7.1731673, 52.3256721 ], [ 7.1678888, 52.3268376 ], [ 7.1676951, 52.3268529 ], [ 7.1674627, 52.3269428 ], [ 7.1607603, 52.3283722 ], [ 7.1605595, 52.328332 ], [ 7.1578769, 52.3275145 ], [ 7.1554391, 52.3267714 ], [ 7.1554305, 52.3268581 ], [ 7.1549556, 52.3316231 ], [ 7.1546608, 52.332524 ], [ 7.1548602, 52.3330536 ], [ 7.1546604, 52.3340639 ], [ 7.1545908, 52.3347377 ], [ 7.1547105, 52.3352787 ], [ 7.1542867, 52.33581 ], [ 7.1536662, 52.3366118 ], [ 7.1536032, 52.3366932 ], [ 7.1534921, 52.3374601 ], [ 7.151135, 52.3369111 ], [ 7.1510592, 52.337018 ], [ 7.150966, 52.3369934 ], [ 7.1506228, 52.3369332 ], [ 7.1476493, 52.3361359 ], [ 7.1454007, 52.3355329 ], [ 7.1430884, 52.3349036 ], [ 7.1410388, 52.3343463 ], [ 7.1406451, 52.3342394 ], [ 7.1396524, 52.3339701 ], [ 7.1395095, 52.3339313 ], [ 7.1382095, 52.3335881 ], [ 7.1333855, 52.3328993 ], [ 7.1322352, 52.333076 ], [ 7.1320883, 52.3330988 ], [ 7.1286475, 52.3336326 ], [ 7.1262879, 52.332819 ], [ 7.1251873, 52.3324454 ], [ 7.1276881, 52.3304731 ], [ 7.1261522, 52.32984230000001 ], [ 7.1251864, 52.3294424 ], [ 7.1248054, 52.328567600000014 ], [ 7.124953, 52.328464 ], [ 7.1251007, 52.3283 ], [ 7.1251496, 52.3281977 ], [ 7.125194, 52.3275547 ], [ 7.1251491, 52.3273721 ], [ 7.1251464, 52.327361 ], [ 7.1250541, 52.327116399999987 ], [ 7.12492, 52.327003 ], [ 7.1242394, 52.3267264 ], [ 7.1242457, 52.326444 ], [ 7.1234762, 52.3260986 ], [ 7.1233587, 52.3259962 ], [ 7.1232644, 52.3259187 ], [ 7.1231727, 52.3259607 ], [ 7.1224586, 52.3262874 ], [ 7.1222745, 52.3264791 ], [ 7.1218789, 52.326618899999986 ], [ 7.1218647, 52.3265958 ], [ 7.1215029, 52.3265112 ], [ 7.1212788, 52.3265238 ], [ 7.1208641, 52.326695 ], [ 7.1205304, 52.3268326 ], [ 7.1203772, 52.326879200000015 ], [ 7.1200451, 52.3269238 ], [ 7.1198141, 52.3271343 ], [ 7.119677, 52.3271878 ], [ 7.1192205, 52.3272264 ], [ 7.1185851, 52.3274209 ], [ 7.118266, 52.3273829 ], [ 7.1181616, 52.3273705 ], [ 7.1182216, 52.3274476 ], [ 7.1176362, 52.3285564 ], [ 7.1173678, 52.3287886 ], [ 7.1154989, 52.329763 ], [ 7.1156665, 52.3298745 ], [ 7.116665, 52.3305383 ], [ 7.1167698, 52.3306459 ], [ 7.1162726, 52.3318771 ], [ 7.1145593, 52.3323236 ], [ 7.1142944, 52.3324431 ], [ 7.1129918, 52.3327621 ], [ 7.1128522, 52.3328726 ], [ 7.112593, 52.3331684 ], [ 7.1125099, 52.3332631 ], [ 7.1127648, 52.3334735 ], [ 7.1136463, 52.334201 ], [ 7.1121863, 52.3360238 ], [ 7.1105889, 52.3359621 ], [ 7.1100784, 52.3359298 ], [ 7.1099641, 52.3359478 ], [ 7.1095529, 52.3364166 ], [ 7.1092021, 52.3377507 ], [ 7.1091046, 52.337945 ], [ 7.108854, 52.3380797 ], [ 7.1040129, 52.338789299999988 ], [ 7.1020944, 52.3387515 ], [ 7.101463, 52.3387792 ], [ 7.1000031, 52.3390272 ], [ 7.097311, 52.3393604 ], [ 7.0972022, 52.3393731 ], [ 7.0971006, 52.339414399999988 ], [ 7.0969877, 52.3395065 ], [ 7.0968091, 52.3406336 ], [ 7.0963991, 52.3429944 ], [ 7.0958969, 52.3456904 ], [ 7.0949456, 52.3511959 ], [ 7.0946617, 52.3528195 ], [ 7.0944334, 52.3541253 ], [ 7.0944258, 52.354168599999987 ], [ 7.094543, 52.3542092 ], [ 7.0979578, 52.3584712 ], [ 7.0980418, 52.358518 ], [ 7.0997791, 52.3596576 ], [ 7.0965678, 52.36046240000001 ], [ 7.0915528, 52.3627357 ], [ 7.086168, 52.365196 ], [ 7.0848579, 52.364257 ], [ 7.0814755, 52.3632003 ], [ 7.0813353, 52.3631565 ], [ 7.0805517, 52.3629145 ], [ 7.07849, 52.3622777 ], [ 7.0784886, 52.3626708 ], [ 7.0784608, 52.3636969 ], [ 7.0784596, 52.363742499999987 ], [ 7.078339, 52.3641865 ], [ 7.0784421, 52.3643911 ], [ 7.0785351, 52.3645756 ], [ 7.0785423, 52.3646771 ], [ 7.0784306, 52.3649057 ], [ 7.0784071, 52.3664473 ], [ 7.0784027, 52.3667365 ], [ 7.0783085, 52.3669892 ], [ 7.0781309, 52.3675421 ], [ 7.0779735, 52.3681809 ], [ 7.078001, 52.3684922 ], [ 7.0780314, 52.3692753 ], [ 7.0780515, 52.3697568 ], [ 7.078068, 52.3700632 ], [ 7.0780947, 52.3705607 ], [ 7.0780974, 52.3706102 ], [ 7.0780565, 52.3706229 ], [ 7.0780559, 52.3706271 ], [ 7.0773446, 52.3708398 ], [ 7.0772837, 52.3708238 ], [ 7.0771586, 52.3708778 ], [ 7.0767264, 52.3712759 ], [ 7.0766126, 52.3716039 ], [ 7.0764335, 52.3718813 ], [ 7.075932, 52.372428500000012 ], [ 7.0757918, 52.3725469 ], [ 7.0755927, 52.372614600000013 ], [ 7.0752253, 52.37265450000001 ], [ 7.0747133, 52.3727101 ], [ 7.0745706, 52.3727225 ], [ 7.0742098, 52.3727305 ], [ 7.0742082, 52.3727089 ], [ 7.0742048, 52.372664 ], [ 7.0730493, 52.3727736 ], [ 7.0723827, 52.3727877 ], [ 7.0722174, 52.3727865 ], [ 7.0722294, 52.3726143 ], [ 7.0722893, 52.371723 ], [ 7.0722916, 52.3716882 ], [ 7.0722688, 52.370952400000014 ], [ 7.0722094, 52.3698555 ], [ 7.0722651, 52.3680096 ], [ 7.0723558, 52.3677934 ], [ 7.0727619, 52.3668275 ], [ 7.0727705, 52.366805 ], [ 7.0726644, 52.3652778 ], [ 7.0725432, 52.3635307 ], [ 7.0725365, 52.3634339 ], [ 7.072434, 52.3619585 ], [ 7.0724284, 52.3618778 ], [ 7.0724258, 52.3618397 ], [ 7.0724228, 52.3618045 ], [ 7.0724086, 52.3615928 ], [ 7.0722811, 52.3597547 ], [ 7.0721991, 52.3585722 ], [ 7.0721913, 52.3584714 ], [ 7.0721535, 52.3579147 ], [ 7.0721365, 52.357671 ], [ 7.0721323, 52.3576105 ], [ 7.0720863, 52.3569453 ], [ 7.0720573, 52.3565262 ], [ 7.0720823, 52.3559383 ], [ 7.0720869, 52.3558294 ], [ 7.0720916, 52.355698499999988 ], [ 7.0721279, 52.3548659 ], [ 7.0721346, 52.3547084 ], [ 7.0721369, 52.3546536 ], [ 7.0721704, 52.35385560000001 ], [ 7.0722026, 52.3530862 ], [ 7.0722053, 52.3530216 ], [ 7.0722074, 52.3529981 ], [ 7.0722246, 52.3526007 ], [ 7.0722507, 52.35198 ], [ 7.0722525, 52.351931 ], [ 7.0722551, 52.3518762 ], [ 7.0721177, 52.3518896 ], [ 7.0714194, 52.3512786 ], [ 7.0712559, 52.3511315 ], [ 7.0706695, 52.3506196 ], [ 7.0693959, 52.3495027 ], [ 7.0685571, 52.348767 ], [ 7.0683035, 52.3485446 ], [ 7.0680343, 52.3483085 ], [ 7.0675019, 52.3478416 ], [ 7.0664922, 52.346956 ], [ 7.0663622, 52.346841 ], [ 7.0656198, 52.3461909 ], [ 7.0654865, 52.3460737 ], [ 7.064471, 52.3451832 ], [ 7.0643976, 52.3451188 ], [ 7.0637323, 52.3445346 ], [ 7.063693, 52.3445002 ], [ 7.0624579, 52.3434153 ], [ 7.0612284, 52.3423361 ], [ 7.0611867, 52.3422995 ], [ 7.0609753, 52.3421138 ], [ 7.0590112, 52.3403892 ], [ 7.0588405, 52.340239300000015 ], [ 7.0587962, 52.3402004 ], [ 7.0587767, 52.340183299999985 ], [ 7.0587533, 52.3401627 ], [ 7.0587296, 52.3401419 ], [ 7.0579748, 52.3394792 ], [ 7.0577655, 52.3392953 ], [ 7.0573986, 52.338973 ], [ 7.0571825, 52.3387831 ], [ 7.0571308, 52.3387378 ], [ 7.0571028, 52.3387132 ], [ 7.0570812, 52.3386942 ], [ 7.0562467, 52.3379615 ], [ 7.0562942, 52.3374133 ], [ 7.0562833, 52.3368814 ], [ 7.0562836, 52.3368148 ], [ 7.0562588, 52.3354491 ], [ 7.0561488, 52.3349546 ], [ 7.0560788, 52.3348255 ], [ 7.055888, 52.3344857 ], [ 7.0549182, 52.3331765 ], [ 7.0548143, 52.3329472 ], [ 7.0549497, 52.3327205 ], [ 7.0554462, 52.332162800000013 ], [ 7.0554067, 52.3321291 ], [ 7.054934, 52.3317289 ], [ 7.0545863, 52.3314002 ], [ 7.0542731, 52.3310056 ], [ 7.0541316, 52.330864 ], [ 7.0533821, 52.330113 ], [ 7.0521345, 52.3286948 ], [ 7.052096, 52.3286589 ], [ 7.050406, 52.3270817 ], [ 7.050353, 52.3270322 ], [ 7.0495278, 52.3262959 ], [ 7.0480275, 52.3249326 ], [ 7.0475854, 52.3243542 ], [ 7.0472212, 52.3238061 ], [ 7.0471989, 52.3237726 ], [ 7.04718, 52.3237441 ], [ 7.0469839, 52.3231935 ], [ 7.0469637, 52.3229258 ], [ 7.0469555, 52.322829 ], [ 7.0472364, 52.3212925 ], [ 7.0474723, 52.321008500000012 ], [ 7.0476371, 52.3208261 ], [ 7.0477896, 52.3204342 ], [ 7.0481116, 52.3199481 ], [ 7.047669, 52.319516699999987 ], [ 7.0476425, 52.319329400000015 ], [ 7.0475501, 52.3186797 ], [ 7.0474781, 52.3184498 ], [ 7.0474542, 52.3184204 ], [ 7.0471235, 52.3180295 ], [ 7.0460963, 52.316811799999982 ], [ 7.0457863, 52.3164454 ], [ 7.0458095, 52.3164525 ], [ 7.0463589, 52.3166219 ], [ 7.0474201, 52.3152073 ], [ 7.0473002, 52.3151162 ], [ 7.0472085, 52.3150426 ], [ 7.047109, 52.3149708 ], [ 7.0462388, 52.3146903 ], [ 7.04548, 52.314464 ], [ 7.044792, 52.314272699999982 ], [ 7.0437189, 52.3139941 ], [ 7.0432872, 52.313882 ], [ 7.0433182, 52.3138369 ], [ 7.0433508, 52.313789399999983 ], [ 7.0433976, 52.313723100000011 ], [ 7.043426, 52.31368 ], [ 7.0434386, 52.3136616 ], [ 7.0434549, 52.3136379 ], [ 7.0434954, 52.3135811 ], [ 7.0435217, 52.3135411 ], [ 7.0435699, 52.3134717 ], [ 7.0432001, 52.3133783 ], [ 7.0431603, 52.3133684 ], [ 7.0428322, 52.313285699999987 ], [ 7.0425081, 52.3132157 ], [ 7.0407983, 52.3128146 ], [ 7.0392049, 52.3124957 ], [ 7.0389533, 52.3124396 ], [ 7.038779, 52.31240039999998 ], [ 7.0386829, 52.3123793 ], [ 7.0412706, 52.311162 ], [ 7.0413127, 52.3111421 ], [ 7.0411311, 52.310926699999989 ], [ 7.0409877, 52.3107566 ], [ 7.0405385, 52.3102236 ], [ 7.0401285, 52.3092038 ], [ 7.0401091, 52.3091555 ], [ 7.0400957, 52.3091221 ], [ 7.0400626, 52.3090395 ], [ 7.0400451, 52.308996 ], [ 7.0400079, 52.3089033 ], [ 7.0397647, 52.308298 ], [ 7.0394948, 52.3076265 ], [ 7.0391621, 52.3073244 ], [ 7.0391263, 52.307292 ], [ 7.0389585, 52.3071396 ], [ 7.0388288, 52.3070219 ], [ 7.0387455, 52.3069462 ], [ 7.0386691, 52.3068769 ], [ 7.038648, 52.3068577 ], [ 7.038633, 52.3068441 ], [ 7.0386209, 52.3068332 ], [ 7.038589, 52.3068059 ], [ 7.0385522, 52.30677069999998 ], [ 7.038523, 52.306744299999984 ], [ 7.03824, 52.306487 ], [ 7.0368627, 52.3052348 ], [ 7.0359243, 52.3043816 ], [ 7.0358788, 52.3043402 ], [ 7.0346913, 52.3032599 ], [ 7.0346417, 52.3032153 ], [ 7.0345931, 52.3031712 ], [ 7.0337991, 52.3024492 ], [ 7.0336014, 52.3021695 ], [ 7.0335015, 52.3020283 ], [ 7.0330383, 52.3013731 ], [ 7.0325588, 52.3006949 ], [ 7.0324518, 52.3005434 ], [ 7.0319806, 52.2998759 ], [ 7.0319654, 52.2998544 ], [ 7.031936, 52.299810199999989 ], [ 7.0319104, 52.299775499999988 ], [ 7.0316536, 52.299411 ], [ 7.0302357, 52.2973985 ], [ 7.0296736, 52.2966009 ], [ 7.0281524, 52.2944346 ], [ 7.0281301, 52.2944029 ], [ 7.0281228, 52.2943924 ], [ 7.0278951, 52.2940684 ], [ 7.0267261, 52.2924047 ], [ 7.0264262, 52.2919777 ], [ 7.0264201, 52.2918314 ], [ 7.0263996, 52.2913394 ], [ 7.0263902, 52.2911133 ], [ 7.0263899, 52.2911063 ], [ 7.0262645, 52.2880993 ], [ 7.0262632, 52.288068100000011 ], [ 7.0262581, 52.2879464 ], [ 7.0262469, 52.28772 ], [ 7.0262442, 52.2876658 ], [ 7.0262267, 52.2873175 ], [ 7.0273753, 52.2853093 ], [ 7.0275674, 52.2849734 ], [ 7.0278869, 52.2844149 ], [ 7.0283627, 52.2835827 ], [ 7.0288401, 52.2827478 ], [ 7.0290391, 52.2823996 ], [ 7.0291469, 52.2822111 ], [ 7.0291809, 52.2821516 ], [ 7.0292043, 52.2821107 ], [ 7.0292257, 52.28207279999998 ], [ 7.0292331, 52.282060300000012 ], [ 7.0292486, 52.2820331 ], [ 7.0295425, 52.2815193 ], [ 7.029544, 52.2815046 ], [ 7.0296019, 52.2803573 ], [ 7.0296108, 52.280181299999981 ], [ 7.0289333, 52.2795003 ], [ 7.0289096, 52.2794765 ], [ 7.0289044, 52.2794712 ], [ 7.0288061, 52.2793725 ], [ 7.0279831, 52.2789304 ], [ 7.0277023, 52.2783657 ], [ 7.0275177, 52.2779518 ], [ 7.027527, 52.2779141 ], [ 7.0278021, 52.2767873 ], [ 7.0278192, 52.276717200000014 ], [ 7.0278222, 52.276705 ], [ 7.028151, 52.275358 ], [ 7.0282415, 52.2749868 ], [ 7.0282832, 52.2748164 ], [ 7.0283161, 52.274681699999981 ], [ 7.0283649, 52.2744818 ], [ 7.0283714, 52.2744477 ], [ 7.0283936, 52.2743643 ], [ 7.0284273, 52.274226 ], [ 7.0284487, 52.2741384 ], [ 7.0285417, 52.2737586 ], [ 7.0285696, 52.2736426 ], [ 7.0286413, 52.2736014 ], [ 7.0286849, 52.2735468 ], [ 7.0288029, 52.2734662 ], [ 7.0289456, 52.2733898 ], [ 7.0293078, 52.2732329 ], [ 7.0293762, 52.2731951 ], [ 7.0294812, 52.273137 ], [ 7.030213, 52.2727311 ], [ 7.0310748, 52.2722565 ], [ 7.0317264, 52.2718965 ], [ 7.0317809, 52.2718663 ], [ 7.0320747, 52.271704 ], [ 7.0322113, 52.2714984 ], [ 7.032264, 52.2714192 ], [ 7.0326589, 52.2708251 ], [ 7.0327183, 52.2707353 ], [ 7.0334929, 52.2695692 ], [ 7.0341721, 52.2685467 ], [ 7.0346432, 52.2678367 ], [ 7.0362413, 52.2654314 ], [ 7.0362519, 52.2654147 ], [ 7.0369017, 52.2644352 ], [ 7.0383472, 52.2622551 ], [ 7.0403137, 52.259288 ], [ 7.0423979, 52.256143699999981 ], [ 7.0426211, 52.2560013 ], [ 7.0426653, 52.2559732 ], [ 7.0460836, 52.253793 ], [ 7.0485409, 52.2522255 ], [ 7.0486027, 52.252186 ], [ 7.0500574, 52.2512581 ], [ 7.0511479, 52.2505635 ], [ 7.0512053, 52.2505278 ], [ 7.0512237, 52.2505152 ], [ 7.0544343, 52.2484701 ], [ 7.0544696, 52.2484473 ], [ 7.0545072, 52.2484236 ], [ 7.0545138, 52.2484194 ], [ 7.056851, 52.2469308 ], [ 7.0571185, 52.24676 ], [ 7.0571608, 52.2467331 ], [ 7.0617721, 52.2437947 ], [ 7.0657304, 52.241272 ], [ 7.0657904, 52.2412334 ], [ 7.06585, 52.2412415 ], [ 7.0659542, 52.2412566 ], [ 7.0660281, 52.24126 ], [ 7.0661738, 52.2412667 ], [ 7.0665974, 52.2412862 ], [ 7.0667958, 52.2412953 ], [ 7.0669858, 52.2413041 ], [ 7.0671844, 52.2413132 ], [ 7.0672575, 52.2413166 ], [ 7.0674472, 52.2413253 ], [ 7.067637, 52.2413341 ], [ 7.067827, 52.2413428 ], [ 7.0680165, 52.2413515 ], [ 7.0681794, 52.2413591 ], [ 7.0691644, 52.2414059 ], [ 7.0692849, 52.2414116 ], [ 7.0711488, 52.2415 ], [ 7.0733496, 52.2416043 ], [ 7.0737171, 52.2416218 ], [ 7.0741042, 52.241639600000013 ], [ 7.0745825, 52.2416616 ], [ 7.0746732, 52.2416657 ], [ 7.0753001, 52.2416943 ], [ 7.0756767, 52.2417115 ], [ 7.0759903, 52.2417257 ], [ 7.0767841, 52.2417619 ], [ 7.0774555, 52.2417924 ], [ 7.0781377, 52.2418235 ], [ 7.0789695, 52.241861300000011 ], [ 7.0790034, 52.2418629 ], [ 7.0793444, 52.241878400000012 ], [ 7.0803343, 52.2419233 ], [ 7.0808759, 52.2419477 ], [ 7.0813158, 52.2419679 ], [ 7.0824702, 52.2420202 ], [ 7.0826226, 52.2420272 ], [ 7.0830865, 52.2420483 ], [ 7.0836842, 52.2420754 ], [ 7.0837024, 52.2420762 ], [ 7.0849137, 52.2421316 ], [ 7.0857596, 52.2421703 ], [ 7.0861313, 52.2421873 ], [ 7.0862398, 52.2421923 ], [ 7.086252, 52.2421928 ], [ 7.0872699, 52.24223940000001 ], [ 7.0872964, 52.242240599999988 ], [ 7.0873403, 52.2422426 ], [ 7.0884217, 52.2422921 ], [ 7.0894055, 52.2423371 ], [ 7.089518, 52.2423423 ], [ 7.0895781, 52.242345 ], [ 7.0906061, 52.2423918 ], [ 7.0907391, 52.2423978 ], [ 7.0916027, 52.2424372 ], [ 7.0919557, 52.2424532 ], [ 7.0922065, 52.2424646 ], [ 7.0924333, 52.242475 ], [ 7.0928727, 52.2424951 ], [ 7.0934468, 52.2425214 ], [ 7.0954736, 52.2426141 ], [ 7.0958682, 52.2426321 ], [ 7.0969184, 52.2426801 ], [ 7.0982121, 52.2427392 ], [ 7.0983705, 52.2427464 ], [ 7.0984138, 52.2427483 ], [ 7.0984637, 52.2427505 ], [ 7.0985143, 52.2427528 ], [ 7.0985737, 52.2427554 ], [ 7.0987476, 52.2429169 ], [ 7.0990404, 52.2430238 ], [ 7.0990628, 52.2430321 ], [ 7.0990853, 52.2430405 ], [ 7.1001417, 52.2434235 ], [ 7.1011429, 52.2437868 ], [ 7.1013603, 52.2438659 ], [ 7.1014402, 52.2438949 ], [ 7.1018856, 52.2434744 ], [ 7.1018986, 52.2434622 ], [ 7.1019276, 52.243471 ], [ 7.1020259, 52.2435006 ], [ 7.1035215, 52.2439519 ], [ 7.1036255, 52.2439834 ], [ 7.1036448, 52.2439932 ], [ 7.1037554, 52.2440208 ], [ 7.1037631, 52.244023 ], [ 7.1040884, 52.2441208 ], [ 7.105443, 52.244528 ], [ 7.105469, 52.2445358 ], [ 7.1054632, 52.2445446 ], [ 7.1054607, 52.2445499 ], [ 7.105412, 52.2446242 ], [ 7.1054102, 52.244627 ], [ 7.1053188, 52.2447364 ], [ 7.1053172, 52.2447395 ], [ 7.1052194, 52.2449676 ], [ 7.105218, 52.2449714 ], [ 7.105199, 52.2450424 ], [ 7.1051968, 52.2450521 ], [ 7.105185, 52.2451796 ], [ 7.1051847, 52.2451847 ], [ 7.1052015, 52.245225100000013 ], [ 7.1052029, 52.2452277 ], [ 7.105244, 52.2452611 ], [ 7.1052505, 52.2452659 ], [ 7.1066174, 52.2459478 ], [ 7.1069929, 52.2461351 ], [ 7.1070231, 52.2461555 ], [ 7.1070612, 52.2461755 ], [ 7.107223, 52.246244600000011 ], [ 7.1083553, 52.2468256 ], [ 7.1085578, 52.2469446 ], [ 7.1090638, 52.2471963 ], [ 7.1090765, 52.2472044 ], [ 7.1091486, 52.2472536 ], [ 7.1092182, 52.2473345 ], [ 7.1092208, 52.2473388 ], [ 7.1092678, 52.2474269 ], [ 7.109277, 52.2474429 ], [ 7.1094947, 52.2478155 ], [ 7.1094947, 52.2478294 ], [ 7.1094791, 52.2479528 ], [ 7.1094789, 52.2479636 ], [ 7.1094803, 52.2480439 ], [ 7.1094801, 52.2480514 ], [ 7.1094781, 52.2481011 ], [ 7.1094765, 52.2481415 ], [ 7.1094749, 52.2481796 ], [ 7.1094746, 52.2481843 ], [ 7.1094813, 52.24823 ], [ 7.109483, 52.248294 ], [ 7.1094953, 52.2487794 ], [ 7.1094954, 52.2487869 ], [ 7.1095021, 52.2489199 ], [ 7.1095014, 52.2491704 ], [ 7.1095012, 52.249234799999982 ], [ 7.1095011, 52.2492389 ], [ 7.1094959, 52.2493646 ], [ 7.1094959, 52.249368600000011 ], [ 7.1095026, 52.2495701 ], [ 7.1095025, 52.2495763 ], [ 7.1094951, 52.249772500000013 ], [ 7.1094951, 52.2497792 ], [ 7.1095014, 52.2501615 ], [ 7.1095047, 52.2502549 ], [ 7.1095049, 52.2502641 ], [ 7.1095074, 52.2505585 ], [ 7.1095074, 52.2505621 ], [ 7.1095114, 52.2507442 ], [ 7.109515, 52.2509016 ], [ 7.109515, 52.2509078 ], [ 7.1095096, 52.25105 ], [ 7.1095068, 52.2510658 ], [ 7.109477, 52.2511776 ], [ 7.1094757, 52.2511817 ], [ 7.1093237, 52.2516543 ], [ 7.1093167, 52.251676 ], [ 7.1093067, 52.2517095 ], [ 7.1092767, 52.2518331 ], [ 7.1092716, 52.2518519 ], [ 7.1092689, 52.2518653 ], [ 7.109219, 52.2521104 ], [ 7.1092187, 52.2521128 ], [ 7.1092028, 52.2522312 ], [ 7.1091921, 52.252311 ], [ 7.1091918, 52.2523152 ], [ 7.1091925, 52.2523378 ], [ 7.1091951, 52.2524225 ], [ 7.1091959, 52.2524287 ], [ 7.1092231, 52.25250710000001 ], [ 7.1092255, 52.2525109 ], [ 7.1092653, 52.2525572 ], [ 7.1092761, 52.2525679 ], [ 7.1098849, 52.2531131 ], [ 7.1098881, 52.2531154 ], [ 7.1099027, 52.2531242 ], [ 7.1101381, 52.2532662 ], [ 7.1101609, 52.2532814 ], [ 7.1101648, 52.2532838 ], [ 7.1102426, 52.2533332 ], [ 7.1106219, 52.253574 ], [ 7.1106468, 52.2535891 ], [ 7.1106656, 52.2535977 ], [ 7.1110974, 52.253851 ], [ 7.1113318, 52.2539885 ], [ 7.1113454, 52.253997 ], [ 7.1113749, 52.2540167 ], [ 7.1113754, 52.2540171 ], [ 7.1115167, 52.2541114 ], [ 7.1119898, 52.2544864 ], [ 7.1122976, 52.2547305 ], [ 7.1123081, 52.2547386 ], [ 7.1128689, 52.255183499999987 ], [ 7.1128928, 52.2552079 ], [ 7.1129245, 52.2552595 ], [ 7.1129314, 52.2552946 ], [ 7.1129421, 52.2553937 ], [ 7.112952, 52.2554372 ], [ 7.113046, 52.2557769 ], [ 7.113119, 52.255874 ], [ 7.1132267, 52.2559635 ], [ 7.113239, 52.2559751 ], [ 7.1132829, 52.2560266 ], [ 7.1132972, 52.2560434 ], [ 7.1133951, 52.2561149 ], [ 7.1134064, 52.2561212 ], [ 7.1136521, 52.2562409 ], [ 7.1136577, 52.2562435 ], [ 7.1137912, 52.256294 ], [ 7.1138815, 52.2563253 ], [ 7.1138985, 52.2563309 ], [ 7.1139787, 52.2563497 ], [ 7.1140059, 52.2563523 ], [ 7.1140345, 52.2563521 ], [ 7.11417, 52.256312 ], [ 7.1145512, 52.2562131 ], [ 7.1148848, 52.2561266 ], [ 7.1152189, 52.2560473 ], [ 7.1152264, 52.2560454 ], [ 7.1152809, 52.256042 ], [ 7.1153246, 52.2560484 ], [ 7.1155616, 52.2560991 ], [ 7.1160139, 52.2561871 ], [ 7.116254, 52.2562306 ], [ 7.1162631, 52.2562321 ], [ 7.1164466, 52.2562609 ], [ 7.1164605, 52.2562626 ], [ 7.1169877, 52.2563049 ], [ 7.1170199, 52.2563102 ], [ 7.1171219, 52.2563433 ], [ 7.1171462, 52.2563469 ], [ 7.1172105, 52.2563679 ], [ 7.1172297, 52.2563716 ], [ 7.1173598, 52.2563977 ], [ 7.1173893, 52.256406199999986 ], [ 7.1174999, 52.256443 ], [ 7.1175221, 52.2564497 ], [ 7.1179589, 52.2565765 ], [ 7.1182464, 52.2566507 ], [ 7.1182686, 52.2566558 ], [ 7.1184289, 52.2566886 ], [ 7.118441, 52.256691 ], [ 7.1186127, 52.256719 ], [ 7.1186166, 52.2567194 ], [ 7.1192641, 52.2567648 ], [ 7.1192755, 52.2567667 ], [ 7.1194455, 52.2568134 ], [ 7.1194893, 52.2568269 ], [ 7.1195795, 52.2568489 ], [ 7.1196286, 52.2568608 ], [ 7.1196468, 52.2568702 ], [ 7.1196908, 52.2568958 ], [ 7.1196973, 52.2569084 ], [ 7.1197266, 52.2570253 ], [ 7.1197353, 52.2570371 ], [ 7.1201031, 52.2574646 ], [ 7.12011, 52.2574723 ], [ 7.120222, 52.2575948 ], [ 7.1202305, 52.257608699999984 ], [ 7.1202808, 52.2577091 ], [ 7.1202836, 52.2577152 ], [ 7.1202683, 52.2578054 ], [ 7.1202633, 52.2578161 ], [ 7.1201958, 52.2579327 ], [ 7.1201929, 52.2579394 ], [ 7.1201924, 52.2579443 ], [ 7.1201833, 52.2579859 ], [ 7.1201823, 52.2579904 ], [ 7.1201849, 52.258031 ], [ 7.1201875, 52.2580404 ], [ 7.1202042, 52.2580511 ], [ 7.1202119, 52.2580559 ], [ 7.1202424, 52.2580753 ], [ 7.120245, 52.2580769 ], [ 7.1202535, 52.2580824 ], [ 7.1202781, 52.25809240000001 ], [ 7.1203703, 52.2581305 ], [ 7.120709, 52.2582693 ], [ 7.1207714, 52.2583021 ], [ 7.1208365, 52.2583538 ], [ 7.1208722, 52.2584121 ], [ 7.1209221, 52.258549400000014 ], [ 7.1210688, 52.2588721 ], [ 7.1211216, 52.2590306 ], [ 7.1211275, 52.2591324 ], [ 7.1210616, 52.25931 ], [ 7.1210537, 52.2593342 ], [ 7.1210462, 52.2593622 ], [ 7.1209929, 52.2595971 ], [ 7.1209902, 52.2596092 ], [ 7.1210011, 52.259644 ], [ 7.1210096, 52.259670799999988 ], [ 7.1210544, 52.2597206 ], [ 7.1212193, 52.2599035 ], [ 7.121239, 52.2599396 ], [ 7.1212507, 52.2599608 ], [ 7.1212568, 52.2599912 ], [ 7.1212533, 52.2600649 ], [ 7.12122, 52.2601786 ], [ 7.1211837, 52.2603024 ], [ 7.1211843, 52.2603504 ], [ 7.1211886, 52.260434099999983 ], [ 7.1212025, 52.2605066 ], [ 7.1212183, 52.2605896 ], [ 7.1212395, 52.2607002 ], [ 7.121247, 52.2607233 ], [ 7.1213025, 52.2608961 ], [ 7.1213157, 52.2609373 ], [ 7.1212693, 52.260943 ], [ 7.1212583, 52.2609645 ], [ 7.1212075, 52.2610639 ], [ 7.1211843, 52.2611092 ], [ 7.1210706, 52.2611787 ], [ 7.1210065, 52.261218 ], [ 7.1217691, 52.2613317 ], [ 7.1217927, 52.2613352 ], [ 7.1218596, 52.2613452 ], [ 7.1219501, 52.2613587 ], [ 7.1220047, 52.2613669 ], [ 7.1227104, 52.2614721 ], [ 7.1227105, 52.261472200000014 ], [ 7.1227107, 52.2614722 ], [ 7.1229028, 52.261500800000015 ], [ 7.1231092, 52.2615317 ], [ 7.1236649, 52.2616146 ], [ 7.1236651, 52.2616146 ], [ 7.1243257, 52.2617131 ], [ 7.1249967, 52.2618134 ], [ 7.1250687, 52.2618242 ], [ 7.125138, 52.2618345 ], [ 7.1251795, 52.2618407 ], [ 7.1252405, 52.2618497 ], [ 7.1257484, 52.2619255 ], [ 7.1271714, 52.262137799999984 ], [ 7.1278383, 52.2622369 ], [ 7.1281374, 52.2622819 ], [ 7.1282056, 52.2622919 ], [ 7.1282534, 52.262299 ], [ 7.1283616, 52.2623153 ], [ 7.1285942, 52.26235 ], [ 7.1295642, 52.2624923 ], [ 7.1296308, 52.2625021 ], [ 7.1296749, 52.2625085 ], [ 7.1297401, 52.262518 ], [ 7.1298894, 52.2625399 ], [ 7.1309154, 52.2626903 ], [ 7.1313137, 52.2627486 ], [ 7.1318659, 52.2628296 ], [ 7.1321524, 52.262871600000011 ], [ 7.1327382, 52.2629574 ], [ 7.1341625, 52.2631662 ], [ 7.1355183, 52.2633649 ], [ 7.1355614, 52.2633712 ], [ 7.1355869, 52.2633749 ], [ 7.1356113, 52.2633786 ], [ 7.1356553, 52.2633852 ], [ 7.1363376, 52.2634882 ], [ 7.1363667, 52.2634926 ], [ 7.1368349, 52.2635633 ], [ 7.1373253, 52.2636373 ], [ 7.138257, 52.263778 ], [ 7.138733, 52.2638499 ], [ 7.1387571, 52.2638535 ], [ 7.1390765, 52.2639017 ], [ 7.1391184, 52.2639081 ], [ 7.1393947, 52.2639498 ], [ 7.1398055, 52.264011799999984 ], [ 7.1398794, 52.2640229 ], [ 7.1398877, 52.2640242 ], [ 7.1399301, 52.2640305 ], [ 7.1399739, 52.2640372 ], [ 7.1402346, 52.2640765 ], [ 7.1402347, 52.2640765 ], [ 7.1402709, 52.264082 ], [ 7.1403038, 52.2640869 ], [ 7.140372, 52.2640972 ], [ 7.1404072, 52.2641026 ], [ 7.1404517, 52.2641093 ], [ 7.1405028, 52.264117 ], [ 7.1405835, 52.2641292 ], [ 7.1410729, 52.264203 ], [ 7.1418124, 52.2643147 ], [ 7.1418543, 52.2643208 ], [ 7.1426269, 52.2644349 ], [ 7.1430933, 52.2645038 ], [ 7.143186, 52.2645175 ], [ 7.1436666, 52.2645885 ], [ 7.1449116, 52.2647724 ], [ 7.1457041, 52.2648894 ], [ 7.146372, 52.264988 ], [ 7.1474741, 52.2651508 ], [ 7.148714, 52.2653338 ], [ 7.1487332, 52.2653366 ], [ 7.1498159, 52.2654964 ], [ 7.1506864, 52.265625 ], [ 7.1506894, 52.2656254 ], [ 7.1507313, 52.2656316 ], [ 7.1514815, 52.2657424 ], [ 7.1522859, 52.265861 ], [ 7.1527774, 52.265933799999985 ], [ 7.1527982, 52.265936900000014 ], [ 7.153515, 52.2660429 ], [ 7.1535318, 52.266045399999989 ], [ 7.1543443, 52.2661656 ], [ 7.1550929, 52.2662764 ], [ 7.1551118, 52.2662792 ], [ 7.1551357, 52.2662827 ], [ 7.1557684, 52.2663762 ], [ 7.1567464, 52.266342 ], [ 7.1577672, 52.2663062 ], [ 7.157831, 52.266305199999984 ], [ 7.1579038, 52.2663015 ], [ 7.1584422, 52.266282899999986 ], [ 7.1591445, 52.2662583 ], [ 7.1593034, 52.2662525 ], [ 7.1607162, 52.2662031 ], [ 7.1607769, 52.2662011 ], [ 7.1608361, 52.2661989 ], [ 7.1619283, 52.2661607 ], [ 7.1623311, 52.2661473 ], [ 7.1630979, 52.2661217 ], [ 7.1639778, 52.266092400000012 ], [ 7.1642681, 52.2660828 ], [ 7.1643419, 52.2660803 ], [ 7.164852, 52.2660632 ], [ 7.1655358, 52.2660405 ], [ 7.1655443, 52.2660402 ], [ 7.1657278, 52.2660341 ], [ 7.1657496, 52.2660334 ], [ 7.1657635, 52.2660329 ], [ 7.1657808, 52.2660323 ], [ 7.1658538, 52.2660297 ], [ 7.1658697, 52.2660293 ], [ 7.1658748, 52.2660291 ], [ 7.1670105, 52.2659912 ], [ 7.1679236, 52.2659585 ], [ 7.1688845, 52.2659242 ], [ 7.1688906, 52.265924 ], [ 7.1689778, 52.2659209 ], [ 7.1690215, 52.2659193 ], [ 7.1691059, 52.2659163 ], [ 7.1691509, 52.2659146 ], [ 7.1691773, 52.2659137 ], [ 7.1692346, 52.2659116 ], [ 7.1692746, 52.2659102 ], [ 7.1693579, 52.265907199999987 ], [ 7.1703428, 52.265872 ], [ 7.1715122, 52.2658301 ], [ 7.1725358, 52.2657935 ], [ 7.1728255, 52.2657831 ], [ 7.1732539, 52.2657678 ], [ 7.1744245, 52.2657272 ], [ 7.1755406, 52.2656887 ], [ 7.1755485, 52.2656883 ], [ 7.1755577, 52.2656879 ], [ 7.1755661, 52.2656876 ], [ 7.17558, 52.2656875 ], [ 7.1756121, 52.2656863 ], [ 7.1767641, 52.2656462 ], [ 7.1777761, 52.2656109 ], [ 7.1779289, 52.2656056 ], [ 7.1779346, 52.2656055 ], [ 7.1780893, 52.2656001 ], [ 7.1781752, 52.2655969 ], [ 7.1782873, 52.2655931 ], [ 7.1783189, 52.265592 ], [ 7.1784543, 52.2655882 ], [ 7.1785175, 52.265585 ], [ 7.1786667, 52.2655797 ], [ 7.1788288, 52.2655742 ], [ 7.1791045, 52.2655649 ], [ 7.1800216, 52.2655327 ], [ 7.1808994, 52.265501699999987 ], [ 7.1809116, 52.2655013 ], [ 7.1809309, 52.2655005 ], [ 7.1810455, 52.2654966 ], [ 7.1810916, 52.265495 ], [ 7.1824264, 52.265448 ], [ 7.1837116, 52.2654027 ], [ 7.1840359, 52.2653913 ], [ 7.1849983, 52.265357 ], [ 7.1858024, 52.2653284 ], [ 7.1863178, 52.265310099999986 ], [ 7.1867683, 52.265294 ], [ 7.1877919, 52.2652575 ], [ 7.1891942, 52.265207599999989 ], [ 7.1905104, 52.26516070000001 ], [ 7.1905149, 52.265160500000015 ], [ 7.1905674, 52.265158700000015 ], [ 7.1905717, 52.2651585 ], [ 7.1916573, 52.2651198 ], [ 7.1917727, 52.2651157 ], [ 7.1921481, 52.2651027 ], [ 7.1941741, 52.2650321 ], [ 7.1947712, 52.2650113 ], [ 7.1948155, 52.2650098 ], [ 7.1948482, 52.2650087 ], [ 7.1948834, 52.2650074 ], [ 7.1949489, 52.2650051 ], [ 7.1963566, 52.2649561 ], [ 7.19643, 52.2649535 ], [ 7.1965096, 52.2649508 ], [ 7.1965772, 52.264948399999987 ], [ 7.1966445, 52.2649461 ], [ 7.1966768, 52.2649449 ], [ 7.1966841, 52.2649447 ], [ 7.1967166, 52.2649435 ], [ 7.1970716, 52.2649306 ], [ 7.1983875, 52.2648829 ], [ 7.1985585, 52.2648767 ], [ 7.200439, 52.2648085 ], [ 7.2023944, 52.2647386 ], [ 7.2043483, 52.2646688 ], [ 7.2060782, 52.2646086 ], [ 7.2077557, 52.2645502 ], [ 7.2078069, 52.264548399999988 ], [ 7.2060588, 52.2692556 ], [ 7.2055145, 52.2706401 ], [ 7.2054992, 52.2706767 ], [ 7.2045072, 52.2730409 ], [ 7.2044854, 52.2730928 ], [ 7.2044394, 52.273203 ], [ 7.2041344, 52.273929599999988 ], [ 7.2041208, 52.2739571 ], [ 7.2040935, 52.2740126 ], [ 7.2040827, 52.2740619 ], [ 7.2040651, 52.2740969 ], [ 7.2040485, 52.2741296 ], [ 7.2040211, 52.2742026 ], [ 7.2037546, 52.2749119 ], [ 7.2036905, 52.2750197 ], [ 7.2036578, 52.2750744 ], [ 7.2029601, 52.2768073 ], [ 7.2027495, 52.2773105 ], [ 7.2027368, 52.2773406 ], [ 7.2027078, 52.2774068 ], [ 7.2026795, 52.2774716 ], [ 7.2014089, 52.2803599 ], [ 7.2013841, 52.28041 ], [ 7.2013515, 52.280480600000011 ], [ 7.201333, 52.2805208 ], [ 7.201035, 52.2811675 ], [ 7.2012565, 52.2812727 ], [ 7.2008166, 52.2816778 ], [ 7.2006709, 52.2820342 ], [ 7.2000888, 52.2834614 ], [ 7.200052, 52.283551700000011 ], [ 7.1996393, 52.2845633 ], [ 7.1995957, 52.2846566 ], [ 7.1995747, 52.2847013 ], [ 7.1991887, 52.285629 ], [ 7.1991629, 52.285694 ], [ 7.1991368, 52.2857598 ], [ 7.1985021, 52.2871919 ], [ 7.198467, 52.287271499999989 ], [ 7.1984287, 52.2873573 ], [ 7.1979231, 52.2884976 ], [ 7.1979587, 52.2885919 ], [ 7.1977867, 52.288970899999981 ], [ 7.1977672, 52.2890126 ], [ 7.1964001, 52.2919401 ], [ 7.1958643, 52.2932012 ], [ 7.195519, 52.2940404 ], [ 7.1954243, 52.2942606 ], [ 7.1950392, 52.2951908 ], [ 7.1948422, 52.295701099999988 ], [ 7.1944679, 52.2966107 ], [ 7.1944756, 52.2966918 ], [ 7.1944795, 52.2971177 ], [ 7.1944892, 52.2971798 ], [ 7.1945145, 52.2973104 ], [ 7.1943588, 52.2973485 ], [ 7.1943598, 52.297464 ], [ 7.1943605, 52.2975451 ], [ 7.1943605, 52.2975552 ], [ 7.1943938, 52.2976828 ], [ 7.1944546, 52.2977954 ], [ 7.1945202, 52.2978803 ], [ 7.194582, 52.2979267 ], [ 7.1948625, 52.2981372 ], [ 7.1961993, 52.2989372 ], [ 7.1966504, 52.2989565 ], [ 7.1968239, 52.298951 ], [ 7.1969313, 52.2989343 ], [ 7.1970658, 52.2988917 ], [ 7.1978736, 52.2986359 ], [ 7.1980001, 52.2986322 ], [ 7.1981418, 52.298986099999986 ], [ 7.1981315, 52.2990627 ], [ 7.19809, 52.2995924 ], [ 7.1980487, 52.2996792 ], [ 7.1979856, 52.2997644 ], [ 7.1977897, 52.29982 ], [ 7.1977628, 52.2998598 ], [ 7.1977333, 52.2999036 ], [ 7.1975227, 52.3002157 ], [ 7.1973982, 52.3010238 ], [ 7.1951958, 52.3022506 ], [ 7.1951655, 52.302309099999988 ], [ 7.1948758, 52.302510199999986 ], [ 7.1941695, 52.3030003 ], [ 7.1941633, 52.3032967 ], [ 7.1941617, 52.3035232 ], [ 7.1941236, 52.3036676 ], [ 7.1936824, 52.3044818 ], [ 7.1935804, 52.3044747 ] ] ] ] } },
{ "type": "Feature", "properties": { "krebsgebiet": "Emlichheim, SG" }, "geometry": { "type": "Polygon", "coordinates": [ [ [ 6.8798881, 52.6505594 ], [ 6.8797264, 52.6505779 ], [ 6.8795558, 52.6506022 ], [ 6.8793736, 52.6506356 ], [ 6.8792102, 52.6506724 ], [ 6.8791526, 52.6506883 ], [ 6.8790839, 52.6507073 ], [ 6.8789243, 52.6507568 ], [ 6.8779131, 52.6511157 ], [ 6.8772837, 52.6513391 ], [ 6.8771022, 52.6514129 ], [ 6.8769072, 52.6515072 ], [ 6.875777, 52.6520921 ], [ 6.8756822, 52.6521413 ], [ 6.8754352, 52.6522696 ], [ 6.8741849, 52.6529186 ], [ 6.8741135, 52.652955 ], [ 6.8739849, 52.6530204 ], [ 6.8738781, 52.6530688 ], [ 6.8737627, 52.6531149 ], [ 6.873637, 52.6531539 ], [ 6.8734802, 52.6531932 ], [ 6.8733026, 52.6532252 ], [ 6.8731548, 52.6532603 ], [ 6.8729147, 52.6532552 ], [ 6.8727433, 52.6532506 ], [ 6.8725406, 52.6532339 ], [ 6.8725381, 52.6532334 ], [ 6.8724309, 52.6532145 ], [ 6.8723294, 52.653195499999981 ], [ 6.8723095, 52.6531919 ], [ 6.8722781, 52.6531858 ], [ 6.8721741, 52.6531656 ], [ 6.8719858, 52.6531228 ], [ 6.8718984, 52.6530987 ], [ 6.8717367, 52.6530541 ], [ 6.8715015, 52.6529782 ], [ 6.8712919, 52.6528953 ], [ 6.8711537, 52.652834 ], [ 6.8709976, 52.652755 ], [ 6.8708324, 52.6526557 ], [ 6.87061, 52.6525089 ], [ 6.8705447, 52.6524672 ], [ 6.8702251, 52.6522582 ], [ 6.870019, 52.6521289 ], [ 6.8698715, 52.6520409 ], [ 6.869716, 52.651956 ], [ 6.8695414, 52.6518697 ], [ 6.8693039, 52.651761 ], [ 6.8686443, 52.6514841 ], [ 6.8679242, 52.6511818 ], [ 6.867242, 52.6508955 ], [ 6.8649245, 52.6499226 ], [ 6.8647822, 52.649869 ], [ 6.8646389, 52.649826 ], [ 6.8644965, 52.6497985 ], [ 6.8644166, 52.649791500000013 ], [ 6.8639565, 52.6497684 ], [ 6.8632623, 52.649734900000013 ], [ 6.8632525, 52.6497344 ], [ 6.8631983, 52.6497318 ], [ 6.8626421, 52.649707 ], [ 6.8619327, 52.649688 ], [ 6.8611087, 52.6496673 ], [ 6.8609308, 52.6496629 ], [ 6.8591797, 52.6496189 ], [ 6.8589751, 52.6496137 ], [ 6.8577164, 52.6495769 ], [ 6.8567157, 52.6495476 ], [ 6.8564447, 52.6495427 ], [ 6.8564253, 52.6495433 ], [ 6.8561617, 52.6495461 ], [ 6.8553907, 52.6495628 ], [ 6.8553608, 52.6495634 ], [ 6.8545108, 52.649577 ], [ 6.8544124, 52.6495789 ], [ 6.8542687, 52.6495816 ], [ 6.8542058, 52.6495827 ], [ 6.8541292, 52.649582799999983 ], [ 6.8539227, 52.6495779 ], [ 6.8537663, 52.6495629 ], [ 6.8537165, 52.6495851 ], [ 6.8536922, 52.649554399999985 ], [ 6.8535178, 52.6495276 ], [ 6.8533569, 52.6494937 ], [ 6.8533358, 52.6494886 ], [ 6.8532878, 52.6494769 ], [ 6.8531474, 52.6494384 ], [ 6.8530937, 52.6494199 ], [ 6.8530296, 52.6493976 ], [ 6.8528926, 52.6493439 ], [ 6.8527745, 52.6492891 ], [ 6.8527361, 52.6492677 ], [ 6.8526514, 52.649222 ], [ 6.8525988, 52.64919050000001 ], [ 6.8521794, 52.6489318 ], [ 6.8520522, 52.6488604 ], [ 6.8519809, 52.6488264 ], [ 6.8519381, 52.648806 ], [ 6.851914, 52.6487945 ], [ 6.8517797, 52.6487364 ], [ 6.8517726, 52.6487333 ], [ 6.8516482, 52.6486874 ], [ 6.8516084, 52.6486768 ], [ 6.8515068, 52.6486496 ], [ 6.8513751, 52.6486244 ], [ 6.851228, 52.6486052 ], [ 6.8511594, 52.6486021 ], [ 6.85108, 52.648598600000014 ], [ 6.8509953, 52.648601099999986 ], [ 6.8508441, 52.6486122 ], [ 6.8506919, 52.648633599999982 ], [ 6.850544, 52.6486617 ], [ 6.8504724, 52.6486764 ], [ 6.8504244, 52.648687199999983 ], [ 6.8504041, 52.6486918 ], [ 6.8503671, 52.6487002 ], [ 6.8497339, 52.6488678 ], [ 6.8481421, 52.6493001 ], [ 6.8471757, 52.6495652 ], [ 6.8471049, 52.6495847 ], [ 6.8457684, 52.6499524 ], [ 6.8452166, 52.6501045 ], [ 6.8450845, 52.6501403 ], [ 6.8449573, 52.6501751 ], [ 6.8442264, 52.6503724 ], [ 6.8439277, 52.6504549 ], [ 6.8425848, 52.6508163 ], [ 6.8421598, 52.6509312 ], [ 6.8418005, 52.6510284 ], [ 6.8409105, 52.6512702 ], [ 6.8391638, 52.6517447 ], [ 6.8390036, 52.6517869 ], [ 6.8389047, 52.651813 ], [ 6.8388355, 52.6518289 ], [ 6.8386958, 52.6518599 ], [ 6.8385718, 52.651884 ], [ 6.8385226, 52.6518901 ], [ 6.8383337, 52.6519133 ], [ 6.8382312, 52.651923 ], [ 6.8381609, 52.6519268 ], [ 6.8379747, 52.6519371 ], [ 6.837792, 52.6519397 ], [ 6.8376245, 52.6519371 ], [ 6.837555, 52.651936 ], [ 6.837259, 52.651921 ], [ 6.8368401, 52.6518925 ], [ 6.835901, 52.6518287 ], [ 6.8352371, 52.6517837 ], [ 6.8350147, 52.6517685 ], [ 6.8341311, 52.6517083 ], [ 6.8325691, 52.6516019 ], [ 6.8322952, 52.6515832 ], [ 6.8322206, 52.6515778 ], [ 6.8320559, 52.6515586 ], [ 6.8319804, 52.6515494 ], [ 6.8319103, 52.6515358 ], [ 6.8317483, 52.6515014 ], [ 6.8316916, 52.6514871 ], [ 6.8315702, 52.6514466 ], [ 6.8314485, 52.6513966 ], [ 6.8314327, 52.6513901 ], [ 6.8313979, 52.6513717 ], [ 6.8312483, 52.6512897 ], [ 6.8307796, 52.6510162 ], [ 6.8307018, 52.65097 ], [ 6.8306932, 52.6509648 ], [ 6.8305567, 52.6508806 ], [ 6.8304822, 52.6508345 ], [ 6.8303325, 52.6507231 ], [ 6.8302706, 52.650677 ], [ 6.8302235, 52.6506407 ], [ 6.8300917, 52.6505271 ], [ 6.8299695, 52.6503939 ], [ 6.8299607, 52.6503829 ], [ 6.829801, 52.6501829 ], [ 6.8296794, 52.650041099999981 ], [ 6.8295785, 52.6499469 ], [ 6.8295348, 52.6499127 ], [ 6.8294052, 52.6498199 ], [ 6.8292949, 52.64975290000001 ], [ 6.8291925, 52.6497007 ], [ 6.8290185, 52.649622500000014 ], [ 6.8290016, 52.6496149 ], [ 6.8282688, 52.6493029 ], [ 6.8279799, 52.6491941 ], [ 6.8278062, 52.6491353 ], [ 6.8277541, 52.6491177 ], [ 6.8274858, 52.649038 ], [ 6.8272246, 52.6489688 ], [ 6.8263349, 52.6487475 ], [ 6.8261915, 52.6487119 ], [ 6.8224306, 52.6477813 ], [ 6.8222446, 52.6477388 ], [ 6.8220863, 52.6477103 ], [ 6.8219513, 52.6476975 ], [ 6.8217359, 52.6476927 ], [ 6.8192813, 52.6476762 ], [ 6.8189906, 52.6476783 ], [ 6.8186784, 52.6476884 ], [ 6.8185297, 52.6476984 ], [ 6.8183935, 52.647710900000014 ], [ 6.8183328, 52.647720100000015 ], [ 6.8181883, 52.6477461 ], [ 6.8180544, 52.6477866 ], [ 6.8179255, 52.6478392 ], [ 6.8178015, 52.6479011 ], [ 6.8176439, 52.6479862 ], [ 6.817017, 52.6483345 ], [ 6.8169468, 52.6483727 ], [ 6.816804, 52.6484399 ], [ 6.8166716, 52.648493 ], [ 6.8165244, 52.6485394 ], [ 6.8164597, 52.648556500000012 ], [ 6.8163377, 52.6485869 ], [ 6.8162787, 52.6485987 ], [ 6.8161455, 52.6486164 ], [ 6.8160999, 52.648621 ], [ 6.8159104, 52.6486354 ], [ 6.8121433, 52.6488271 ], [ 6.8090724, 52.6489846 ], [ 6.8087554, 52.6489999 ], [ 6.8085852, 52.6490125 ], [ 6.8085122, 52.6490198 ], [ 6.8083527, 52.6490419 ], [ 6.8081674, 52.6490715 ], [ 6.8080941, 52.6490864 ], [ 6.8078933, 52.6491308 ], [ 6.8076945, 52.6491818 ], [ 6.8075596, 52.6492217 ], [ 6.8074382, 52.6492706 ], [ 6.8073274, 52.6493317 ], [ 6.8072331, 52.6494002 ], [ 6.8071733, 52.6494597 ], [ 6.807106, 52.6495426 ], [ 6.8065253, 52.6503273 ], [ 6.8061487, 52.6508381 ], [ 6.806025, 52.6509954 ], [ 6.8059475, 52.6510776 ], [ 6.8058849, 52.6511323 ], [ 6.8058432, 52.6511608 ], [ 6.8057545, 52.6512174 ], [ 6.8056651, 52.6512644 ], [ 6.8056184, 52.6512852 ], [ 6.805476, 52.6513407 ], [ 6.8053513, 52.6513818 ], [ 6.8052852, 52.6514002 ], [ 6.8052311, 52.6514165 ], [ 6.8049788, 52.6514768 ], [ 6.8035757, 52.6517961 ], [ 6.8033233, 52.6518513 ], [ 6.8032086, 52.6518722 ], [ 6.8030456, 52.651896300000011 ], [ 6.8029306, 52.6519077 ], [ 6.8027946, 52.6519156 ], [ 6.8027157, 52.6519194 ], [ 6.8026501, 52.6519181 ], [ 6.802599, 52.6519174 ], [ 6.8024716, 52.6519109 ], [ 6.8023217, 52.65189440000001 ], [ 6.8022508, 52.6518843 ], [ 6.7996348, 52.651468200000011 ], [ 6.796495, 52.650964 ], [ 6.794776, 52.6506868 ], [ 6.7944327, 52.6506338 ], [ 6.794302, 52.6506242 ], [ 6.7941636, 52.6506269 ], [ 6.7940836, 52.650628 ], [ 6.7940151, 52.6506472 ], [ 6.7939786, 52.6506549 ], [ 6.7938444, 52.6506942 ], [ 6.7936925, 52.650746 ], [ 6.7935561, 52.6508029 ], [ 6.7934242, 52.650869 ], [ 6.7932818, 52.6509525 ], [ 6.7931689, 52.651025800000014 ], [ 6.7928598, 52.6512297 ], [ 6.7922349, 52.6516468 ], [ 6.7915818, 52.6520886 ], [ 6.7913689, 52.6522319 ], [ 6.7912253, 52.6523246 ], [ 6.7910821, 52.6524061 ], [ 6.7909556, 52.6524702 ], [ 6.7907868, 52.6525463 ], [ 6.7906325, 52.6526049 ], [ 6.7904807, 52.6526575 ], [ 6.7903262, 52.6527033 ], [ 6.7901788, 52.6527385 ], [ 6.7900536, 52.6527625 ], [ 6.7899273, 52.6527818 ], [ 6.789788, 52.6527984 ], [ 6.7896701, 52.6528068 ], [ 6.7895663, 52.6528084 ], [ 6.789476, 52.6528025 ], [ 6.7893773, 52.6527872 ], [ 6.7891731, 52.6527399 ], [ 6.7890977, 52.6527208 ], [ 6.7880857, 52.652431899999982 ], [ 6.7879563, 52.6523989 ], [ 6.7878337, 52.6523773 ], [ 6.7876704, 52.6523607 ], [ 6.7875479, 52.6523544 ], [ 6.7874081, 52.652352599999986 ], [ 6.7873478, 52.6523527 ], [ 6.7872193, 52.6523562 ], [ 6.7870876, 52.65236239999998 ], [ 6.7869535, 52.6523735 ], [ 6.786747, 52.6523954 ], [ 6.7865581, 52.6524153 ], [ 6.7863187, 52.6524388 ], [ 6.7861466, 52.6524519 ], [ 6.7849499, 52.6525153 ], [ 6.7843381, 52.652543 ], [ 6.7841588, 52.6525508 ], [ 6.7840194, 52.6525529 ], [ 6.7838987, 52.6525457 ], [ 6.7837606, 52.652529 ], [ 6.7834849, 52.652495 ], [ 6.7826343, 52.65238 ], [ 6.7822459, 52.6523256 ], [ 6.7809544, 52.6521486 ], [ 6.7791887, 52.651908299999981 ], [ 6.7779458, 52.651741 ], [ 6.7778278, 52.6517233 ], [ 6.7777659, 52.6517149 ], [ 6.7776815, 52.6517034 ], [ 6.7775187, 52.6516779 ], [ 6.7774775, 52.6516697 ], [ 6.7773883, 52.6516467 ], [ 6.7773553, 52.6516366 ], [ 6.7772711, 52.6516044 ], [ 6.7771721, 52.6515589 ], [ 6.7755799, 52.6508207 ], [ 6.7744361, 52.6502912 ], [ 6.7742738, 52.6502292 ], [ 6.7741765, 52.6501995 ], [ 6.7740243, 52.6501648 ], [ 6.7738084, 52.6501372 ], [ 6.7736002, 52.6501269 ], [ 6.7733907, 52.6501295 ], [ 6.7731818, 52.6501393 ], [ 6.7727744, 52.6501704 ], [ 6.7725955, 52.6501394 ], [ 6.7725953, 52.6501394 ], [ 6.7725334, 52.6501276 ], [ 6.7723853, 52.6501027 ], [ 6.7722013, 52.650071 ], [ 6.7721491, 52.650062 ], [ 6.7720893, 52.6500516 ], [ 6.7720657, 52.6500316 ], [ 6.7720477, 52.6500163 ], [ 6.7720178, 52.6499909 ], [ 6.7719376, 52.6498967 ], [ 6.7719165, 52.6498807 ], [ 6.7702867, 52.6486506 ], [ 6.770213, 52.6485951 ], [ 6.7698617, 52.6483301 ], [ 6.769844, 52.6483339 ], [ 6.7691747, 52.6478284 ], [ 6.7691454, 52.6478068 ], [ 6.7691178, 52.6477854 ], [ 6.7678771, 52.646848500000011 ], [ 6.7670412, 52.6470236 ], [ 6.7631608, 52.6478757 ], [ 6.7630477, 52.647901 ], [ 6.7624394, 52.648037 ], [ 6.7619097, 52.6481555 ], [ 6.7610749, 52.6483343 ], [ 6.7588482, 52.6488202 ], [ 6.756442, 52.6476045 ], [ 6.7561888, 52.6475033 ], [ 6.7558403, 52.6473788 ], [ 6.7555056, 52.6472618 ], [ 6.7555472, 52.647056 ], [ 6.7548802, 52.6467921 ], [ 6.7545421, 52.6463444 ], [ 6.7538508, 52.6459519 ], [ 6.753451, 52.6458071 ], [ 6.7534144, 52.645832 ], [ 6.7533136, 52.6459005 ], [ 6.7530034, 52.6460518 ], [ 6.7528041, 52.6461692 ], [ 6.7527239, 52.646216399999986 ], [ 6.7525612, 52.6463004 ], [ 6.7524815, 52.6463572 ], [ 6.752432, 52.6464044 ], [ 6.7523522, 52.6465103 ], [ 6.7522956, 52.646687399999983 ], [ 6.7522501, 52.6467476 ], [ 6.75216, 52.6468287 ], [ 6.7521494, 52.646837 ], [ 6.7520205, 52.6469397 ], [ 6.7520167, 52.6469421 ], [ 6.7519918, 52.6469626 ], [ 6.751965, 52.6469833 ], [ 6.7518961, 52.6470387 ], [ 6.7519748, 52.6470894 ], [ 6.752074, 52.647144 ], [ 6.7521876, 52.6472046 ], [ 6.7523395, 52.6472723 ], [ 6.752463, 52.6473156 ], [ 6.7525903, 52.6473481 ], [ 6.7527234, 52.6473715 ], [ 6.7528959, 52.6474015 ], [ 6.7529944, 52.6474264 ], [ 6.7532193, 52.6475223 ], [ 6.7533559, 52.6475857 ], [ 6.7534578, 52.6476278 ], [ 6.7535607, 52.6476779 ], [ 6.7536203, 52.6477202 ], [ 6.7536512, 52.6477583 ], [ 6.7536658, 52.6478031 ], [ 6.7536682, 52.6478515 ], [ 6.7536609, 52.6478899 ], [ 6.7536259, 52.6479582 ], [ 6.7535619, 52.648022 ], [ 6.7534264, 52.6480523 ], [ 6.7531646, 52.648120299999988 ], [ 6.7530586, 52.6481433 ], [ 6.7530002, 52.6481523 ], [ 6.7529516, 52.6481571 ], [ 6.7528783, 52.6481585 ], [ 6.7528084, 52.6481526 ], [ 6.7526658, 52.6481268 ], [ 6.7525073, 52.6480885 ], [ 6.7523493, 52.6480419 ], [ 6.7519959, 52.6479364 ], [ 6.7518376, 52.6478767 ], [ 6.7517816, 52.6478566 ], [ 6.7516876, 52.6478214 ], [ 6.7510542, 52.6475007 ], [ 6.7508071, 52.6473545 ], [ 6.7506554, 52.647238300000012 ], [ 6.7506042, 52.6471991 ], [ 6.7505364, 52.6471379 ], [ 6.7504959, 52.6470838 ], [ 6.750471, 52.6470145 ], [ 6.7504724, 52.6469153 ], [ 6.7504891, 52.6468881 ], [ 6.7492881, 52.646709 ], [ 6.7487277, 52.6466233 ], [ 6.7482293, 52.6465478 ], [ 6.7481743, 52.6465394 ], [ 6.748127, 52.6465322 ], [ 6.7476102, 52.6464539 ], [ 6.7475393, 52.6464445 ], [ 6.7472867, 52.6464065 ], [ 6.7465701, 52.6462987 ], [ 6.7463168, 52.6462606 ], [ 6.7462495, 52.6462505 ], [ 6.7460786, 52.6462248 ], [ 6.7426556, 52.6454804 ], [ 6.742476, 52.6454412 ], [ 6.7419842, 52.6453342 ], [ 6.7410116, 52.644525199999983 ], [ 6.740438, 52.6440512 ], [ 6.7395502, 52.6433478 ], [ 6.7390654, 52.6429605 ], [ 6.7385247, 52.6425284 ], [ 6.7380759, 52.6420555 ], [ 6.7369565, 52.6412031 ], [ 6.7366048, 52.6410131 ], [ 6.7365469, 52.6409819 ], [ 6.7365028, 52.640958 ], [ 6.7364226, 52.6409246 ], [ 6.7363313, 52.6408865 ], [ 6.7362384, 52.6408479 ], [ 6.7362339, 52.6408438 ], [ 6.7358384, 52.640478 ], [ 6.7357276, 52.6403758 ], [ 6.735548, 52.6402746 ], [ 6.7353394, 52.640157 ], [ 6.73523, 52.6400953 ], [ 6.7351043, 52.6400256 ], [ 6.7349879, 52.6399588 ], [ 6.732967, 52.6388197 ], [ 6.7328844, 52.6387727 ], [ 6.730694, 52.6375267 ], [ 6.7296117, 52.6364392 ], [ 6.7291652, 52.6360084 ], [ 6.7282373, 52.6351104 ], [ 6.727394, 52.634345499999988 ], [ 6.7273167, 52.6343032 ], [ 6.7267925, 52.6336216 ], [ 6.7263999, 52.6332211 ], [ 6.7263208, 52.6331863 ], [ 6.7261845, 52.6331376 ], [ 6.7252321, 52.6329032 ], [ 6.724787, 52.6327936 ], [ 6.7242247, 52.6325987 ], [ 6.7239424, 52.6325007 ], [ 6.7237319, 52.6324278 ], [ 6.7233133, 52.6322943 ], [ 6.7228343, 52.6321319 ], [ 6.7225393, 52.6320678 ], [ 6.7219199, 52.6318754 ], [ 6.7211258, 52.6316159 ], [ 6.7208128, 52.631446 ], [ 6.7207886, 52.631433 ], [ 6.7202656, 52.6314025 ], [ 6.7198225, 52.6313999 ], [ 6.719232, 52.631348599999981 ], [ 6.7189006, 52.631302799999986 ], [ 6.7187146, 52.6312934 ], [ 6.7182806, 52.6313422 ], [ 6.7179908, 52.6312153 ], [ 6.7176643, 52.6310325 ], [ 6.7176437, 52.631026600000013 ], [ 6.7169809, 52.6308377 ], [ 6.7166326, 52.6307118 ], [ 6.7164861, 52.6306366 ], [ 6.7156488, 52.630375099999981 ], [ 6.71552, 52.6303599 ], [ 6.7154842, 52.6303557 ], [ 6.7153413, 52.6303605 ], [ 6.7150168, 52.6302668 ], [ 6.7148938, 52.6301397 ], [ 6.7148271, 52.630074 ], [ 6.7141008, 52.6297864 ], [ 6.7138098, 52.6294539 ], [ 6.7135172, 52.6293182 ], [ 6.7134187, 52.629273 ], [ 6.7133795, 52.629255 ], [ 6.7132614, 52.6291302 ], [ 6.7110367, 52.6281519 ], [ 6.7109473, 52.628117900000014 ], [ 6.7108377, 52.6280762 ], [ 6.7107712, 52.6280584 ], [ 6.7100378, 52.6278625 ], [ 6.7100481, 52.6278264 ], [ 6.7100662, 52.6277576 ], [ 6.7100817, 52.6277092 ], [ 6.7100293, 52.6274908 ], [ 6.7101364, 52.627314799999986 ], [ 6.7103798, 52.6272857 ], [ 6.7105325, 52.6272424 ], [ 6.7107946, 52.62715 ], [ 6.7109096, 52.627118 ], [ 6.7120244, 52.6268297 ], [ 6.7122501, 52.6268084 ], [ 6.7127516, 52.6267996 ], [ 6.7129467, 52.6267919 ], [ 6.7129954, 52.6267887 ], [ 6.7135661, 52.62686 ], [ 6.7135739, 52.6268606 ], [ 6.71391, 52.6268675 ], [ 6.7139753, 52.6268543 ], [ 6.7141651, 52.626816 ], [ 6.7141916, 52.6268107 ], [ 6.7142124, 52.6267993 ], [ 6.7142276, 52.6267821 ], [ 6.7143797, 52.62661 ], [ 6.7145418, 52.6264273 ], [ 6.7145615, 52.626405 ], [ 6.7145681, 52.6263924 ], [ 6.7147256, 52.6260898 ], [ 6.7148297, 52.6258894 ], [ 6.7150484, 52.6256998 ], [ 6.7150576, 52.6256918 ], [ 6.7150933, 52.6256706 ], [ 6.7153683, 52.6255066 ], [ 6.7153754, 52.6255022 ], [ 6.7155533, 52.6253888 ], [ 6.715559, 52.6253851 ], [ 6.7157383, 52.62525320000001 ], [ 6.7158473, 52.625173 ], [ 6.716027, 52.6250304 ], [ 6.7160807, 52.6249823 ], [ 6.7162347, 52.6248449 ], [ 6.716366, 52.6247563 ], [ 6.7163749, 52.6247503 ], [ 6.7165686, 52.6246315 ], [ 6.7167185, 52.6245396 ], [ 6.7167468, 52.6245191 ], [ 6.7168127, 52.6244713 ], [ 6.7168838, 52.6244198 ], [ 6.7175097, 52.623925599999986 ], [ 6.7175333, 52.623907 ], [ 6.7175507, 52.6238904 ], [ 6.7177711, 52.6236813 ], [ 6.7177962, 52.6236657 ], [ 6.7182419, 52.6233897 ], [ 6.7184273, 52.6229792 ], [ 6.7185188, 52.622339 ], [ 6.7185182, 52.6223379 ], [ 6.7184975, 52.6222965 ], [ 6.7185185, 52.6221919 ], [ 6.718549, 52.6220382 ], [ 6.7185672, 52.6220014 ], [ 6.7185732, 52.6219907 ], [ 6.7186413, 52.6219535 ], [ 6.719074, 52.6218406 ], [ 6.7191308, 52.6218258 ], [ 6.7191753, 52.621812 ], [ 6.7193898, 52.6217456 ], [ 6.7194228, 52.6217403 ], [ 6.719486, 52.6217304 ], [ 6.7195402, 52.6217218 ], [ 6.7197006, 52.6217352 ], [ 6.7197702, 52.6217309 ], [ 6.7198052, 52.6217288 ], [ 6.7198243, 52.621725 ], [ 6.7200422, 52.6216819 ], [ 6.7201766, 52.6216414 ], [ 6.7204114, 52.6215499 ], [ 6.7206456, 52.6214189 ], [ 6.7206541, 52.6213666 ], [ 6.7206967, 52.6212776 ], [ 6.7208303, 52.621192699999987 ], [ 6.7211981, 52.6209775 ], [ 6.7213636, 52.6209183 ], [ 6.7215268, 52.6208589 ], [ 6.7216005, 52.6208067 ], [ 6.7216029, 52.6207543 ], [ 6.7216176, 52.6206855 ], [ 6.721692, 52.6205881 ], [ 6.7217671, 52.620524 ], [ 6.7218069, 52.6204981 ], [ 6.7218373, 52.6204782 ], [ 6.7220779, 52.6203495 ], [ 6.7222487, 52.620318700000013 ], [ 6.7224069, 52.6202971 ], [ 6.7225746, 52.6202775 ], [ 6.722734, 52.620254199999984 ], [ 6.7227898, 52.6203256 ], [ 6.7228954, 52.6203729 ], [ 6.7229544, 52.6203206 ], [ 6.7248685, 52.6186251 ], [ 6.7252524, 52.6179 ], [ 6.7252811, 52.61784560000001 ], [ 6.7254726, 52.6175679 ], [ 6.7258763, 52.6169822 ], [ 6.7259838, 52.616826399999987 ], [ 6.7263433, 52.6163046 ], [ 6.727038, 52.6152959 ], [ 6.727084, 52.615229 ], [ 6.727113, 52.6151869 ], [ 6.7271225, 52.6151732 ], [ 6.7272934, 52.6149288 ], [ 6.7270556, 52.614444800000015 ], [ 6.7268666, 52.6140603 ], [ 6.7261861, 52.6126761 ], [ 6.7261686, 52.612640699999986 ], [ 6.7261329, 52.6125681 ], [ 6.7260872, 52.612475 ], [ 6.7260697, 52.6124394 ], [ 6.7256337, 52.6115523 ], [ 6.725486, 52.6112519 ], [ 6.7254628, 52.6112048 ], [ 6.7254349, 52.6111478 ], [ 6.7252448, 52.6107615 ], [ 6.7252356, 52.6107428 ], [ 6.7251624, 52.6105975 ], [ 6.725096, 52.6104588 ], [ 6.7250817, 52.6104298 ], [ 6.7250733, 52.6104126 ], [ 6.7250698, 52.6103985 ], [ 6.7247664, 52.6091498 ], [ 6.72475, 52.609082 ], [ 6.7247271, 52.6090312 ], [ 6.7246966, 52.6089632 ], [ 6.7243713, 52.6084392 ], [ 6.7243352, 52.6083326 ], [ 6.7243045, 52.6081199 ], [ 6.7243786, 52.607881 ], [ 6.7244477, 52.6077162 ], [ 6.724407, 52.6076113 ], [ 6.7243392, 52.6074949 ], [ 6.7243137, 52.607309600000015 ], [ 6.7243109, 52.6072239 ], [ 6.7243182, 52.6071521 ], [ 6.7242907, 52.6071043 ], [ 6.7242903, 52.6070896 ], [ 6.7242872, 52.6069848 ], [ 6.7242453, 52.6067545 ], [ 6.7242641, 52.6066925 ], [ 6.7242368, 52.6064797 ], [ 6.7241939, 52.6062715 ], [ 6.7241869, 52.6062375 ], [ 6.7241312, 52.6059668 ], [ 6.724026, 52.6054977 ], [ 6.7240097, 52.6054477 ], [ 6.7239821, 52.6053116 ], [ 6.723929, 52.605136 ], [ 6.7239094, 52.6050415 ], [ 6.7238275, 52.6049539 ], [ 6.7237396, 52.6045118 ], [ 6.7239284, 52.6041691 ], [ 6.7237508, 52.6031298 ], [ 6.7234876, 52.602879200000011 ], [ 6.7234237, 52.6027726 ], [ 6.7227906, 52.601716 ], [ 6.7222328, 52.6006735 ], [ 6.7219949, 52.6002799 ], [ 6.7216527, 52.5997816 ], [ 6.721452, 52.5993862 ], [ 6.7213947, 52.599078600000013 ], [ 6.7210892, 52.5986391 ], [ 6.7209675, 52.5983602 ], [ 6.7209441, 52.5983063 ], [ 6.7209382, 52.5982621 ], [ 6.7209332, 52.5982252 ], [ 6.7209287, 52.5981943 ], [ 6.7209208, 52.5981329 ], [ 6.720844, 52.597563199999982 ], [ 6.7208379, 52.5975176 ], [ 6.7207283, 52.5967043 ], [ 6.7207091, 52.5965702 ], [ 6.7207037, 52.5965224 ], [ 6.7207009, 52.596474799999982 ], [ 6.7207, 52.5964276 ], [ 6.7207015, 52.5963804 ], [ 6.7207053, 52.5963335 ], [ 6.7207115, 52.5962868 ], [ 6.7207199, 52.596240300000012 ], [ 6.7207302, 52.5961958 ], [ 6.7207425, 52.5961515 ], [ 6.7207577, 52.5961057 ], [ 6.7207751, 52.5960601 ], [ 6.7207947, 52.5960147 ], [ 6.7208167, 52.5959694 ], [ 6.720841, 52.5959245 ], [ 6.7208676, 52.5958797 ], [ 6.7208964, 52.5958351 ], [ 6.7215717, 52.5948744 ], [ 6.7199466, 52.593271 ], [ 6.7192926, 52.5906974 ], [ 6.7190645, 52.5898001 ], [ 6.7187686, 52.5886347 ], [ 6.7228835, 52.5864796 ], [ 6.7239863, 52.5859043 ], [ 6.7256121, 52.5850503 ], [ 6.7274552, 52.5840849 ], [ 6.7337103, 52.5808074 ], [ 6.736421, 52.5793867 ], [ 6.7374457, 52.5788498 ], [ 6.7413358, 52.5768137 ], [ 6.7425253, 52.5761908 ], [ 6.7465238, 52.5740981 ], [ 6.7481373, 52.5732533 ], [ 6.7513218, 52.571586 ], [ 6.7561435, 52.5690612 ], [ 6.7606245, 52.5667057 ], [ 6.7622926, 52.56582860000001 ], [ 6.7644632, 52.5646874 ], [ 6.7646857, 52.5645705 ], [ 6.7652259, 52.5642865 ], [ 6.7652532, 52.564272 ], [ 6.7666587, 52.563532900000013 ], [ 6.7666599, 52.563472499999982 ], [ 6.7666601, 52.5634436 ], [ 6.7666836, 52.5621851 ], [ 6.7666922, 52.5617158 ], [ 6.7666929, 52.5616754 ], [ 6.7666935, 52.5616378 ], [ 6.7670484, 52.5616289 ], [ 6.7680585, 52.5616381 ], [ 6.771613, 52.5616331 ], [ 6.7719408, 52.5616216 ], [ 6.7721942, 52.561604 ], [ 6.7724997, 52.5615249 ], [ 6.7726982, 52.5614461 ], [ 6.7728294, 52.5613939 ], [ 6.7732516, 52.5613341 ], [ 6.7737576, 52.561332 ], [ 6.775954, 52.5614781 ], [ 6.7781132, 52.5616243 ], [ 6.778399, 52.5616755 ], [ 6.7812679, 52.5624416 ], [ 6.7815068, 52.5625214 ], [ 6.7817069, 52.562665799999984 ], [ 6.7823346, 52.563286 ], [ 6.7826072, 52.5635192 ], [ 6.7827794, 52.5636297 ], [ 6.7829824, 52.563702899999988 ], [ 6.7839767, 52.5639909 ], [ 6.7852716, 52.5643708 ], [ 6.7865773, 52.564743 ], [ 6.7875699, 52.564895 ], [ 6.7893924, 52.5651095 ], [ 6.7897327, 52.5651463 ], [ 6.7898791, 52.5651848 ], [ 6.7906533, 52.565500899999982 ], [ 6.7942603, 52.5670099 ], [ 6.7959781, 52.5676954 ], [ 6.7978241, 52.568457299999984 ], [ 6.7981068, 52.5685584 ], [ 6.798376, 52.5686252 ], [ 6.7987119, 52.568665200000012 ], [ 6.799214, 52.5686823 ], [ 6.8000191, 52.568668199999983 ], [ 6.8063469, 52.568572 ], [ 6.8071836, 52.5685478 ], [ 6.8080407, 52.5684974 ], [ 6.8068485, 52.5716641 ], [ 6.807859, 52.571918 ], [ 6.8111076, 52.5720088 ], [ 6.8176195, 52.5721814 ], [ 6.821701, 52.5722849 ], [ 6.8218918, 52.5706058 ], [ 6.8265768, 52.5712204 ], [ 6.8270451, 52.5712826 ], [ 6.8271962, 52.5713026 ], [ 6.8286841, 52.5715004 ], [ 6.8309754, 52.571805 ], [ 6.8312046, 52.5718353 ], [ 6.8339256, 52.5721969 ], [ 6.8341952, 52.5722328 ], [ 6.8389512, 52.5728652 ], [ 6.8390987, 52.5728848 ], [ 6.8408522, 52.573118 ], [ 6.8410645, 52.5731462 ], [ 6.8426765, 52.5733607 ], [ 6.8428107, 52.573378599999984 ], [ 6.8469869, 52.5739351 ], [ 6.8477639, 52.5740387 ], [ 6.848616, 52.5741637 ], [ 6.8504776, 52.5741023 ], [ 6.8508029, 52.5741021 ], [ 6.8546164, 52.574002400000012 ], [ 6.8564179, 52.5739783 ], [ 6.8566129, 52.5739757 ], [ 6.8582426, 52.5739538 ], [ 6.8661301, 52.5738035 ], [ 6.8681851, 52.5737796 ], [ 6.8684805, 52.5737571 ], [ 6.8687823, 52.573611 ], [ 6.8804663, 52.5624239 ], [ 6.8807637, 52.5621 ], [ 6.8856318, 52.5575241 ], [ 6.8871294, 52.5561881 ], [ 6.887188, 52.555984900000013 ], [ 6.8898806, 52.553582 ], [ 6.8901335, 52.5535816 ], [ 6.8942988, 52.5533375 ], [ 6.8960938, 52.5532318 ], [ 6.8975909, 52.5531543 ], [ 6.9016718, 52.5529495 ], [ 6.9085249, 52.5525683 ], [ 6.9126466, 52.55231 ], [ 6.9128535, 52.5522573 ], [ 6.9160153, 52.552087 ], [ 6.921694, 52.5534179 ], [ 6.9229525, 52.5523134 ], [ 6.9231167, 52.5523346 ], [ 6.9258728, 52.5524195 ], [ 6.9261137, 52.551396399999987 ], [ 6.9311733, 52.5515383 ], [ 6.9311595, 52.5512947 ], [ 6.9339389, 52.5511693 ], [ 6.9348852, 52.5496356 ], [ 6.9369271, 52.5498297 ], [ 6.9381091, 52.5500577 ], [ 6.94262, 52.5506313 ], [ 6.9426919, 52.5505239 ], [ 6.9428466, 52.5505672 ], [ 6.9429709, 52.5506715 ], [ 6.9432571, 52.5511809 ], [ 6.9434389, 52.5513934 ], [ 6.943585, 52.5516929 ], [ 6.9437844, 52.5518002 ], [ 6.9440971, 52.5519118 ], [ 6.9449784, 52.552074 ], [ 6.9452807, 52.5519346 ], [ 6.9455199, 52.5520818 ], [ 6.9459178, 52.5522009 ], [ 6.9463261, 52.5522723 ], [ 6.9491077, 52.5525871 ], [ 6.9497839, 52.5526969 ], [ 6.9503413, 52.552856299999981 ], [ 6.9507609, 52.5530693 ], [ 6.951083, 52.553360399999988 ], [ 6.951195, 52.5536575 ], [ 6.9511953, 52.5539515 ], [ 6.9511953, 52.553986200000011 ], [ 6.951012, 52.5543162 ], [ 6.9512877, 52.5543145 ], [ 6.9514923, 52.5543368 ], [ 6.9531993, 52.5543656 ], [ 6.9532783, 52.554365 ], [ 6.9533642, 52.554364299999989 ], [ 6.9540951, 52.5543803 ], [ 6.957358, 52.5544517 ], [ 6.9586621, 52.5544801 ], [ 6.9588936, 52.5544754 ], [ 6.959104, 52.554471 ], [ 6.959973, 52.5545184 ], [ 6.9599751, 52.5547254 ], [ 6.9600733, 52.5547961 ], [ 6.9601988, 52.5547839 ], [ 6.9607198, 52.5546564 ], [ 6.9612146, 52.5545945 ], [ 6.961214, 52.5545355 ], [ 6.9611521, 52.5544448 ], [ 6.9608078, 52.5540236 ], [ 6.9604496, 52.5535012 ], [ 6.960412, 52.5533717 ], [ 6.9604725, 52.5533493 ], [ 6.9610277, 52.5531451 ], [ 6.9615457, 52.5530467 ], [ 6.961971, 52.5536012 ], [ 6.9620399, 52.5536309 ], [ 6.9623722, 52.55362 ], [ 6.9625064, 52.5535866 ], [ 6.9630647, 52.5532902 ], [ 6.9638202, 52.5534686 ], [ 6.9651861, 52.553791 ], [ 6.9650194, 52.5540192 ], [ 6.9654943, 52.5541321 ], [ 6.965956, 52.5535997 ], [ 6.9658994, 52.5535797 ], [ 6.9664478, 52.5523343 ], [ 6.9665668, 52.5522867 ], [ 6.9677295, 52.5523519 ], [ 6.9684591, 52.5525112 ], [ 6.9689249, 52.5525914 ], [ 6.9701442, 52.5528828 ], [ 6.9726982, 52.5533185 ], [ 6.9737215, 52.5535179 ], [ 6.9739176, 52.5535422 ], [ 6.9778599, 52.5542073 ], [ 6.9778558, 52.5542285 ], [ 6.9805224, 52.5546959 ], [ 6.9831301, 52.5551759 ], [ 6.9841884, 52.5553679 ], [ 6.9870874, 52.5558958 ], [ 6.9873982, 52.5559565 ], [ 6.9908229, 52.5566032 ], [ 6.9915803, 52.5567184 ], [ 6.9924915, 52.5568777 ], [ 6.9924061, 52.5570543 ], [ 6.9923662, 52.557340400000015 ], [ 6.99233, 52.557525 ], [ 6.9926541, 52.5578802 ], [ 6.9934696, 52.5584093 ], [ 6.9929953, 52.5589252 ], [ 6.9929916, 52.5590037 ], [ 6.9930436, 52.559076 ], [ 6.9924479, 52.5595548 ], [ 6.9916768, 52.5592598 ], [ 6.9913561, 52.5596148 ], [ 6.9921518, 52.5598852 ], [ 6.9918881, 52.5602974 ], [ 6.9915367, 52.5612914 ], [ 6.9915383, 52.5614279 ], [ 6.9912252, 52.5617708 ], [ 6.9904852, 52.5627138 ], [ 6.9917608, 52.5632447 ], [ 6.9919216, 52.5631562 ], [ 6.9923075, 52.5628904 ], [ 6.9926757, 52.5625744 ], [ 6.9929462, 52.5623629 ], [ 6.9935547, 52.5618739 ], [ 6.9938021, 52.561706500000014 ], [ 6.9938419, 52.5616263 ], [ 6.9951041, 52.561688600000011 ], [ 6.9966718, 52.5618917 ], [ 6.9971236, 52.5622691 ], [ 6.9974389, 52.5625559 ], [ 6.9977665, 52.5625943 ], [ 6.9979143, 52.5626422 ], [ 6.9984656, 52.5621586 ], [ 6.9986841, 52.5619999 ], [ 6.9990487, 52.5618173 ], [ 6.9994078, 52.5616521 ], [ 6.9997771, 52.5615382 ], [ 7.0001746, 52.5614274 ], [ 7.0006303, 52.5613165 ], [ 7.000744, 52.5612781 ], [ 7.0012221, 52.5611541 ], [ 7.0020088, 52.5609249 ], [ 7.0025417, 52.5607533 ], [ 7.0037041, 52.5604276 ], [ 7.0042901, 52.5602386 ], [ 7.0048877, 52.5600811 ], [ 7.0058206, 52.559634800000012 ], [ 7.0062365, 52.559395800000011 ], [ 7.006499, 52.5598095 ], [ 7.0068003, 52.5599177 ], [ 7.0068605, 52.5600667 ], [ 7.0070752, 52.560258 ], [ 7.0075906, 52.5609303 ], [ 7.0077633, 52.5611373 ], [ 7.0079587, 52.5613249 ], [ 7.0080764, 52.5615476 ], [ 7.0080684, 52.5616574 ], [ 7.0115044, 52.5626524 ], [ 7.0128377, 52.563098 ], [ 7.0133898, 52.5634057 ], [ 7.0142333, 52.5635101 ], [ 7.0152664, 52.563677 ], [ 7.0150698, 52.564086 ], [ 7.0148967, 52.5644591 ], [ 7.0137164, 52.5670177 ], [ 7.013122, 52.5682952 ], [ 7.0125112, 52.5695807 ], [ 7.0119346, 52.5708763 ], [ 7.0118523, 52.5710476 ], [ 7.0115383, 52.571734899999988 ], [ 7.0114357, 52.571959100000015 ], [ 7.0109136, 52.573075 ], [ 7.0107317, 52.5735642 ], [ 7.0132628, 52.5752638 ], [ 7.0136146, 52.575512399999987 ], [ 7.0136685, 52.5755506 ], [ 7.0138091, 52.5756453 ], [ 7.0140001, 52.5757758 ], [ 7.0140947, 52.5758413 ], [ 7.0168768, 52.5777656 ], [ 7.0210232, 52.5806331 ], [ 7.0328866, 52.588776499999987 ], [ 7.0358326, 52.5907698 ], [ 7.0370208, 52.5915319 ], [ 7.0384561, 52.592485599999989 ], [ 7.038888, 52.5927724 ], [ 7.0393122, 52.5930537 ], [ 7.0405638, 52.5938842 ], [ 7.0416612, 52.5946145 ], [ 7.0417881, 52.5947025 ], [ 7.0453388, 52.5970645 ], [ 7.0433616, 52.604661 ], [ 7.0433357, 52.6047616 ], [ 7.0422619, 52.6086247 ], [ 7.0442195, 52.6093813 ], [ 7.0439446, 52.609607299999986 ], [ 7.0425446, 52.6107686 ], [ 7.0410175, 52.6120269 ], [ 7.040155, 52.612738 ], [ 7.0388056, 52.6138604 ], [ 7.0387213, 52.6139245 ], [ 7.0382154, 52.6143089 ], [ 7.0379488, 52.6145373 ], [ 7.0331905, 52.6183045 ], [ 7.0314489, 52.6177446 ], [ 7.0313494, 52.6177126 ], [ 7.0287312, 52.6168743 ], [ 7.0286272, 52.6168442 ], [ 7.0281849, 52.6167166 ], [ 7.026992, 52.616326 ], [ 7.024661, 52.6155726 ], [ 7.0224599, 52.6148727 ], [ 7.0218628, 52.6146852 ], [ 7.0171693, 52.6131951 ], [ 7.0169752, 52.6131334 ], [ 7.0161095, 52.6128542 ], [ 7.0149047, 52.6124657 ], [ 7.0132009, 52.6119166 ], [ 7.0087904, 52.6105108 ], [ 7.0048938, 52.6092565 ], [ 7.0018562, 52.6083069 ], [ 7.0015165, 52.6081985 ], [ 6.9988301, 52.6073414 ], [ 6.9986942, 52.6072981 ], [ 6.9985871, 52.6072639 ], [ 6.9976496, 52.606964600000012 ], [ 6.9971067, 52.606791400000013 ], [ 6.9964218, 52.606572899999989 ], [ 6.9951514, 52.6061676 ], [ 6.9961272, 52.6100485 ], [ 6.9962387, 52.6104936 ], [ 6.9963319, 52.6108692 ], [ 6.9963842, 52.6110791 ], [ 6.9964663, 52.611406 ], [ 6.9965128, 52.611622 ], [ 6.996807, 52.6128182 ], [ 6.9969109, 52.613240100000013 ], [ 6.9971124, 52.6140044 ], [ 6.9977888, 52.616674099999983 ], [ 6.9983212, 52.6188488 ], [ 6.9991749, 52.6223337 ], [ 6.9996036, 52.6240841 ], [ 6.9997684, 52.6247567 ], [ 7.0010072, 52.6298133 ], [ 7.001664, 52.6324923 ], [ 7.002231, 52.6347915 ], [ 7.0023286, 52.63518710000001 ], [ 7.0029046, 52.6350755 ], [ 7.0031389, 52.6359407 ], [ 7.0047227, 52.6374852 ], [ 7.0051985, 52.6379428 ], [ 7.0058274, 52.63856 ], [ 7.0059995, 52.6387295 ], [ 7.0060733, 52.6388413 ], [ 7.0060481, 52.6388596 ], [ 7.005889, 52.6390016 ], [ 7.0058146, 52.6390785 ], [ 7.0057877, 52.6391116 ], [ 7.0057466, 52.6391625 ], [ 7.0056253, 52.6393292 ], [ 7.0055939, 52.6393732 ], [ 7.0053781, 52.6396749 ], [ 7.0053561, 52.639707 ], [ 7.0052494, 52.639856800000011 ], [ 7.0051453, 52.6400048 ], [ 7.0051086, 52.6400569 ], [ 7.0050142, 52.6401911 ], [ 7.0048508, 52.6404233 ], [ 7.0048352, 52.6404454 ], [ 7.0047127, 52.6406139 ], [ 7.0045994, 52.640741 ], [ 7.0045138, 52.6408188 ], [ 7.0044033, 52.6409016 ], [ 7.0042794, 52.6409815 ], [ 7.0042251, 52.6410099 ], [ 7.0041409, 52.641054 ], [ 7.0039795, 52.6411243 ], [ 7.0038234, 52.6411877 ], [ 7.0027059, 52.6416418 ], [ 7.0025368, 52.6417073 ], [ 7.0023802, 52.6417637 ], [ 7.0022038, 52.6418213 ], [ 7.0019681, 52.6418879 ], [ 7.0018064, 52.6419289 ], [ 7.0017511, 52.6419429 ], [ 7.0017206, 52.641950699999981 ], [ 7.0014732, 52.6420064 ], [ 7.0011996, 52.6420563 ], [ 7.001075, 52.6420753 ], [ 7.0009102, 52.6421003 ], [ 7.0006117, 52.6421341 ], [ 7.0005652, 52.6421374 ], [ 7.0005597, 52.6421378 ], [ 7.0004461, 52.6421458 ], [ 7.0003547, 52.6421523 ], [ 7.000306, 52.6421557 ], [ 7.0000179, 52.6421655 ], [ 6.99974, 52.642165399999989 ], [ 6.9995569, 52.6421621 ], [ 6.9994747, 52.6421594 ], [ 6.9993708, 52.6421544 ], [ 6.9992045, 52.6421424 ], [ 6.999104, 52.6421351 ], [ 6.9989361, 52.6421183 ], [ 6.9988112, 52.642104 ], [ 6.9986192, 52.6420765 ], [ 6.9984608, 52.6420519 ], [ 6.9984173, 52.6420451 ], [ 6.9982108, 52.6420141 ], [ 6.9977327, 52.6419388 ], [ 6.9975357, 52.6419082 ], [ 6.9968696, 52.6418048 ], [ 6.9968404, 52.6418003 ], [ 6.9968104, 52.641795599999988 ], [ 6.9963925, 52.641730699999982 ], [ 6.9963007, 52.6417165 ], [ 6.995747, 52.6416305 ], [ 6.9957071, 52.6416243 ], [ 6.99509, 52.6415284 ], [ 6.9950561, 52.641523199999988 ], [ 6.994025, 52.641363 ], [ 6.9938893, 52.6413449 ], [ 6.9937224, 52.6413282 ], [ 6.9935909, 52.6413206 ], [ 6.9935586, 52.6413187 ], [ 6.9934196, 52.6413107 ], [ 6.9931169, 52.6413095 ], [ 6.9928492, 52.641322699999982 ], [ 6.9928217, 52.641324 ], [ 6.9926634, 52.6413363 ], [ 6.9925056, 52.6413521 ], [ 6.9922939, 52.6413837 ], [ 6.9922359, 52.6413922 ], [ 6.9920586, 52.6414251 ], [ 6.9919072, 52.6414564 ], [ 6.9918416, 52.6414717 ], [ 6.9916607, 52.6415206 ], [ 6.9914358, 52.641585 ], [ 6.991364, 52.6416056 ], [ 6.9911312, 52.6416725 ], [ 6.9904736, 52.6418604 ], [ 6.9904283, 52.6418734 ], [ 6.9901664, 52.6419473 ], [ 6.9897852, 52.6420575 ], [ 6.9897127, 52.6420783 ], [ 6.9887138, 52.64236420000001 ], [ 6.9859201, 52.6431638 ], [ 6.9858654, 52.6431794 ], [ 6.985464, 52.643294300000015 ], [ 6.9854008, 52.6433124 ], [ 6.9850707, 52.6434069 ], [ 6.9849666, 52.6434366 ], [ 6.9849306, 52.6434469 ], [ 6.9848608, 52.6434668 ], [ 6.9848358, 52.6434739 ], [ 6.9848251, 52.6434769 ], [ 6.9848128, 52.6434804 ], [ 6.9845198, 52.6435629 ], [ 6.9843602, 52.6436125 ], [ 6.9841992, 52.6436725 ], [ 6.984096, 52.6437136 ], [ 6.9839942, 52.6437598 ], [ 6.9838906, 52.643810099999989 ], [ 6.9837882, 52.6438689 ], [ 6.9836876, 52.6439326 ], [ 6.9836511, 52.6439562 ], [ 6.9836158, 52.643979 ], [ 6.9832719, 52.6442014 ], [ 6.9831013, 52.644311800000011 ], [ 6.9823658, 52.6447875 ], [ 6.9822599, 52.6448526 ], [ 6.9821607, 52.6449058 ], [ 6.9820727, 52.6449485 ], [ 6.9819765, 52.6449903 ], [ 6.981876, 52.645028900000014 ], [ 6.981765, 52.6450673 ], [ 6.9816548, 52.6451019 ], [ 6.9814632, 52.6451477 ], [ 6.9812134, 52.6451993 ], [ 6.9810102, 52.6452412 ], [ 6.9804096, 52.6453652 ], [ 6.9803668, 52.645374 ], [ 6.9796119, 52.645529800000013 ], [ 6.9795686, 52.6455388 ], [ 6.979214, 52.645612 ], [ 6.9787855, 52.645700399999988 ], [ 6.9787386, 52.6457101 ], [ 6.9782653, 52.645807800000014 ], [ 6.978216, 52.645818 ], [ 6.9780679, 52.6458485 ], [ 6.9774942, 52.645967 ], [ 6.9771293, 52.6460434 ], [ 6.9770841, 52.646051600000014 ], [ 6.9769573, 52.6460778 ], [ 6.9765098, 52.6461701 ], [ 6.9764577, 52.6461809 ], [ 6.9761293, 52.6462487 ], [ 6.9760754, 52.6462592 ], [ 6.9759332, 52.646283 ], [ 6.9757949, 52.646293500000013 ], [ 6.9756819, 52.6462959 ], [ 6.9755496, 52.6462911 ], [ 6.9754057, 52.6462763 ], [ 6.9752608, 52.6462475 ], [ 6.9751345, 52.6462122 ], [ 6.9750743, 52.6461913 ], [ 6.9750213, 52.64616860000001 ], [ 6.9749053, 52.6461172 ], [ 6.974873, 52.6461013 ], [ 6.9748537, 52.6460897 ], [ 6.9748415, 52.6460823 ], [ 6.974813, 52.646065 ], [ 6.9747935, 52.6460532 ], [ 6.9747633, 52.6460314 ], [ 6.9746469, 52.6459462 ], [ 6.9741069, 52.6455411 ], [ 6.972804, 52.6445534 ], [ 6.9727528, 52.6445147 ], [ 6.9719392, 52.6438997 ], [ 6.971912, 52.6438792 ], [ 6.9715351, 52.6435943 ], [ 6.9714911, 52.6435611 ], [ 6.9713693, 52.6434698 ], [ 6.9712292, 52.6433631 ], [ 6.9711834, 52.6433285 ], [ 6.9708347, 52.6430649 ], [ 6.9707976, 52.6430369 ], [ 6.9703984, 52.64273510000001 ], [ 6.9702978, 52.6426641 ], [ 6.9701884, 52.642597 ], [ 6.9701499, 52.6425767 ], [ 6.9700376, 52.6425213 ], [ 6.9698415, 52.6424377 ], [ 6.969615, 52.6423482 ], [ 6.9683247, 52.6418312 ], [ 6.9682494, 52.641801500000014 ], [ 6.9681873, 52.641777 ], [ 6.9681659, 52.6417686 ], [ 6.9680566, 52.6417355 ], [ 6.9680092, 52.6417241 ], [ 6.9678732, 52.6416986 ], [ 6.9677375, 52.6416874 ], [ 6.9676622, 52.6416862 ], [ 6.9674617, 52.6416882 ], [ 6.9673844, 52.641689 ], [ 6.9672148, 52.6416907 ], [ 6.9666336, 52.6416966 ], [ 6.966342, 52.6417026 ], [ 6.9655719, 52.641707499999988 ], [ 6.9655126, 52.6417082 ], [ 6.9646535, 52.641717 ], [ 6.9645918, 52.6417177 ], [ 6.9643493, 52.6417202 ], [ 6.9641739, 52.641722 ], [ 6.964127, 52.6417224 ], [ 6.9634021, 52.64172989999998 ], [ 6.9633598, 52.6417304 ], [ 6.9630189, 52.641733900000013 ], [ 6.9627501, 52.6417366 ], [ 6.9626922, 52.6417372 ], [ 6.9620768, 52.6417436 ], [ 6.9619796, 52.6417446 ], [ 6.9616973, 52.6417475 ], [ 6.9605235, 52.6417596 ], [ 6.9604725, 52.6417601 ], [ 6.9597048, 52.641768 ], [ 6.959633, 52.6417687 ], [ 6.959551, 52.6417679 ], [ 6.9595283, 52.6417666 ], [ 6.9594413, 52.6417614 ], [ 6.9593137, 52.6417452 ], [ 6.9592779, 52.6417381 ], [ 6.9592135, 52.6417253 ], [ 6.9591388, 52.6417059 ], [ 6.9590951, 52.6416946 ], [ 6.9589794, 52.6416552 ], [ 6.9589052, 52.6416217 ], [ 6.9588422, 52.6415933 ], [ 6.957442, 52.6408587 ], [ 6.9567101, 52.6404747 ], [ 6.9563824, 52.6403045 ], [ 6.9560965, 52.6401527 ], [ 6.954732, 52.6394367 ], [ 6.954395, 52.6392599 ], [ 6.9543299, 52.6392239 ], [ 6.9541517, 52.6391423 ], [ 6.9540549, 52.6391065 ], [ 6.9539264, 52.639064399999988 ], [ 6.9538265, 52.6390383 ], [ 6.9537466, 52.6390174 ], [ 6.9536908, 52.6390071 ], [ 6.953618, 52.6389936 ], [ 6.953573, 52.6389885 ], [ 6.9534965, 52.6389799 ], [ 6.9534012, 52.6389767 ], [ 6.9533175, 52.6389739 ], [ 6.9532739, 52.6389724 ], [ 6.9531514, 52.6389769 ], [ 6.9530399, 52.638981 ], [ 6.9528193, 52.638996 ], [ 6.9517681, 52.6390672 ], [ 6.9517194, 52.6390707 ], [ 6.9510368, 52.6391168 ], [ 6.9507924, 52.6391329 ], [ 6.9505626, 52.639149 ], [ 6.9489533, 52.639258 ], [ 6.9486126, 52.6392811 ], [ 6.9483123, 52.6392936 ], [ 6.9476312, 52.6393076 ], [ 6.9467158, 52.639326399999987 ], [ 6.9462185, 52.6393367 ], [ 6.9459956, 52.6393413 ], [ 6.9459544, 52.6393416 ], [ 6.9458667, 52.6393423 ], [ 6.9456133, 52.6393374 ], [ 6.9455499, 52.6393352 ], [ 6.9453353, 52.6393215 ], [ 6.9450689, 52.6392947 ], [ 6.945059, 52.6392937 ], [ 6.9449941, 52.6392847 ], [ 6.9449325, 52.6392762 ], [ 6.9447864, 52.6392561 ], [ 6.944531, 52.6392109 ], [ 6.9444654, 52.639196600000012 ], [ 6.9444618, 52.6391958 ], [ 6.9442494, 52.6391495 ], [ 6.9440537, 52.639101 ], [ 6.9439973, 52.639087 ], [ 6.9433435, 52.6389092 ], [ 6.9430722, 52.6388354 ], [ 6.9419, 52.6385166 ], [ 6.9417639, 52.6384796 ], [ 6.9409659, 52.6382626 ], [ 6.9402829, 52.6380762 ], [ 6.9401279, 52.6380339 ], [ 6.9398832, 52.6379716 ], [ 6.9396397, 52.6379262 ], [ 6.9394207, 52.637897800000012 ], [ 6.9392022, 52.6378792 ], [ 6.9389754, 52.6378673 ], [ 6.9388831, 52.6378691 ], [ 6.9387357, 52.637872 ], [ 6.9386676, 52.6378766 ], [ 6.9384963, 52.6378882 ], [ 6.9383851, 52.6378999 ], [ 6.938325, 52.6379062 ], [ 6.9361571, 52.6381337 ], [ 6.9358284, 52.6381665 ], [ 6.9355453, 52.6381979 ], [ 6.9352405, 52.6382295 ], [ 6.9349378, 52.6382638 ], [ 6.934753, 52.6382962 ], [ 6.9345542, 52.6383414 ], [ 6.9344886, 52.6383562 ], [ 6.9343186, 52.6384055 ], [ 6.934134, 52.6384666 ], [ 6.9341227, 52.638470299999987 ], [ 6.9338681, 52.63856 ], [ 6.933761, 52.6385979 ], [ 6.933598, 52.6386552 ], [ 6.93289, 52.6389059 ], [ 6.9324439, 52.6390573 ], [ 6.9311408, 52.639498 ], [ 6.9311011, 52.6395127 ], [ 6.9306087, 52.6396797 ], [ 6.9302473, 52.6398023 ], [ 6.9299973, 52.6398838 ], [ 6.9298653, 52.6399248 ], [ 6.9297302, 52.6399635 ], [ 6.9295513, 52.6400066 ], [ 6.9294759, 52.6400237 ], [ 6.9291947, 52.6400815 ], [ 6.9289569, 52.6401206 ], [ 6.9288743, 52.6401331 ], [ 6.9286032, 52.640163600000015 ], [ 6.9283322, 52.6401842 ], [ 6.9280165, 52.6401958 ], [ 6.9277513, 52.640195399999989 ], [ 6.9274658, 52.6401855 ], [ 6.9266851, 52.6401495 ], [ 6.9265638, 52.6401432 ], [ 6.9255635, 52.6400963 ], [ 6.9248885, 52.6400646 ], [ 6.9241118, 52.6400281 ], [ 6.9233159, 52.6399908 ], [ 6.9228261, 52.6399678 ], [ 6.9220866, 52.6399331 ], [ 6.9209339, 52.6398777 ], [ 6.9206759, 52.6398653 ], [ 6.9203378, 52.6398491 ], [ 6.9197291, 52.6398198 ], [ 6.9195219, 52.6398139 ], [ 6.9194894, 52.6398156 ], [ 6.9194047, 52.6398199 ], [ 6.9193458, 52.6398341 ], [ 6.9193091, 52.6398393 ], [ 6.9192142, 52.6398526 ], [ 6.919211, 52.6398531 ], [ 6.9190742, 52.6398796 ], [ 6.9190483, 52.6398871 ], [ 6.9189455, 52.6399169 ], [ 6.9188805, 52.6399374 ], [ 6.918858, 52.6399445 ], [ 6.918743, 52.6400029 ], [ 6.9185977, 52.6400768 ], [ 6.9183512, 52.6402145 ], [ 6.9180274, 52.640395399999981 ], [ 6.9175, 52.6406901 ], [ 6.916863, 52.641046 ], [ 6.9165305, 52.6412318 ], [ 6.9163829, 52.6413142 ], [ 6.9161982, 52.6414174 ], [ 6.9160526, 52.6414998 ], [ 6.9159581, 52.641561 ], [ 6.9159195, 52.6415919 ], [ 6.9158385, 52.641661500000012 ], [ 6.9157531, 52.6417536 ], [ 6.9157239, 52.6417897 ], [ 6.9156723, 52.6418621 ], [ 6.9156461, 52.6419143 ], [ 6.9156299, 52.641946499999982 ], [ 6.9156011, 52.6420432 ], [ 6.9155784, 52.6421747 ], [ 6.9155589, 52.6423356 ], [ 6.9154894, 52.642772699999988 ], [ 6.9153894, 52.643402499999986 ], [ 6.9153294, 52.6438097 ], [ 6.915285, 52.6441063 ], [ 6.9152376, 52.6444044 ], [ 6.915175, 52.6448099 ], [ 6.9150554, 52.6455847 ], [ 6.9150246, 52.6457812 ], [ 6.9149928, 52.6459015 ], [ 6.914974, 52.6459472 ], [ 6.9149449, 52.6460036 ], [ 6.9149237, 52.6460447 ], [ 6.9149049, 52.64607310000001 ], [ 6.9148646, 52.6461341 ], [ 6.9148002, 52.6462158 ], [ 6.9147243, 52.6462959 ], [ 6.9146388, 52.646372 ], [ 6.9146311, 52.6463779 ], [ 6.91459, 52.6464096 ], [ 6.9144913, 52.6464778 ], [ 6.914381, 52.6465441 ], [ 6.9142907, 52.6465907 ], [ 6.9142698, 52.6466015 ], [ 6.9141679, 52.6466455 ], [ 6.9141327, 52.6466607 ], [ 6.9139959, 52.6467093 ], [ 6.913957, 52.6467232 ], [ 6.9138231, 52.6467613 ], [ 6.9137834, 52.6467726 ], [ 6.9137066, 52.6467905 ], [ 6.9135681, 52.6468195 ], [ 6.9114559, 52.6472347 ], [ 6.9110896, 52.6473065 ], [ 6.9103382, 52.6474502 ], [ 6.9093611, 52.6476419 ], [ 6.9086759, 52.6477796 ], [ 6.9081368, 52.6478855 ], [ 6.9080738, 52.6478979 ], [ 6.9078567, 52.6479321 ], [ 6.907786, 52.6479432 ], [ 6.9073623, 52.6479968 ], [ 6.9069147, 52.6480533 ], [ 6.906453, 52.6481115 ], [ 6.9061487, 52.6481495 ], [ 6.9056247, 52.6482152 ], [ 6.9036321, 52.6484654 ], [ 6.903367, 52.6485015 ], [ 6.9032609, 52.6485235 ], [ 6.9032125, 52.6485329 ], [ 6.9031466, 52.64854720000001 ], [ 6.9029321, 52.6485995 ], [ 6.9027612, 52.6486547 ], [ 6.9027277, 52.6486656 ], [ 6.902556, 52.6487348 ], [ 6.9023769, 52.6488168 ], [ 6.9023199, 52.6488471 ], [ 6.9022323, 52.6488936 ], [ 6.9021942, 52.6489156 ], [ 6.9021904, 52.6489178 ], [ 6.9020541, 52.6489968 ], [ 6.901833, 52.649129400000014 ], [ 6.9007198, 52.649793300000013 ], [ 6.899195, 52.6507025 ], [ 6.8990571, 52.6507848 ], [ 6.8990257, 52.6508035 ], [ 6.8989298, 52.6508607 ], [ 6.8988653, 52.6508876 ], [ 6.8986513, 52.650977 ], [ 6.8985121, 52.6510351 ], [ 6.8984108, 52.6510774 ], [ 6.8983244, 52.6511064 ], [ 6.8980912, 52.6511734 ], [ 6.8976587, 52.6512751 ], [ 6.8973805, 52.651340499999982 ], [ 6.8971482, 52.6513862 ], [ 6.8969831, 52.65141 ], [ 6.896837, 52.6514229 ], [ 6.8967593, 52.6514297 ], [ 6.8966307, 52.651441 ], [ 6.8962984, 52.6514508 ], [ 6.8962651, 52.6514515 ], [ 6.8959045, 52.6514586 ], [ 6.8946631, 52.6514832 ], [ 6.8931535, 52.651513 ], [ 6.8920332, 52.6515351 ], [ 6.891883, 52.6515373 ], [ 6.8917812, 52.6515387 ], [ 6.8915997, 52.6515357 ], [ 6.891487, 52.6515341 ], [ 6.8914142, 52.6515288 ], [ 6.8911777, 52.6515142 ], [ 6.8885994, 52.6512807 ], [ 6.8884464, 52.6512676 ], [ 6.886851, 52.6511246 ], [ 6.8862378, 52.6510668 ], [ 6.8861944, 52.6510629 ], [ 6.8861662, 52.6510603 ], [ 6.8853373, 52.6509868 ], [ 6.8850419, 52.6509585 ], [ 6.8833349, 52.6508039 ], [ 6.882673, 52.6507439 ], [ 6.8807527, 52.6505699 ], [ 6.8805402, 52.6505506 ], [ 6.8805218, 52.6505495 ], [ 6.8804443, 52.6505448 ], [ 6.8802225, 52.6505382 ], [ 6.8800402, 52.6505466 ], [ 6.8798881, 52.6505594 ] ] ] } },
{ "type": "Feature", "properties": { "krebsgebiet": "Neuenhaus, SG" }, "geometry": { "type": "Polygon", "coordinates": [ [ [ 7.01666, 52.498590799999988 ], [ 7.016913, 52.4986196 ], [ 7.0173348, 52.4988395 ], [ 7.0181811, 52.4989399 ], [ 7.0187183, 52.4990712 ], [ 7.0193986, 52.4992101 ], [ 7.0196866, 52.4992949 ], [ 7.0201955, 52.4994935 ], [ 7.0208915, 52.4999979 ], [ 7.0215388, 52.5007721 ], [ 7.0219916, 52.5006335 ], [ 7.0232477, 52.5007231 ], [ 7.023491, 52.500975 ], [ 7.0229052, 52.5015161 ], [ 7.0228308, 52.5016895 ], [ 7.0225713, 52.5031105 ], [ 7.022565, 52.5032572 ], [ 7.0227148, 52.5036781 ], [ 7.0229046, 52.5040688 ], [ 7.0231063, 52.5043596 ], [ 7.0246667, 52.50538670000001 ], [ 7.02474, 52.5054334 ], [ 7.0248256, 52.5054877 ], [ 7.0248567, 52.505571 ], [ 7.0249199, 52.5062065 ], [ 7.0250497, 52.5072491 ], [ 7.0250513, 52.5073519 ], [ 7.0250095, 52.5074263 ], [ 7.0250513, 52.5075715 ], [ 7.0249782, 52.5077194 ], [ 7.0248356, 52.5082458 ], [ 7.0248195, 52.5083095 ], [ 7.0249042, 52.5088557 ], [ 7.0251455, 52.5095301 ], [ 7.0264162, 52.508713 ], [ 7.0268257, 52.5087625 ], [ 7.0268864, 52.508743699999989 ], [ 7.0269647, 52.50878 ], [ 7.0269981, 52.5088704 ], [ 7.0271231, 52.5087538 ], [ 7.0282858, 52.5094207 ], [ 7.0282428, 52.5095797 ], [ 7.0280968, 52.5098658 ], [ 7.0281096, 52.509931699999989 ], [ 7.0286025, 52.5101588 ], [ 7.0294938, 52.5103364 ], [ 7.0299074, 52.5104494 ], [ 7.0301402, 52.5105627 ], [ 7.0302636, 52.5105933 ], [ 7.030427, 52.5106888 ], [ 7.0307528, 52.5107753 ], [ 7.0316645, 52.5110924 ], [ 7.0317937, 52.5111659 ], [ 7.032039, 52.5110011 ], [ 7.0325058, 52.5111992 ], [ 7.032332, 52.5114318 ], [ 7.0323088, 52.5115076 ], [ 7.0328857, 52.5119555 ], [ 7.0331197, 52.5121181 ], [ 7.0333281, 52.5122573 ], [ 7.0338144, 52.512282 ], [ 7.034157, 52.5125213 ], [ 7.0344482, 52.5124272 ], [ 7.0348804, 52.5124572 ], [ 7.0348223, 52.5127697 ], [ 7.0349071, 52.513073 ], [ 7.0350062, 52.5133231 ], [ 7.0351336, 52.513578 ], [ 7.035193, 52.5137926 ], [ 7.0351662, 52.5138973 ], [ 7.0351, 52.514028 ], [ 7.0347304, 52.5143299 ], [ 7.0346689, 52.5143659 ], [ 7.0347885, 52.5144821 ], [ 7.0346371, 52.5147294 ], [ 7.0347276, 52.5151472 ], [ 7.034798, 52.515284 ], [ 7.0349907, 52.5153086 ], [ 7.0352297, 52.5152569 ], [ 7.0353812, 52.5153584 ], [ 7.0360735, 52.5153623 ], [ 7.0360965, 52.515827 ], [ 7.0359658, 52.5160989 ], [ 7.0362293, 52.5165997 ], [ 7.0363941, 52.5169891 ], [ 7.0363267, 52.5173596 ], [ 7.036392, 52.517876 ], [ 7.0365338, 52.5182279 ], [ 7.0365773, 52.5184614 ], [ 7.036695, 52.5186004 ], [ 7.0366211, 52.5187245 ], [ 7.0366087, 52.51895110000001 ], [ 7.0365026, 52.5190683 ], [ 7.0366205, 52.5191345 ], [ 7.0379303, 52.518885 ], [ 7.0379673, 52.5189308 ], [ 7.0379298, 52.5190706 ], [ 7.0372517, 52.5191473 ], [ 7.0368331, 52.5192641 ], [ 7.0366572, 52.5193611 ], [ 7.0362919, 52.519507299999987 ], [ 7.0362235, 52.5196313 ], [ 7.0363135, 52.5197218 ], [ 7.0369224, 52.5199745 ], [ 7.0379936, 52.5204395 ], [ 7.0381098, 52.5204374 ], [ 7.0381762, 52.520365 ], [ 7.0384659, 52.5201874 ], [ 7.0388502, 52.519852 ], [ 7.0388927, 52.5197287 ], [ 7.0395986, 52.5199452 ], [ 7.0397907, 52.5200717 ], [ 7.0402182, 52.5207751 ], [ 7.040231, 52.520854799999988 ], [ 7.0401574, 52.5209607 ], [ 7.0406436, 52.5209428 ], [ 7.0407269, 52.5208459 ], [ 7.0417038, 52.520967399999982 ], [ 7.0418827, 52.5209788 ], [ 7.0428543, 52.5206825 ], [ 7.0434712, 52.5208532 ], [ 7.0435793, 52.5207984 ], [ 7.0443932, 52.5203271 ], [ 7.0456727, 52.5210181 ], [ 7.047257, 52.5198274 ], [ 7.0503704, 52.5213212 ], [ 7.0486534, 52.5225451 ], [ 7.0515755, 52.5233711 ], [ 7.0521125, 52.5235229 ], [ 7.0555976, 52.5244414 ], [ 7.0560198, 52.5244953 ], [ 7.0570295, 52.5247515 ], [ 7.0574519, 52.5248857 ], [ 7.0577124, 52.5249396 ], [ 7.0565732, 52.5266754 ], [ 7.0566609, 52.5267151 ], [ 7.0585134, 52.5270128 ], [ 7.0616412, 52.52751 ], [ 7.0630474, 52.5269881 ], [ 7.0635968, 52.526741 ], [ 7.0642203, 52.5264007 ], [ 7.0644574, 52.5262277 ], [ 7.0652004, 52.5255358 ], [ 7.0652585, 52.5253762 ], [ 7.0654587, 52.5251956 ], [ 7.0655631, 52.5248295 ], [ 7.0657351, 52.5244583 ], [ 7.0660311, 52.52418 ], [ 7.0666249, 52.5237821 ], [ 7.0671, 52.5234386 ], [ 7.0673892, 52.523293199999983 ], [ 7.0674806, 52.5232473 ], [ 7.0679186, 52.5231011 ], [ 7.068103, 52.5230576 ], [ 7.0685136, 52.5230275 ], [ 7.0691551, 52.522950599999987 ], [ 7.0702943, 52.5228442 ], [ 7.0712743, 52.5227378 ], [ 7.0715743, 52.5226392 ], [ 7.072028, 52.5224516 ], [ 7.0724073, 52.522306 ], [ 7.0730097, 52.5221123 ], [ 7.0740461, 52.521944 ], [ 7.074418, 52.5219251 ], [ 7.0747778, 52.5219271 ], [ 7.0755225, 52.5220078 ], [ 7.0758566, 52.5220195 ], [ 7.0762579, 52.5219554 ], [ 7.0766714, 52.521874 ], [ 7.0769451, 52.5217702 ], [ 7.0772666, 52.5216176 ], [ 7.0777067, 52.5213688 ], [ 7.0781292, 52.5211787 ], [ 7.0786983, 52.5210451 ], [ 7.079367, 52.5209173 ], [ 7.0792037, 52.5202512 ], [ 7.0789193, 52.518548 ], [ 7.0765726, 52.5185646 ], [ 7.0757778, 52.518562599999981 ], [ 7.0755433, 52.5186639 ], [ 7.0755175, 52.5185619 ], [ 7.0756061, 52.5183236 ], [ 7.0756856, 52.5179908 ], [ 7.0757513, 52.5178901 ], [ 7.0758794, 52.5178365 ], [ 7.0763145, 52.5177938 ], [ 7.0767087, 52.517596200000014 ], [ 7.0774662, 52.5175128 ], [ 7.0787625, 52.5174079 ], [ 7.0789727, 52.5173772 ], [ 7.0815778, 52.517202 ], [ 7.0817844, 52.51760010000001 ], [ 7.0823835, 52.5183002 ], [ 7.0830639, 52.5180268 ], [ 7.0831648, 52.517949500000014 ], [ 7.0834213, 52.51791 ], [ 7.0835846, 52.5178127 ], [ 7.0835099, 52.5176917 ], [ 7.0835024, 52.5175508 ], [ 7.0845338, 52.517306399999988 ], [ 7.0848446, 52.517356400000011 ], [ 7.0850039, 52.5172447 ], [ 7.0849287, 52.5171436 ], [ 7.085177, 52.517253 ], [ 7.085735, 52.517328 ], [ 7.0889893, 52.5171746 ], [ 7.0889971, 52.517237 ], [ 7.0890376, 52.5174113 ], [ 7.0890162, 52.5176379 ], [ 7.0889556, 52.5178356 ], [ 7.0888338, 52.5180803 ], [ 7.0882002, 52.519107600000012 ], [ 7.0882804, 52.5191274 ], [ 7.0883148, 52.5192674 ], [ 7.088758, 52.519788199999986 ], [ 7.0895092, 52.5197086 ], [ 7.0897983, 52.5196179 ], [ 7.0897591, 52.519999199999987 ], [ 7.0895768, 52.5205986 ], [ 7.0888628, 52.5248696 ], [ 7.0887374, 52.5257091 ], [ 7.0884188, 52.5267858 ], [ 7.0847258, 52.5394139 ], [ 7.0846177, 52.5396902 ], [ 7.0844869, 52.5401517 ], [ 7.0843377, 52.5406216 ], [ 7.0839616, 52.541845099999989 ], [ 7.0836944, 52.5427685 ], [ 7.0862999, 52.5468496 ], [ 7.0864717, 52.5471149 ], [ 7.0871258, 52.5482448 ], [ 7.0873305, 52.5485135 ], [ 7.0877509, 52.5492324 ], [ 7.0878862, 52.5494746 ], [ 7.0958554, 52.562174299999988 ], [ 7.0963187, 52.5628949 ], [ 7.1005469, 52.5687017 ], [ 7.1007454, 52.568922 ], [ 7.1027489, 52.5716715 ], [ 7.103223, 52.5723237 ], [ 7.1036623, 52.5729284 ], [ 7.1042013, 52.572993 ], [ 7.1077536, 52.573412 ], [ 7.1077452, 52.5734933 ], [ 7.1077999, 52.573981 ], [ 7.1083066, 52.5792259 ], [ 7.1085531, 52.5815001 ], [ 7.108944, 52.5850478 ], [ 7.1089548, 52.5851458 ], [ 7.1091521, 52.586933 ], [ 7.1091574, 52.5869817 ], [ 7.1093964, 52.5892029 ], [ 7.1086269, 52.5892805 ], [ 7.1034201, 52.5898003 ], [ 7.1034082, 52.5901008 ], [ 7.0971597, 52.5916258 ], [ 7.0972341, 52.5902227 ], [ 7.0963252, 52.5901974 ], [ 7.0963117, 52.5903688 ], [ 7.0937859, 52.591257 ], [ 7.0917226, 52.5929907 ], [ 7.0902263, 52.5929442 ], [ 7.0901451, 52.594234 ], [ 7.0882112, 52.5949616 ], [ 7.0873196, 52.5952435 ], [ 7.0853188, 52.5959531 ], [ 7.0830708, 52.5969505 ], [ 7.0826012, 52.5971543 ], [ 7.0813493, 52.5980871 ], [ 7.0799276, 52.59924 ], [ 7.0792637, 52.5997493 ], [ 7.0778948, 52.6006383 ], [ 7.077226, 52.6010773 ], [ 7.075885, 52.6019572 ], [ 7.0757822, 52.602071 ], [ 7.0756737, 52.6021469 ], [ 7.0756058, 52.6021945 ], [ 7.0753128, 52.6023997 ], [ 7.0727391, 52.6041483 ], [ 7.0725361, 52.6042343 ], [ 7.0722115, 52.6043017 ], [ 7.0703603, 52.6046276 ], [ 7.0695544, 52.6047743 ], [ 7.0692942, 52.6048 ], [ 7.0666897, 52.604886 ], [ 7.0666843, 52.6050963 ], [ 7.0657733, 52.6051686 ], [ 7.0657646, 52.6051951 ], [ 7.0648269, 52.6052618 ], [ 7.0621657, 52.6054691 ], [ 7.0603537, 52.605594 ], [ 7.0562282, 52.6059471 ], [ 7.0512637, 52.6063102 ], [ 7.0487668, 52.6065072 ], [ 7.0487539, 52.6027348 ], [ 7.0486769, 52.5992517 ], [ 7.0453388, 52.5970645 ], [ 7.0417881, 52.5947025 ], [ 7.0416612, 52.5946145 ], [ 7.0405638, 52.5938842 ], [ 7.0393122, 52.5930537 ], [ 7.038888, 52.5927724 ], [ 7.0384561, 52.592485599999989 ], [ 7.0370208, 52.5915319 ], [ 7.0358326, 52.5907698 ], [ 7.0328866, 52.588776499999987 ], [ 7.0210232, 52.5806331 ], [ 7.0168768, 52.5777656 ], [ 7.0140947, 52.5758413 ], [ 7.0140001, 52.5757758 ], [ 7.0138091, 52.5756453 ], [ 7.0136685, 52.5755506 ], [ 7.0136146, 52.575512399999987 ], [ 7.0132628, 52.5752638 ], [ 7.0107317, 52.5735642 ], [ 7.0109136, 52.573075 ], [ 7.0114357, 52.571959100000015 ], [ 7.0115383, 52.571734899999988 ], [ 7.0118523, 52.5710476 ], [ 7.0119346, 52.5708763 ], [ 7.0125112, 52.5695807 ], [ 7.013122, 52.5682952 ], [ 7.0137164, 52.5670177 ], [ 7.0148967, 52.5644591 ], [ 7.0150698, 52.564086 ], [ 7.0152664, 52.563677 ], [ 7.0142333, 52.5635101 ], [ 7.0133898, 52.5634057 ], [ 7.0128377, 52.563098 ], [ 7.0115044, 52.5626524 ], [ 7.0080684, 52.5616574 ], [ 7.0080764, 52.5615476 ], [ 7.0079587, 52.5613249 ], [ 7.0077633, 52.5611373 ], [ 7.0075906, 52.5609303 ], [ 7.0070752, 52.560258 ], [ 7.0068605, 52.5600667 ], [ 7.0068003, 52.5599177 ], [ 7.006499, 52.5598095 ], [ 7.0062365, 52.559395800000011 ], [ 7.0058206, 52.559634800000012 ], [ 7.0048877, 52.5600811 ], [ 7.0042901, 52.5602386 ], [ 7.0037041, 52.5604276 ], [ 7.0025417, 52.5607533 ], [ 7.0020088, 52.5609249 ], [ 7.0012221, 52.5611541 ], [ 7.000744, 52.5612781 ], [ 7.0006303, 52.5613165 ], [ 7.0001746, 52.5614274 ], [ 6.9997771, 52.5615382 ], [ 6.9994078, 52.5616521 ], [ 6.9990487, 52.5618173 ], [ 6.9986841, 52.5619999 ], [ 6.9984656, 52.5621586 ], [ 6.9979143, 52.5626422 ], [ 6.9977665, 52.5625943 ], [ 6.9974389, 52.5625559 ], [ 6.9971236, 52.5622691 ], [ 6.9966718, 52.5618917 ], [ 6.9951041, 52.561688600000011 ], [ 6.9938419, 52.5616263 ], [ 6.9938021, 52.561706500000014 ], [ 6.9935547, 52.5618739 ], [ 6.9929462, 52.5623629 ], [ 6.9926757, 52.5625744 ], [ 6.9923075, 52.5628904 ], [ 6.9919216, 52.5631562 ], [ 6.9917608, 52.5632447 ], [ 6.9904852, 52.5627138 ], [ 6.9912252, 52.5617708 ], [ 6.9915383, 52.5614279 ], [ 6.9915367, 52.5612914 ], [ 6.9918881, 52.5602974 ], [ 6.9921518, 52.5598852 ], [ 6.9913561, 52.5596148 ], [ 6.9916768, 52.5592598 ], [ 6.9924479, 52.5595548 ], [ 6.9930436, 52.559076 ], [ 6.9929916, 52.5590037 ], [ 6.9929953, 52.5589252 ], [ 6.9934696, 52.5584093 ], [ 6.9926541, 52.5578802 ], [ 6.99233, 52.557525 ], [ 6.9923662, 52.557340400000015 ], [ 6.9924061, 52.5570543 ], [ 6.9924915, 52.5568777 ], [ 6.9915803, 52.5567184 ], [ 6.9908229, 52.5566032 ], [ 6.9873982, 52.5559565 ], [ 6.9870874, 52.5558958 ], [ 6.9841884, 52.5553679 ], [ 6.9831301, 52.5551759 ], [ 6.9805224, 52.5546959 ], [ 6.9778558, 52.5542285 ], [ 6.9778599, 52.5542073 ], [ 6.9739176, 52.5535422 ], [ 6.9737215, 52.5535179 ], [ 6.9726982, 52.5533185 ], [ 6.9701442, 52.5528828 ], [ 6.9689249, 52.5525914 ], [ 6.9684591, 52.5525112 ], [ 6.9677295, 52.5523519 ], [ 6.9665668, 52.5522867 ], [ 6.9664478, 52.5523343 ], [ 6.9658994, 52.5535797 ], [ 6.965956, 52.5535997 ], [ 6.9654943, 52.5541321 ], [ 6.9650194, 52.5540192 ], [ 6.9651861, 52.553791 ], [ 6.9638202, 52.5534686 ], [ 6.9630647, 52.5532902 ], [ 6.9625064, 52.5535866 ], [ 6.9623722, 52.55362 ], [ 6.9620399, 52.5536309 ], [ 6.961971, 52.5536012 ], [ 6.9615457, 52.5530467 ], [ 6.9610277, 52.5531451 ], [ 6.9604725, 52.5533493 ], [ 6.960412, 52.5533717 ], [ 6.9604496, 52.5535012 ], [ 6.9608078, 52.5540236 ], [ 6.9611521, 52.5544448 ], [ 6.961214, 52.5545355 ], [ 6.9612146, 52.5545945 ], [ 6.9607198, 52.5546564 ], [ 6.9601988, 52.5547839 ], [ 6.9600733, 52.5547961 ], [ 6.9599751, 52.5547254 ], [ 6.959973, 52.5545184 ], [ 6.959104, 52.554471 ], [ 6.9588936, 52.5544754 ], [ 6.9586621, 52.5544801 ], [ 6.957358, 52.5544517 ], [ 6.9540951, 52.5543803 ], [ 6.9533642, 52.554364299999989 ], [ 6.9532783, 52.554365 ], [ 6.9531993, 52.5543656 ], [ 6.9514923, 52.5543368 ], [ 6.9512877, 52.5543145 ], [ 6.951012, 52.5543162 ], [ 6.9511953, 52.553986200000011 ], [ 6.9511953, 52.5539515 ], [ 6.951195, 52.5536575 ], [ 6.951083, 52.553360399999988 ], [ 6.9507609, 52.5530693 ], [ 6.9503413, 52.552856299999981 ], [ 6.9497839, 52.5526969 ], [ 6.9491077, 52.5525871 ], [ 6.9463261, 52.5522723 ], [ 6.9459178, 52.5522009 ], [ 6.9455199, 52.5520818 ], [ 6.9452807, 52.5519346 ], [ 6.9449784, 52.552074 ], [ 6.9440971, 52.5519118 ], [ 6.9437844, 52.5518002 ], [ 6.943585, 52.5516929 ], [ 6.9434389, 52.5513934 ], [ 6.9432571, 52.5511809 ], [ 6.9429709, 52.5506715 ], [ 6.9428466, 52.5505672 ], [ 6.9468627, 52.5459515 ], [ 6.9469169, 52.5445475 ], [ 6.9469999, 52.5445582 ], [ 6.9487651, 52.5418463 ], [ 6.9482943, 52.5417194 ], [ 6.9482307, 52.541648 ], [ 6.9486826, 52.5412799 ], [ 6.9498573, 52.5405992 ], [ 6.9503475, 52.5402 ], [ 6.9504775, 52.5400774 ], [ 6.9505807, 52.5398512 ], [ 6.9505384, 52.5398034 ], [ 6.9500044, 52.5392816 ], [ 6.9489121, 52.5378413 ], [ 6.9531081, 52.537462599999984 ], [ 6.9531435, 52.5372538 ], [ 6.9530979, 52.5370077 ], [ 6.9529175, 52.5367618 ], [ 6.9526699, 52.5365234 ], [ 6.952236, 52.53632240000001 ], [ 6.9518429, 52.5362143 ], [ 6.9512869, 52.5360934 ], [ 6.9510034, 52.5359925 ], [ 6.9508213, 52.535866 ], [ 6.9506119, 52.5356015 ], [ 6.9505344, 52.5352673 ], [ 6.9506421, 52.5349276 ], [ 6.9507659, 52.5347474 ], [ 6.9510182, 52.534611 ], [ 6.9530495, 52.5338607 ], [ 6.9535266, 52.5336393 ], [ 6.9538349, 52.5333792 ], [ 6.953937, 52.5332198 ], [ 6.9543799, 52.532181199999989 ], [ 6.9543428, 52.5318766 ], [ 6.954213, 52.5316125 ], [ 6.9539565, 52.5314268 ], [ 6.9538928, 52.5313806 ], [ 6.9534503, 52.5312124 ], [ 6.9530448, 52.531140799999989 ], [ 6.9525867, 52.5311725 ], [ 6.9513857, 52.5313161 ], [ 6.9511465, 52.5313205 ], [ 6.9508755, 52.5312707 ], [ 6.9504767, 52.5311247 ], [ 6.9502033, 52.5309789 ], [ 6.9499683, 52.5307925 ], [ 6.9498713, 52.530589 ], [ 6.9498395, 52.5302848 ], [ 6.9502841, 52.529473 ], [ 6.9502854, 52.5292296 ], [ 6.9502053, 52.5290178 ], [ 6.9497052, 52.5280347 ], [ 6.9497165, 52.5277629 ], [ 6.9498187, 52.5275403 ], [ 6.9501488, 52.5272176 ], [ 6.9505978, 52.5269782 ], [ 6.9510095, 52.5268692 ], [ 6.9521539, 52.5268204 ], [ 6.9525123, 52.5267693 ], [ 6.9527443, 52.5266787 ], [ 6.9529019, 52.5266171 ], [ 6.953188, 52.5263787 ], [ 6.9533513, 52.5260401 ], [ 6.9535398, 52.5251494 ], [ 6.9535471, 52.5247974 ], [ 6.9534898, 52.5245861 ], [ 6.9531504, 52.5242392 ], [ 6.9521893, 52.5233838 ], [ 6.952029, 52.5231963 ], [ 6.9513442, 52.521877099999983 ], [ 6.9511987, 52.5212085 ], [ 6.9511539, 52.520257 ], [ 6.951268, 52.5197161 ], [ 6.951391, 52.51938530000001 ], [ 6.9517558, 52.5186609 ], [ 6.9520295, 52.5182657 ], [ 6.9516981, 52.5181963 ], [ 6.9516383, 52.5182977 ], [ 6.9510517, 52.5181372 ], [ 6.9471911, 52.5178254 ], [ 6.9474153, 52.5172716 ], [ 6.9477438, 52.5163063 ], [ 6.9411631, 52.5152974 ], [ 6.9412399, 52.5151485 ], [ 6.9413339, 52.5150225 ], [ 6.9413523, 52.5149984 ], [ 6.9416014, 52.5147048 ], [ 6.9411303, 52.5146426 ], [ 6.9400308, 52.514121800000012 ], [ 6.9391827, 52.5140121 ], [ 6.9394692, 52.5136124 ], [ 6.9393733, 52.5134843 ], [ 6.9374879, 52.5127794 ], [ 6.9373664, 52.5128241 ], [ 6.9363457, 52.5124884 ], [ 6.9367075, 52.5124092 ], [ 6.9377041, 52.5111056 ], [ 6.9360337, 52.5105203 ], [ 6.9344994, 52.5103032 ], [ 6.9345197, 52.5102477 ], [ 6.9342405, 52.5102537 ], [ 6.9343406, 52.5102027 ], [ 6.9339966, 52.5098069 ], [ 6.9312684, 52.5070271 ], [ 6.9305302, 52.5062449 ], [ 6.9299764, 52.5056675 ], [ 6.9295547, 52.5055171 ], [ 6.9219991, 52.5029329 ], [ 6.9179025, 52.5014776 ], [ 6.9184881, 52.5000017 ], [ 6.9185612, 52.4998175 ], [ 6.9186804, 52.4995171 ], [ 6.9191982, 52.4982118 ], [ 6.9209751, 52.4937101 ], [ 6.9217096, 52.4910787 ], [ 6.9220979, 52.489742 ], [ 6.9221046, 52.4896951 ], [ 6.9224905, 52.488336900000014 ], [ 6.9228466, 52.4871167 ], [ 6.9230062, 52.486509599999984 ], [ 6.9232543, 52.4857103 ], [ 6.9233691, 52.4852529 ], [ 6.9236272, 52.4843577 ], [ 6.9239806, 52.4830861 ], [ 6.9240622, 52.4828195 ], [ 6.9264913, 52.4829007 ], [ 6.932896, 52.4833395 ], [ 6.9330887, 52.4833534 ], [ 6.9340248, 52.4834075 ], [ 6.9357053, 52.4832336 ], [ 6.9387162, 52.4829756 ], [ 6.9411703, 52.4827648 ], [ 6.9423285, 52.4826313 ], [ 6.945732, 52.482316799999985 ], [ 6.9460557, 52.4822715 ], [ 6.9463169, 52.482257499999989 ], [ 6.9474669, 52.4821515 ], [ 6.9477483, 52.482165 ], [ 6.9484558, 52.482146 ], [ 6.9517941, 52.4820502 ], [ 6.9519851, 52.4820456 ], [ 6.9544405, 52.4819705 ], [ 6.9551734, 52.481926599999987 ], [ 6.9552937, 52.4819533 ], [ 6.9624905, 52.4817644 ], [ 6.9642186, 52.4816624 ], [ 6.9659365, 52.4815723 ], [ 6.9662219, 52.4811734 ], [ 6.9664304, 52.4808361 ], [ 6.966484, 52.4806637 ], [ 6.9664567, 52.4805622 ], [ 6.9662209, 52.4803515 ], [ 6.9661248, 52.480219899999987 ], [ 6.9661025, 52.4800256 ], [ 6.9661295, 52.4799458 ], [ 6.966, 52.479833299999989 ], [ 6.9654615, 52.479364799999985 ], [ 6.9643387, 52.4792203 ], [ 6.9641219, 52.4787999 ], [ 6.9642495, 52.4792075 ], [ 6.9582417, 52.4783429 ], [ 6.9580872, 52.478277500000011 ], [ 6.9578054, 52.4780886 ], [ 6.957659, 52.4779339 ], [ 6.9572867, 52.477342499999985 ], [ 6.9572583, 52.4772879 ], [ 6.9572071, 52.477208200000014 ], [ 6.9569491, 52.4768064 ], [ 6.9568335, 52.4766138 ], [ 6.9559033, 52.4751259 ], [ 6.9551537, 52.4739215 ], [ 6.9551051, 52.4738417 ], [ 6.9550525, 52.4737595 ], [ 6.9549191, 52.4735504 ], [ 6.9548537, 52.4734479 ], [ 6.9547673, 52.4733091 ], [ 6.9542069, 52.4723693 ], [ 6.9541151, 52.472258 ], [ 6.9516257, 52.4682969 ], [ 6.9511881, 52.4675949 ], [ 6.9504963, 52.4665074 ], [ 6.9504412, 52.4664518 ], [ 6.9503218, 52.4664741 ], [ 6.9484312, 52.466684 ], [ 6.9464718, 52.466915899999982 ], [ 6.9464125, 52.4669212 ], [ 6.9463504, 52.4669267 ], [ 6.9444504, 52.467159 ], [ 6.9421927, 52.4611553 ], [ 6.9421784, 52.4611141 ], [ 6.944588, 52.461118 ], [ 6.9450406, 52.461119 ], [ 6.9470165, 52.4611232 ], [ 6.9463942, 52.4601327 ], [ 6.9453199, 52.458423499999988 ], [ 6.9452017, 52.4582584 ], [ 6.9434967, 52.4584787 ], [ 6.9432483, 52.4585182 ], [ 6.9430302, 52.4585467 ], [ 6.9417753, 52.4587104 ], [ 6.9409742, 52.4588186 ], [ 6.940759, 52.4588866 ], [ 6.9410651, 52.4579474 ], [ 6.9412688, 52.457702 ], [ 6.9450153, 52.4532659 ], [ 6.9450927, 52.4531809 ], [ 6.9472419, 52.4524895 ], [ 6.9489348, 52.4519294 ], [ 6.9545193, 52.4501295 ], [ 6.9550485, 52.4503269 ], [ 6.9549617, 52.4501021 ], [ 6.9549517, 52.449908699999988 ], [ 6.9550086, 52.4486055 ], [ 6.9551379, 52.4474854 ], [ 6.9551634, 52.4471578 ], [ 6.9550957, 52.4469853 ], [ 6.9549481, 52.4467977 ], [ 6.954859, 52.4467209 ], [ 6.9546194, 52.4465872 ], [ 6.9536082, 52.446056199999987 ], [ 6.9529368, 52.4455687 ], [ 6.9509499, 52.4438983 ], [ 6.9504655, 52.4433411 ], [ 6.9500928, 52.443032800000012 ], [ 6.9491197, 52.4423611 ], [ 6.9489649, 52.4421449 ], [ 6.9489415, 52.4420548 ], [ 6.9490499, 52.4400728 ], [ 6.9490721, 52.4396672 ], [ 6.9489721, 52.4393883 ], [ 6.9475829, 52.4374747 ], [ 6.9472834, 52.436935 ], [ 6.9473036, 52.4366236 ], [ 6.9475281, 52.4367432 ], [ 6.9476116, 52.4367877 ], [ 6.9499017, 52.438008 ], [ 6.9502322, 52.4381842 ], [ 6.9505329, 52.4383443 ], [ 6.950826, 52.4384998 ], [ 6.9511003, 52.4386467 ], [ 6.9519705, 52.4391103 ], [ 6.9520635, 52.4391599 ], [ 6.9521096, 52.4391845 ], [ 6.9554493, 52.440965 ], [ 6.9557898, 52.4411485 ], [ 6.9573475, 52.4419896 ], [ 6.9580776, 52.44238390000001 ], [ 6.9581385, 52.4424168 ], [ 6.9582406, 52.442472 ], [ 6.9589599, 52.44286 ], [ 6.9590217, 52.4428897 ], [ 6.9590651, 52.4429167 ], [ 6.9593388, 52.4430644 ], [ 6.960776, 52.4438397 ], [ 6.9608532, 52.4438779 ], [ 6.9608842, 52.443898 ], [ 6.9609517, 52.4439345 ], [ 6.9610582, 52.4439919 ], [ 6.9613355, 52.4438288 ], [ 6.9615766, 52.4437688 ], [ 6.9616066, 52.4437085 ], [ 6.9617842, 52.4436296 ], [ 6.9621865, 52.4439906 ], [ 6.9620207, 52.4441418 ], [ 6.9622091, 52.4442507 ], [ 6.961952, 52.444622 ], [ 6.9624531, 52.4451592 ], [ 6.9624773, 52.4451855 ], [ 6.962852, 52.4455868 ], [ 6.9629779, 52.4457217 ], [ 6.9632567, 52.4460189 ], [ 6.9633595, 52.4461273 ], [ 6.9634821, 52.4462618 ], [ 6.9637023, 52.4464977 ], [ 6.9637833, 52.4465847 ], [ 6.9638993, 52.4467095 ], [ 6.9639376, 52.4467505 ], [ 6.9641817, 52.4470121 ], [ 6.9641975, 52.4470288 ], [ 6.9642262, 52.4470594 ], [ 6.9648674, 52.4477398 ], [ 6.9651457, 52.448035199999985 ], [ 6.9655177, 52.4484299 ], [ 6.9657034, 52.4486269 ], [ 6.9663415, 52.4493041 ], [ 6.9668852, 52.4498794 ], [ 6.9669303, 52.449929 ], [ 6.9669489, 52.4499566 ], [ 6.9669536, 52.4499636 ], [ 6.9676011, 52.4509279 ], [ 6.9677943, 52.4512157 ], [ 6.968058, 52.451608400000012 ], [ 6.9686484, 52.4524877 ], [ 6.9686522, 52.4524933 ], [ 6.9687421, 52.4526272 ], [ 6.9687571, 52.4526496 ], [ 6.969347, 52.4535281 ], [ 6.9693716, 52.4535646 ], [ 6.9694989, 52.4537542 ], [ 6.9695248, 52.453792799999988 ], [ 6.9697428, 52.45412 ], [ 6.969958, 52.4544379 ], [ 6.969981, 52.4544721 ], [ 6.9700471, 52.454558 ], [ 6.9700765, 52.4545962 ], [ 6.9705734, 52.455242 ], [ 6.9707507, 52.4554467 ], [ 6.9707555, 52.455452199999982 ], [ 6.9707768, 52.455476 ], [ 6.9708667, 52.4555806 ], [ 6.9712658, 52.4560412 ], [ 6.9713962, 52.4561917 ], [ 6.9718712, 52.45674 ], [ 6.9719809, 52.4568666 ], [ 6.9723352, 52.4572755 ], [ 6.9724135, 52.4573658 ], [ 6.9724362, 52.457392 ], [ 6.9724493, 52.4574072 ], [ 6.9724744, 52.457436199999982 ], [ 6.9724838, 52.457447 ], [ 6.9732448, 52.4583253 ], [ 6.9734503, 52.4585626 ], [ 6.9734772, 52.4585936 ], [ 6.9735099, 52.4586313 ], [ 6.9735723, 52.4587079 ], [ 6.973608, 52.458744599999989 ], [ 6.9736167, 52.4587545 ], [ 6.9736481, 52.4587909 ], [ 6.9736933, 52.458843 ], [ 6.9737008, 52.4588517 ], [ 6.9741077, 52.4593212 ], [ 6.9744498, 52.459716 ], [ 6.9745996, 52.460007800000014 ], [ 6.9747952, 52.4603885 ], [ 6.9750449, 52.4608747 ], [ 6.9751869, 52.4611512 ], [ 6.9752623, 52.4612979 ], [ 6.9753107, 52.4613922 ], [ 6.9753395, 52.4614484 ], [ 6.9753795, 52.4615261 ], [ 6.9755888, 52.4619336 ], [ 6.9756621, 52.4620762 ], [ 6.9756943, 52.4621312 ], [ 6.9757258, 52.4622002 ], [ 6.9757356, 52.4622192 ], [ 6.9760871, 52.4629034 ], [ 6.9760163, 52.4629626 ], [ 6.976, 52.4630396 ], [ 6.9760759, 52.463151700000012 ], [ 6.9761975, 52.4631198 ], [ 6.9766636, 52.4640138 ], [ 6.9767251, 52.4641318 ], [ 6.976738, 52.4641565 ], [ 6.9767436, 52.4641673 ], [ 6.9767566, 52.4641923 ], [ 6.9767742, 52.464226 ], [ 6.9767898, 52.464255899999984 ], [ 6.9768185, 52.464311 ], [ 6.9774342, 52.465491700000015 ], [ 6.9774942, 52.4656068 ], [ 6.9775278, 52.465608 ], [ 6.9775317, 52.465657 ], [ 6.9775338, 52.4656834 ], [ 6.9782064, 52.4659568 ], [ 6.97861, 52.4661209 ], [ 6.9797343, 52.4665779 ], [ 6.981808, 52.4674208 ], [ 6.9818725, 52.467447 ], [ 6.9820671, 52.4675261 ], [ 6.9830147, 52.4679093 ], [ 6.9830849, 52.4679377 ], [ 6.9835454, 52.468124 ], [ 6.9850006, 52.4687125 ], [ 6.9868924, 52.4694779 ], [ 6.9876122, 52.4697686 ], [ 6.9882183, 52.4694218 ], [ 6.989387, 52.4687559 ], [ 6.9902527, 52.4682581 ], [ 6.9917995, 52.4673732 ], [ 6.9918288, 52.4673556 ], [ 6.9924421, 52.4668056 ], [ 6.9938342, 52.4655556 ], [ 6.9939102, 52.4654884 ], [ 6.9940258, 52.4649082 ], [ 6.9940869, 52.4646277 ], [ 6.9944977, 52.4625389 ], [ 6.994509, 52.4624942 ], [ 6.9945116, 52.4624687 ], [ 6.9945789, 52.4621296 ], [ 6.9966047, 52.4593714 ], [ 6.9985426, 52.456733299999982 ], [ 6.998625, 52.4566193 ], [ 6.9989649, 52.456158499999987 ], [ 6.9998494, 52.4568992 ], [ 7.0001353, 52.4571363 ], [ 7.0015476, 52.4583067 ], [ 7.0101962, 52.4654901 ], [ 7.0118745, 52.4669328 ], [ 7.0123628, 52.4673062 ], [ 7.0126812, 52.468032400000013 ], [ 7.0128693, 52.4680859 ], [ 7.0132263, 52.468909600000011 ], [ 7.0135126, 52.4690973 ], [ 7.0133362, 52.4696815 ], [ 7.0132971, 52.4705655 ], [ 7.0134097, 52.47110820000001 ], [ 7.0136341, 52.471811399999986 ], [ 7.014045, 52.4728232 ], [ 7.0142032, 52.4730458 ], [ 7.0141202, 52.4732895 ], [ 7.0135165, 52.4743459 ], [ 7.0127145, 52.4755558 ], [ 7.0146171, 52.4767357 ], [ 7.0142836, 52.476802799999987 ], [ 7.0139613, 52.4769002 ], [ 7.0137736, 52.4771411 ], [ 7.0137773, 52.4773602 ], [ 7.0138476, 52.4774949 ], [ 7.0140227, 52.4776653 ], [ 7.0142535, 52.4777889 ], [ 7.0145041, 52.4779275 ], [ 7.0145696, 52.4780413 ], [ 7.0152766, 52.4789541 ], [ 7.0155261, 52.4793634 ], [ 7.0166942, 52.4810036 ], [ 7.016839, 52.4813492 ], [ 7.0167652, 52.4815197 ], [ 7.0159293, 52.4820367 ], [ 7.0156097, 52.4821695 ], [ 7.0152985, 52.4821691 ], [ 7.0147966, 52.4820902 ], [ 7.0142528, 52.4821017 ], [ 7.0139046, 52.4821398 ], [ 7.0136541, 52.4821911 ], [ 7.0133345, 52.4823749 ], [ 7.013353, 52.4827343 ], [ 7.0133201, 52.4828123 ], [ 7.0132137, 52.482947 ], [ 7.0131021, 52.4830093 ], [ 7.0130112, 52.483018099999988 ], [ 7.0127226, 52.483046 ], [ 7.012584, 52.4830561 ], [ 7.0123161, 52.4831825 ], [ 7.0121415, 52.4833431 ], [ 7.0121971, 52.4833671 ], [ 7.0122523, 52.4833909 ], [ 7.0122992, 52.4834182 ], [ 7.0123979, 52.4834757 ], [ 7.0124206, 52.4834889 ], [ 7.0125398, 52.4835584 ], [ 7.0126105, 52.4836604 ], [ 7.0130142, 52.4839441 ], [ 7.0128364, 52.4844284 ], [ 7.0128912, 52.4846403 ], [ 7.0129014, 52.4846796 ], [ 7.0126699, 52.4852082 ], [ 7.0125095, 52.4852679 ], [ 7.012026, 52.4854169 ], [ 7.0119244, 52.4853805 ], [ 7.0118384, 52.485408 ], [ 7.0117974, 52.4854874 ], [ 7.011892, 52.4855591 ], [ 7.0118805, 52.4855923 ], [ 7.0111992, 52.4855489 ], [ 7.0112741, 52.4863036 ], [ 7.0119475, 52.4870705 ], [ 7.0115786, 52.4879696 ], [ 7.0110522, 52.488667199999988 ], [ 7.0109971, 52.4887302 ], [ 7.011033, 52.48997390000001 ], [ 7.0109348, 52.4901178 ], [ 7.0106189, 52.4902936 ], [ 7.0093612, 52.4907879 ], [ 7.0092175, 52.4908626 ], [ 7.0088579, 52.491162 ], [ 7.008441, 52.491486099999989 ], [ 7.0083759, 52.4915821 ], [ 7.0082109, 52.4927556 ], [ 7.0083173, 52.4927745 ], [ 7.0082471, 52.493212 ], [ 7.008925, 52.493507 ], [ 7.008813, 52.4937078 ], [ 7.0086914, 52.4941225 ], [ 7.0087659, 52.4945569 ], [ 7.0091373, 52.4945647 ], [ 7.0093726, 52.4947118 ], [ 7.0095518, 52.4949377 ], [ 7.0100282, 52.4951644 ], [ 7.0106944, 52.4956846 ], [ 7.0108983, 52.4958931 ], [ 7.0109985, 52.4959405 ], [ 7.0111278, 52.4959487 ], [ 7.0112713, 52.4960646 ], [ 7.0118763, 52.4961999 ], [ 7.0124806, 52.4963209 ], [ 7.0131912, 52.4966069 ], [ 7.0142866, 52.4968697 ], [ 7.0144694, 52.4969483 ], [ 7.0153178, 52.497296 ], [ 7.0156637, 52.497375500000011 ], [ 7.016057, 52.4973668 ], [ 7.0160969, 52.4974512 ], [ 7.0161159, 52.4977218 ], [ 7.0162348, 52.4977124 ], [ 7.0162397, 52.4982363 ], [ 7.01666, 52.498590799999988 ] ] ] } },
{ "type": "Feature", "properties": { "krebsgebiet": "Nordhorn, Stadt" }, "geometry": { "type": "Polygon", "coordinates": [ [ [ 7.0740461, 52.521944 ], [ 7.0730097, 52.5221123 ], [ 7.0724073, 52.522306 ], [ 7.072028, 52.5224516 ], [ 7.0715743, 52.5226392 ], [ 7.0712743, 52.5227378 ], [ 7.0702943, 52.5228442 ], [ 7.0691551, 52.522950599999987 ], [ 7.0685136, 52.5230275 ], [ 7.068103, 52.5230576 ], [ 7.0679186, 52.5231011 ], [ 7.0674806, 52.5232473 ], [ 7.0673892, 52.523293199999983 ], [ 7.0671, 52.5234386 ], [ 7.0666249, 52.5237821 ], [ 7.0660311, 52.52418 ], [ 7.0657351, 52.5244583 ], [ 7.0655631, 52.5248295 ], [ 7.0654587, 52.5251956 ], [ 7.0652585, 52.5253762 ], [ 7.0652004, 52.5255358 ], [ 7.0644574, 52.5262277 ], [ 7.0642203, 52.5264007 ], [ 7.0635968, 52.526741 ], [ 7.0630474, 52.5269881 ], [ 7.0616412, 52.52751 ], [ 7.0585134, 52.5270128 ], [ 7.0566609, 52.5267151 ], [ 7.0565732, 52.5266754 ], [ 7.0577124, 52.5249396 ], [ 7.0574519, 52.5248857 ], [ 7.0570295, 52.5247515 ], [ 7.0560198, 52.5244953 ], [ 7.0555976, 52.5244414 ], [ 7.0521125, 52.5235229 ], [ 7.0515755, 52.5233711 ], [ 7.0486534, 52.5225451 ], [ 7.0503704, 52.5213212 ], [ 7.047257, 52.5198274 ], [ 7.0456727, 52.5210181 ], [ 7.0443932, 52.5203271 ], [ 7.0435793, 52.5207984 ], [ 7.0434712, 52.5208532 ], [ 7.0428543, 52.5206825 ], [ 7.0418827, 52.5209788 ], [ 7.0417038, 52.520967399999982 ], [ 7.0407269, 52.5208459 ], [ 7.0406436, 52.5209428 ], [ 7.0401574, 52.5209607 ], [ 7.040231, 52.520854799999988 ], [ 7.0402182, 52.5207751 ], [ 7.0397907, 52.5200717 ], [ 7.0395986, 52.5199452 ], [ 7.0388927, 52.5197287 ], [ 7.0388502, 52.519852 ], [ 7.0384659, 52.5201874 ], [ 7.0381762, 52.520365 ], [ 7.0381098, 52.5204374 ], [ 7.0379936, 52.5204395 ], [ 7.0369224, 52.5199745 ], [ 7.0363135, 52.5197218 ], [ 7.0362235, 52.5196313 ], [ 7.0362919, 52.519507299999987 ], [ 7.0366572, 52.5193611 ], [ 7.0368331, 52.5192641 ], [ 7.0372517, 52.5191473 ], [ 7.0379298, 52.5190706 ], [ 7.0379673, 52.5189308 ], [ 7.0379303, 52.518885 ], [ 7.0366205, 52.5191345 ], [ 7.0365026, 52.5190683 ], [ 7.0366087, 52.51895110000001 ], [ 7.0366211, 52.5187245 ], [ 7.036695, 52.5186004 ], [ 7.0365773, 52.5184614 ], [ 7.0365338, 52.5182279 ], [ 7.036392, 52.517876 ], [ 7.0363267, 52.5173596 ], [ 7.0363941, 52.5169891 ], [ 7.0362293, 52.5165997 ], [ 7.0359658, 52.5160989 ], [ 7.0360965, 52.515827 ], [ 7.0360735, 52.5153623 ], [ 7.0353812, 52.5153584 ], [ 7.0352297, 52.5152569 ], [ 7.0349907, 52.5153086 ], [ 7.034798, 52.515284 ], [ 7.0347276, 52.5151472 ], [ 7.0346371, 52.5147294 ], [ 7.0347885, 52.5144821 ], [ 7.0346689, 52.5143659 ], [ 7.0347304, 52.5143299 ], [ 7.0351, 52.514028 ], [ 7.0351662, 52.5138973 ], [ 7.035193, 52.5137926 ], [ 7.0351336, 52.513578 ], [ 7.0350062, 52.5133231 ], [ 7.0349071, 52.513073 ], [ 7.0348223, 52.5127697 ], [ 7.0348804, 52.5124572 ], [ 7.0344482, 52.5124272 ], [ 7.034157, 52.5125213 ], [ 7.0338144, 52.512282 ], [ 7.0333281, 52.5122573 ], [ 7.0331197, 52.5121181 ], [ 7.0328857, 52.5119555 ], [ 7.0323088, 52.5115076 ], [ 7.032332, 52.5114318 ], [ 7.0325058, 52.5111992 ], [ 7.032039, 52.5110011 ], [ 7.0317937, 52.5111659 ], [ 7.0316645, 52.5110924 ], [ 7.0307528, 52.5107753 ], [ 7.030427, 52.5106888 ], [ 7.0302636, 52.5105933 ], [ 7.0301402, 52.5105627 ], [ 7.0299074, 52.5104494 ], [ 7.0294938, 52.5103364 ], [ 7.0286025, 52.5101588 ], [ 7.0281096, 52.509931699999989 ], [ 7.0280968, 52.5098658 ], [ 7.0282428, 52.5095797 ], [ 7.0282858, 52.5094207 ], [ 7.0271231, 52.5087538 ], [ 7.0269981, 52.5088704 ], [ 7.0269647, 52.50878 ], [ 7.0268864, 52.508743699999989 ], [ 7.0268257, 52.5087625 ], [ 7.0264162, 52.508713 ], [ 7.0251455, 52.5095301 ], [ 7.0249042, 52.5088557 ], [ 7.0248195, 52.5083095 ], [ 7.0248356, 52.5082458 ], [ 7.0249782, 52.5077194 ], [ 7.0250513, 52.5075715 ], [ 7.0250095, 52.5074263 ], [ 7.0250513, 52.5073519 ], [ 7.0250497, 52.5072491 ], [ 7.0249199, 52.5062065 ], [ 7.0248567, 52.505571 ], [ 7.0248256, 52.5054877 ], [ 7.02474, 52.5054334 ], [ 7.0246667, 52.50538670000001 ], [ 7.0231063, 52.5043596 ], [ 7.0229046, 52.5040688 ], [ 7.0227148, 52.5036781 ], [ 7.022565, 52.5032572 ], [ 7.0225713, 52.5031105 ], [ 7.0228308, 52.5016895 ], [ 7.0229052, 52.5015161 ], [ 7.023491, 52.500975 ], [ 7.0232477, 52.5007231 ], [ 7.0219916, 52.5006335 ], [ 7.0215388, 52.5007721 ], [ 7.0208915, 52.4999979 ], [ 7.0201955, 52.4994935 ], [ 7.0196866, 52.4992949 ], [ 7.0193986, 52.4992101 ], [ 7.0187183, 52.4990712 ], [ 7.0181811, 52.4989399 ], [ 7.0173348, 52.4988395 ], [ 7.016913, 52.4986196 ], [ 7.01666, 52.498590799999988 ], [ 7.0162397, 52.4982363 ], [ 7.0162348, 52.4977124 ], [ 7.0161159, 52.4977218 ], [ 7.0160969, 52.4974512 ], [ 7.016057, 52.4973668 ], [ 7.0156637, 52.497375500000011 ], [ 7.0153178, 52.497296 ], [ 7.0144694, 52.4969483 ], [ 7.0142866, 52.4968697 ], [ 7.0131912, 52.4966069 ], [ 7.0124806, 52.4963209 ], [ 7.0118763, 52.4961999 ], [ 7.0112713, 52.4960646 ], [ 7.0111278, 52.4959487 ], [ 7.0109985, 52.4959405 ], [ 7.0108983, 52.4958931 ], [ 7.0106944, 52.4956846 ], [ 7.0100282, 52.4951644 ], [ 7.0095518, 52.4949377 ], [ 7.0093726, 52.4947118 ], [ 7.0091373, 52.4945647 ], [ 7.0087659, 52.4945569 ], [ 7.0086914, 52.4941225 ], [ 7.008813, 52.4937078 ], [ 7.008925, 52.493507 ], [ 7.0082471, 52.493212 ], [ 7.0083173, 52.4927745 ], [ 7.0082109, 52.4927556 ], [ 7.0083759, 52.4915821 ], [ 7.008441, 52.491486099999989 ], [ 7.0088579, 52.491162 ], [ 7.0092175, 52.4908626 ], [ 7.0093612, 52.4907879 ], [ 7.0106189, 52.4902936 ], [ 7.0109348, 52.4901178 ], [ 7.011033, 52.48997390000001 ], [ 7.0109971, 52.4887302 ], [ 7.0110522, 52.488667199999988 ], [ 7.0115786, 52.4879696 ], [ 7.0119475, 52.4870705 ], [ 7.0112741, 52.4863036 ], [ 7.0111992, 52.4855489 ], [ 7.0118805, 52.4855923 ], [ 7.011892, 52.4855591 ], [ 7.0117974, 52.4854874 ], [ 7.0118384, 52.485408 ], [ 7.0119244, 52.4853805 ], [ 7.012026, 52.4854169 ], [ 7.0125095, 52.4852679 ], [ 7.0126699, 52.4852082 ], [ 7.0129014, 52.4846796 ], [ 7.0128912, 52.4846403 ], [ 7.0128364, 52.4844284 ], [ 7.0130142, 52.4839441 ], [ 7.0126105, 52.4836604 ], [ 7.0125398, 52.4835584 ], [ 7.0124206, 52.4834889 ], [ 7.0123979, 52.4834757 ], [ 7.0122992, 52.4834182 ], [ 7.0122523, 52.4833909 ], [ 7.0121971, 52.4833671 ], [ 7.0121415, 52.4833431 ], [ 7.0123161, 52.4831825 ], [ 7.012584, 52.4830561 ], [ 7.0127226, 52.483046 ], [ 7.0130112, 52.483018099999988 ], [ 7.0131021, 52.4830093 ], [ 7.0132137, 52.482947 ], [ 7.0133201, 52.4828123 ], [ 7.013353, 52.4827343 ], [ 7.0133345, 52.4823749 ], [ 7.0136541, 52.4821911 ], [ 7.0139046, 52.4821398 ], [ 7.0142528, 52.4821017 ], [ 7.0147966, 52.4820902 ], [ 7.0152985, 52.4821691 ], [ 7.0156097, 52.4821695 ], [ 7.0159293, 52.4820367 ], [ 7.0167652, 52.4815197 ], [ 7.016839, 52.4813492 ], [ 7.0166942, 52.4810036 ], [ 7.0155261, 52.4793634 ], [ 7.0152766, 52.4789541 ], [ 7.0145696, 52.4780413 ], [ 7.0145041, 52.4779275 ], [ 7.0142535, 52.4777889 ], [ 7.0140227, 52.4776653 ], [ 7.0138476, 52.4774949 ], [ 7.0137773, 52.4773602 ], [ 7.0137736, 52.4771411 ], [ 7.0139613, 52.4769002 ], [ 7.0142836, 52.476802799999987 ], [ 7.0146171, 52.4767357 ], [ 7.0127145, 52.4755558 ], [ 7.0135165, 52.4743459 ], [ 7.0141202, 52.4732895 ], [ 7.0142032, 52.4730458 ], [ 7.014045, 52.4728232 ], [ 7.0136341, 52.471811399999986 ], [ 7.0134097, 52.47110820000001 ], [ 7.0132971, 52.4705655 ], [ 7.0133362, 52.4696815 ], [ 7.0135126, 52.4690973 ], [ 7.0132263, 52.468909600000011 ], [ 7.0128693, 52.4680859 ], [ 7.0126812, 52.468032400000013 ], [ 7.0123628, 52.4673062 ], [ 7.0118745, 52.4669328 ], [ 7.0101962, 52.4654901 ], [ 7.0015476, 52.4583067 ], [ 7.0001353, 52.4571363 ], [ 6.9998494, 52.4568992 ], [ 6.9989649, 52.456158499999987 ], [ 7.000028, 52.4547114 ], [ 7.001101, 52.4527203 ], [ 7.0016636, 52.4516762 ], [ 7.0036475, 52.4479939 ], [ 7.0045419, 52.4463336 ], [ 7.0051075, 52.4452837 ], [ 7.0057964, 52.443329800000015 ], [ 7.0065231, 52.4412685 ], [ 7.0071998, 52.4394354 ], [ 7.0072095, 52.439409100000013 ], [ 7.007936, 52.4374408 ], [ 7.0084168, 52.4360453 ], [ 7.0084481, 52.4359547 ], [ 7.0087438, 52.4350973 ], [ 7.0101075, 52.431143 ], [ 7.0108013, 52.4291305 ], [ 7.0110719, 52.4289818 ], [ 7.0120443, 52.4284476 ], [ 7.0134391, 52.4276813 ], [ 7.014859, 52.4269012 ], [ 7.0166491, 52.425918 ], [ 7.01715, 52.425643 ], [ 7.0181225, 52.4251088 ], [ 7.0198899, 52.4241383 ], [ 7.0219945, 52.4229819 ], [ 7.0221497, 52.4227457 ], [ 7.0229683, 52.421483 ], [ 7.0231151, 52.4212568 ], [ 7.0244142, 52.4192497 ], [ 7.0250165, 52.4183108 ], [ 7.0250355, 52.4182844 ], [ 7.0255961, 52.4174069 ], [ 7.026476, 52.4160352 ], [ 7.0266574, 52.4157523 ], [ 7.0266857, 52.415708 ], [ 7.0267142, 52.4156677 ], [ 7.0270853, 52.4150854 ], [ 7.0272884, 52.4147683 ], [ 7.0280219, 52.4136945 ], [ 7.0280863, 52.4136394 ], [ 7.0280944, 52.4136275 ], [ 7.0281069, 52.41361 ], [ 7.0293071, 52.4118992 ], [ 7.0300895, 52.4107845 ], [ 7.0303695, 52.4103847 ], [ 7.0315044, 52.4087673 ], [ 7.0315045, 52.4087671 ], [ 7.0315166, 52.4087507 ], [ 7.0321826, 52.4078012 ], [ 7.0325104, 52.4073344 ], [ 7.0325849, 52.4072281 ], [ 7.032731, 52.4071524 ], [ 7.0327749, 52.4071225 ], [ 7.032871, 52.4070569 ], [ 7.0330043, 52.4069492 ], [ 7.0331323, 52.4068377 ], [ 7.0332407, 52.4067286 ], [ 7.0333438, 52.406611500000011 ], [ 7.0334354, 52.4064819 ], [ 7.0335161, 52.4063521 ], [ 7.0335466, 52.4062962 ], [ 7.0335877, 52.4062209 ], [ 7.0338076, 52.405757 ], [ 7.0338878, 52.405588 ], [ 7.0341929, 52.4049423 ], [ 7.0342335, 52.4048525 ], [ 7.0345708, 52.4041381 ], [ 7.0346322, 52.4040079 ], [ 7.0346837, 52.4039096 ], [ 7.0347145, 52.403851 ], [ 7.0347266, 52.4038321 ], [ 7.034807, 52.4037064 ], [ 7.0348772, 52.4036232 ], [ 7.034895, 52.4036022 ], [ 7.0350009, 52.4034972 ], [ 7.0350199, 52.4034783 ], [ 7.0350437, 52.4034547 ], [ 7.0351993, 52.4033362 ], [ 7.0352301, 52.4033127 ], [ 7.0352753, 52.4032766 ], [ 7.0353567, 52.403216 ], [ 7.035389, 52.4031913 ], [ 7.0355968, 52.403033 ], [ 7.0359119, 52.4027759 ], [ 7.0359682, 52.4027334 ], [ 7.0360099, 52.402706 ], [ 7.0360907, 52.4026606 ], [ 7.0361011, 52.4026557 ], [ 7.0361762, 52.4026203 ], [ 7.0362439, 52.4025969 ], [ 7.0363171, 52.402582 ], [ 7.0364364, 52.4025724 ], [ 7.0365884, 52.4025726 ], [ 7.0367606, 52.402587 ], [ 7.0374988, 52.4026628 ], [ 7.0377323, 52.4026817 ], [ 7.0378519, 52.4026914 ], [ 7.0381434, 52.4026993 ], [ 7.0384595, 52.4027015 ], [ 7.0387068, 52.4027019 ], [ 7.0389265, 52.4026969 ], [ 7.0397083, 52.4026568 ], [ 7.0399622, 52.4026464 ], [ 7.0400374, 52.4026431 ], [ 7.0405082, 52.4026241 ], [ 7.0405531, 52.4026212 ], [ 7.0407137, 52.402615 ], [ 7.0409159, 52.4026059 ], [ 7.0410472, 52.4026001 ], [ 7.0411447, 52.4025903 ], [ 7.0413772, 52.402566900000011 ], [ 7.0416045, 52.4025258 ], [ 7.0417937, 52.4024779 ], [ 7.0421141, 52.4023585 ], [ 7.0422834, 52.4022833 ], [ 7.0424477, 52.4021975 ], [ 7.0425847, 52.4021258 ], [ 7.0427371, 52.4020661 ], [ 7.0431824, 52.401926899999985 ], [ 7.0438091, 52.4017316 ], [ 7.0438877, 52.4017079 ], [ 7.0439781, 52.4016795 ], [ 7.0440479, 52.4016579 ], [ 7.0440844, 52.4016467 ], [ 7.0441511, 52.4016261 ], [ 7.0449097, 52.401388499999989 ], [ 7.0456545, 52.4011576 ], [ 7.0461602, 52.4009991 ], [ 7.046507, 52.4008917 ], [ 7.0465639, 52.4008765 ], [ 7.0467174, 52.4008367 ], [ 7.0468742, 52.4008079 ], [ 7.0470061, 52.4007948 ], [ 7.0471732, 52.4007874 ], [ 7.0479462, 52.4007871 ], [ 7.0481776, 52.4007877 ], [ 7.0483433, 52.4007882 ], [ 7.049176, 52.4007895 ], [ 7.0500006, 52.4007892 ], [ 7.050212, 52.4007884 ], [ 7.0503474, 52.400783299999986 ], [ 7.050364, 52.4007816 ], [ 7.0504708, 52.400771 ], [ 7.0506129, 52.4007497 ], [ 7.0507308, 52.4007238 ], [ 7.0508021, 52.4007027 ], [ 7.050893, 52.4006683 ], [ 7.0509332, 52.4006471 ], [ 7.0510185, 52.4005904 ], [ 7.0510772, 52.4005387 ], [ 7.0511904, 52.4004289 ], [ 7.0512784, 52.4003453 ], [ 7.0513091, 52.4003161 ], [ 7.0513853, 52.4002293 ], [ 7.0514112, 52.4001986 ], [ 7.0516486, 52.3999295 ], [ 7.0516531, 52.3999243 ], [ 7.0517441, 52.3999516 ], [ 7.0517719, 52.3999599 ], [ 7.0530327, 52.4003375 ], [ 7.0534207, 52.4005015 ], [ 7.0537643, 52.4007006 ], [ 7.0538354, 52.4006747 ], [ 7.0543009, 52.4008265 ], [ 7.0548013, 52.4009321 ], [ 7.0548894, 52.4009504 ], [ 7.0553218, 52.4010415 ], [ 7.0559781, 52.4005792 ], [ 7.0561154, 52.4005209 ], [ 7.0572452, 52.4000405 ], [ 7.0576301, 52.3998801 ], [ 7.0581033, 52.399675599999988 ], [ 7.0587343, 52.3994072 ], [ 7.0587773, 52.3992194 ], [ 7.0588175, 52.3990455 ], [ 7.0590172, 52.3981844 ], [ 7.0589299, 52.3979967 ], [ 7.0589273, 52.3975956 ], [ 7.0589273, 52.3975881 ], [ 7.0589268, 52.3975139 ], [ 7.0591096, 52.3971333 ], [ 7.0590252, 52.3966027 ], [ 7.0590046, 52.3964731 ], [ 7.0588913, 52.3963011 ], [ 7.0588193, 52.3962688 ], [ 7.0587048, 52.3962177 ], [ 7.0585302, 52.3961802 ], [ 7.0585575, 52.3961584 ], [ 7.0586026, 52.396121 ], [ 7.0586689, 52.3960693 ], [ 7.0588621, 52.3959148 ], [ 7.0588934, 52.3958898 ], [ 7.0589126, 52.395869 ], [ 7.0596194, 52.3951053 ], [ 7.0610411, 52.393569 ], [ 7.0610634, 52.3935448 ], [ 7.061067, 52.3935409 ], [ 7.0610896, 52.393514499999988 ], [ 7.0611108, 52.393493600000014 ], [ 7.0611456, 52.3934561 ], [ 7.0611814, 52.3934174 ], [ 7.061876, 52.3926667 ], [ 7.0621583, 52.3923617 ], [ 7.0622981, 52.3922105 ], [ 7.0625802, 52.3919057 ], [ 7.0640042, 52.3903665 ], [ 7.0641013, 52.3901667 ], [ 7.0642169, 52.3899296 ], [ 7.0647198, 52.388897 ], [ 7.0648033, 52.3887259 ], [ 7.064898, 52.3885309 ], [ 7.0649016, 52.3885236 ], [ 7.064995, 52.388331699999981 ], [ 7.0657548, 52.3867705 ], [ 7.0659423, 52.3863855 ], [ 7.066559, 52.38512080000001 ], [ 7.0666196, 52.3849943 ], [ 7.0672017, 52.3837937 ], [ 7.0674656, 52.383256 ], [ 7.0675393, 52.3831056 ], [ 7.0678736, 52.3824178 ], [ 7.0679004, 52.3823674 ], [ 7.0679391, 52.3822832 ], [ 7.0683066, 52.3815284 ], [ 7.0683253, 52.3814897 ], [ 7.0683498, 52.3814386 ], [ 7.0683936, 52.3813496 ], [ 7.0691794, 52.3797349 ], [ 7.0692421, 52.379604 ], [ 7.0692672, 52.3795544 ], [ 7.0700385, 52.3779695 ], [ 7.0709007, 52.376197700000013 ], [ 7.0714174, 52.3751356 ], [ 7.0714817, 52.375003 ], [ 7.0717601, 52.3744312 ], [ 7.0721622, 52.3736046 ], [ 7.0721794, 52.3733504 ], [ 7.0722145, 52.3728295 ], [ 7.0722174, 52.3727865 ], [ 7.0723827, 52.3727877 ], [ 7.0730493, 52.3727736 ], [ 7.0742048, 52.372664 ], [ 7.0742082, 52.3727089 ], [ 7.0742098, 52.3727305 ], [ 7.0745706, 52.3727225 ], [ 7.0747133, 52.3727101 ], [ 7.0752253, 52.37265450000001 ], [ 7.0755927, 52.372614600000013 ], [ 7.0757918, 52.3725469 ], [ 7.075932, 52.372428500000012 ], [ 7.0764335, 52.3718813 ], [ 7.0766126, 52.3716039 ], [ 7.0767264, 52.3712759 ], [ 7.0771586, 52.3708778 ], [ 7.0772837, 52.3708238 ], [ 7.0773446, 52.3708398 ], [ 7.0780559, 52.3706271 ], [ 7.0780565, 52.3706229 ], [ 7.0780974, 52.3706102 ], [ 7.0780947, 52.3705607 ], [ 7.078068, 52.3700632 ], [ 7.0780515, 52.3697568 ], [ 7.0780314, 52.3692753 ], [ 7.078001, 52.3684922 ], [ 7.0779735, 52.3681809 ], [ 7.0781309, 52.3675421 ], [ 7.0783085, 52.3669892 ], [ 7.0784027, 52.3667365 ], [ 7.0784071, 52.3664473 ], [ 7.0784306, 52.3649057 ], [ 7.0785423, 52.3646771 ], [ 7.0785351, 52.3645756 ], [ 7.0784421, 52.3643911 ], [ 7.078339, 52.3641865 ], [ 7.0784596, 52.363742499999987 ], [ 7.0784608, 52.3636969 ], [ 7.0784886, 52.3626708 ], [ 7.07849, 52.3622777 ], [ 7.0805517, 52.3629145 ], [ 7.0813353, 52.3631565 ], [ 7.0814755, 52.3632003 ], [ 7.0848579, 52.364257 ], [ 7.086168, 52.365196 ], [ 7.0915528, 52.3627357 ], [ 7.0965678, 52.36046240000001 ], [ 7.0997791, 52.3596576 ], [ 7.0999152, 52.3596569 ], [ 7.1193134, 52.361561800000011 ], [ 7.1280749, 52.3658258 ], [ 7.1282652, 52.3659184 ], [ 7.1283873, 52.3659392 ], [ 7.1285151, 52.365961 ], [ 7.130529, 52.3663379 ], [ 7.1333759, 52.3668717 ], [ 7.1335791, 52.3669099 ], [ 7.1345318, 52.3670848 ], [ 7.1353484, 52.3672309 ], [ 7.1354817, 52.3672642 ], [ 7.1382613, 52.3677678 ], [ 7.140663, 52.3682112 ], [ 7.1442913, 52.369320800000011 ], [ 7.1656037, 52.3759354 ], [ 7.1695585, 52.3771937 ], [ 7.1709604, 52.3776212 ], [ 7.1717207, 52.3778613 ], [ 7.172216, 52.378017499999984 ], [ 7.1730277, 52.3782737 ], [ 7.1755047, 52.3790647 ], [ 7.1755736, 52.3790866 ], [ 7.1768241, 52.3794923 ], [ 7.17566, 52.3802429 ], [ 7.175409, 52.38044 ], [ 7.1752015, 52.3806958 ], [ 7.1737846, 52.3827433 ], [ 7.1729446, 52.3838822 ], [ 7.1728219, 52.3840931 ], [ 7.1724132, 52.3844969 ], [ 7.1710609, 52.385739 ], [ 7.1706213, 52.386168500000011 ], [ 7.170347, 52.3863463 ], [ 7.1697658, 52.3866091 ], [ 7.1692773, 52.3867128 ], [ 7.1689859, 52.3867552 ], [ 7.1686441, 52.3867841 ], [ 7.168313, 52.3868264 ], [ 7.1680078, 52.3868026 ], [ 7.167122, 52.3867858 ], [ 7.1667218, 52.3868127 ], [ 7.1611896, 52.3875706 ], [ 7.1606268, 52.3877359 ], [ 7.1602918, 52.3879376 ], [ 7.1597172, 52.3883509 ], [ 7.1562013, 52.3908817 ], [ 7.1554098, 52.3912927 ], [ 7.155161, 52.3913736 ], [ 7.1549491, 52.3914426 ], [ 7.1534767, 52.3919545 ], [ 7.1528571, 52.3922395 ], [ 7.1522611, 52.3926348 ], [ 7.1520164, 52.3928133 ], [ 7.1516229, 52.3930079 ], [ 7.1512614, 52.3931586 ], [ 7.1507907, 52.3932482 ], [ 7.1501459, 52.3932766 ], [ 7.1496425, 52.3932525 ], [ 7.149239, 52.3932063 ], [ 7.1488192, 52.3931239 ], [ 7.1479305, 52.3927154 ], [ 7.1474613, 52.3925684 ], [ 7.147203, 52.3926093 ], [ 7.1468761, 52.3926407 ], [ 7.1463336, 52.392734 ], [ 7.1460985, 52.3928556 ], [ 7.145599, 52.3936204 ], [ 7.1453201, 52.3938407 ], [ 7.1449769, 52.3939739 ], [ 7.1434178, 52.3942952 ], [ 7.1428329, 52.394593 ], [ 7.1423846, 52.3947512 ], [ 7.1420215, 52.3948042 ], [ 7.1392168, 52.3943437 ], [ 7.1387323, 52.3943104 ], [ 7.1381045, 52.3943648 ], [ 7.1364625, 52.3948778 ], [ 7.1325568, 52.3960515 ], [ 7.1302651, 52.3969731 ], [ 7.127443, 52.3985752 ], [ 7.1271796, 52.3986954 ], [ 7.1261865, 52.3991043 ], [ 7.1264593, 52.399291800000015 ], [ 7.1266313, 52.3992708 ], [ 7.1271832, 52.3992819 ], [ 7.1277657, 52.3993725 ], [ 7.1284298, 52.3996329 ], [ 7.1292143, 52.3998867 ], [ 7.1294404, 52.3999838 ], [ 7.1301613, 52.3997668 ], [ 7.1315603, 52.400033 ], [ 7.1317322, 52.4000115 ], [ 7.1329413, 52.4002261 ], [ 7.1331538, 52.4002373 ], [ 7.1372832, 52.4009484 ], [ 7.1393619, 52.401320100000014 ], [ 7.1462609, 52.4061225 ], [ 7.146438, 52.4062161 ], [ 7.1486107, 52.4077292 ], [ 7.1487212, 52.4078061 ], [ 7.1487346, 52.4077915 ], [ 7.1506119, 52.4091393 ], [ 7.1507472, 52.4092011 ], [ 7.1528804, 52.4106768 ], [ 7.1531316, 52.4108506 ], [ 7.1531545, 52.4108349 ], [ 7.156125, 52.4129266 ], [ 7.1569009, 52.4134982 ], [ 7.1569791, 52.413553 ], [ 7.1602153, 52.4158185 ], [ 7.1607626, 52.4161705 ], [ 7.1610785, 52.4164101 ], [ 7.162204, 52.4172248 ], [ 7.1622036, 52.4172498 ], [ 7.1622027, 52.4173061 ], [ 7.1627746, 52.4177014 ], [ 7.1639793, 52.4185343 ], [ 7.1643585, 52.4187589 ], [ 7.1644256, 52.4187598 ], [ 7.1644376, 52.4187682 ], [ 7.1658317, 52.4197548 ], [ 7.1746304, 52.4253967 ], [ 7.1746249, 52.4254248 ], [ 7.1754739, 52.4259533 ], [ 7.1754825, 52.4259587 ], [ 7.1770033, 52.426924 ], [ 7.1872626, 52.4335724 ], [ 7.1875405, 52.4336108 ], [ 7.1900055, 52.4352576 ], [ 7.1991533, 52.4410977 ], [ 7.2030811, 52.443692 ], [ 7.2022463, 52.4441392 ], [ 7.1940874, 52.448606 ], [ 7.1917992, 52.4498451 ], [ 7.1905819, 52.4505123 ], [ 7.1826746, 52.4548673 ], [ 7.1805414, 52.45606 ], [ 7.178035, 52.4621845 ], [ 7.1779597, 52.462319 ], [ 7.1776011, 52.4631019 ], [ 7.1765772, 52.4654394 ], [ 7.1764264, 52.4657839 ], [ 7.1758556, 52.4674074 ], [ 7.1699932, 52.4713856 ], [ 7.1677554, 52.4729099 ], [ 7.1672163, 52.4732069 ], [ 7.1659651, 52.4741365 ], [ 7.1616296, 52.4770959 ], [ 7.1591146, 52.478815200000014 ], [ 7.1591063, 52.4788589 ], [ 7.1586999, 52.4791392 ], [ 7.1575179, 52.4799542 ], [ 7.1575081, 52.4802099 ], [ 7.1573262, 52.4818999 ], [ 7.1544098, 52.4913163 ], [ 7.1541495, 52.4913362 ], [ 7.1221448, 52.49571490000001 ], [ 7.116905, 52.496407 ], [ 7.1143956, 52.4967365 ], [ 7.1100616, 52.4973223 ], [ 7.1098925, 52.4973453 ], [ 7.1080358, 52.4975988 ], [ 7.1021241, 52.4983905 ], [ 7.0983262, 52.498882300000012 ], [ 7.0978488, 52.4989441 ], [ 7.0974273, 52.4989894 ], [ 7.0973696, 52.4991244 ], [ 7.0967417, 52.5005936 ], [ 7.0957163, 52.5020277 ], [ 7.0949924, 52.5031385 ], [ 7.0941943, 52.5043847 ], [ 7.0940818, 52.5046653 ], [ 7.0941645, 52.5046853 ], [ 7.0949887, 52.5047859 ], [ 7.0956594, 52.5048886 ], [ 7.0961426, 52.5049768 ], [ 7.0968182, 52.505137700000013 ], [ 7.0969319, 52.5052134 ], [ 7.0968996, 52.5052812 ], [ 7.0967484, 52.505505 ], [ 7.0962329, 52.5063516 ], [ 7.0953379, 52.5073459 ], [ 7.0952728, 52.507464 ], [ 7.0951878, 52.5077148 ], [ 7.0949475, 52.5083613 ], [ 7.0946745, 52.5091068 ], [ 7.0942419, 52.5098857 ], [ 7.0939694, 52.5101823 ], [ 7.0935475, 52.5105495 ], [ 7.0918168, 52.5117132 ], [ 7.0917256, 52.5117771 ], [ 7.0916457, 52.5118828 ], [ 7.0915781, 52.5120217 ], [ 7.0914144, 52.5124585 ], [ 7.0913189, 52.5126191 ], [ 7.0906942, 52.5133892 ], [ 7.0903005, 52.5139543 ], [ 7.0900073, 52.5144423 ], [ 7.0897924, 52.514867 ], [ 7.0895894, 52.5152643 ], [ 7.0893856, 52.5156478 ], [ 7.0892251, 52.515895 ], [ 7.0890166, 52.5161534 ], [ 7.0889467, 52.5162716 ], [ 7.0889304, 52.5163784 ], [ 7.0889769, 52.5170001 ], [ 7.0889835, 52.5171006 ], [ 7.0889893, 52.5171746 ], [ 7.085735, 52.517328 ], [ 7.085177, 52.517253 ], [ 7.0849287, 52.5171436 ], [ 7.0850039, 52.5172447 ], [ 7.0848446, 52.517356400000011 ], [ 7.0845338, 52.517306399999988 ], [ 7.0835024, 52.5175508 ], [ 7.0835099, 52.5176917 ], [ 7.0835846, 52.5178127 ], [ 7.0834213, 52.51791 ], [ 7.0831648, 52.517949500000014 ], [ 7.0830639, 52.5180268 ], [ 7.0823835, 52.5183002 ], [ 7.0817844, 52.51760010000001 ], [ 7.0815778, 52.517202 ], [ 7.0789727, 52.5173772 ], [ 7.0787625, 52.5174079 ], [ 7.0774662, 52.5175128 ], [ 7.0767087, 52.517596200000014 ], [ 7.0763145, 52.5177938 ], [ 7.0758794, 52.5178365 ], [ 7.0757513, 52.5178901 ], [ 7.0756856, 52.5179908 ], [ 7.0756061, 52.5183236 ], [ 7.0755175, 52.5185619 ], [ 7.0755433, 52.5186639 ], [ 7.0757778, 52.518562599999981 ], [ 7.0765726, 52.5185646 ], [ 7.0789193, 52.518548 ], [ 7.0792037, 52.5202512 ], [ 7.079367, 52.5209173 ], [ 7.0786983, 52.5210451 ], [ 7.0781292, 52.5211787 ], [ 7.0777067, 52.5213688 ], [ 7.0772666, 52.5216176 ], [ 7.0769451, 52.5217702 ], [ 7.0766714, 52.521874 ], [ 7.0762579, 52.5219554 ], [ 7.0758566, 52.5220195 ], [ 7.0755225, 52.5220078 ], [ 7.0747778, 52.5219271 ], [ 7.074418, 52.5219251 ], [ 7.0740461, 52.521944 ] ] ] } },
{ "type": "Feature", "properties": { "krebsgebiet": "Schüttorf, SG" }, "geometry": { "type": "Polygon", "coordinates": [ [ [ 7.1941236, 52.3036676 ], [ 7.1941617, 52.3035232 ], [ 7.1941633, 52.3032967 ], [ 7.1941695, 52.3030003 ], [ 7.1948758, 52.302510199999986 ], [ 7.1951655, 52.302309099999988 ], [ 7.1951958, 52.3022506 ], [ 7.1973982, 52.3010238 ], [ 7.1975227, 52.3002157 ], [ 7.1977333, 52.2999036 ], [ 7.1977628, 52.2998598 ], [ 7.1977897, 52.29982 ], [ 7.1979856, 52.2997644 ], [ 7.1980487, 52.2996792 ], [ 7.19809, 52.2995924 ], [ 7.1981315, 52.2990627 ], [ 7.1981418, 52.298986099999986 ], [ 7.1980001, 52.2986322 ], [ 7.1978736, 52.2986359 ], [ 7.1970658, 52.2988917 ], [ 7.1969313, 52.2989343 ], [ 7.1968239, 52.298951 ], [ 7.1966504, 52.2989565 ], [ 7.1961993, 52.2989372 ], [ 7.1948625, 52.2981372 ], [ 7.194582, 52.2979267 ], [ 7.1945202, 52.2978803 ], [ 7.1944546, 52.2977954 ], [ 7.1943938, 52.2976828 ], [ 7.1943605, 52.2975552 ], [ 7.1943605, 52.2975451 ], [ 7.1943598, 52.297464 ], [ 7.1943588, 52.2973485 ], [ 7.1945145, 52.2973104 ], [ 7.1944892, 52.2971798 ], [ 7.1944795, 52.2971177 ], [ 7.1944756, 52.2966918 ], [ 7.1944679, 52.2966107 ], [ 7.1948422, 52.295701099999988 ], [ 7.1950392, 52.2951908 ], [ 7.1954243, 52.2942606 ], [ 7.195519, 52.2940404 ], [ 7.1958643, 52.2932012 ], [ 7.1964001, 52.2919401 ], [ 7.1977672, 52.2890126 ], [ 7.1977867, 52.288970899999981 ], [ 7.1979587, 52.2885919 ], [ 7.1979231, 52.2884976 ], [ 7.1984287, 52.2873573 ], [ 7.198467, 52.287271499999989 ], [ 7.1985021, 52.2871919 ], [ 7.1991368, 52.2857598 ], [ 7.1991629, 52.285694 ], [ 7.1991887, 52.285629 ], [ 7.1995747, 52.2847013 ], [ 7.1995957, 52.2846566 ], [ 7.1996393, 52.2845633 ], [ 7.200052, 52.283551700000011 ], [ 7.2000888, 52.2834614 ], [ 7.2006709, 52.2820342 ], [ 7.2008166, 52.2816778 ], [ 7.2012565, 52.2812727 ], [ 7.201035, 52.2811675 ], [ 7.201333, 52.2805208 ], [ 7.2013515, 52.280480600000011 ], [ 7.2013841, 52.28041 ], [ 7.2014089, 52.2803599 ], [ 7.2026795, 52.2774716 ], [ 7.2027078, 52.2774068 ], [ 7.2027368, 52.2773406 ], [ 7.2027495, 52.2773105 ], [ 7.2029601, 52.2768073 ], [ 7.2036578, 52.2750744 ], [ 7.2036905, 52.2750197 ], [ 7.2037546, 52.2749119 ], [ 7.2040211, 52.2742026 ], [ 7.2040485, 52.2741296 ], [ 7.2040651, 52.2740969 ], [ 7.2040827, 52.2740619 ], [ 7.2040935, 52.2740126 ], [ 7.2041208, 52.2739571 ], [ 7.2041344, 52.273929599999988 ], [ 7.2044394, 52.273203 ], [ 7.2044854, 52.2730928 ], [ 7.2045072, 52.2730409 ], [ 7.2054992, 52.2706767 ], [ 7.2055145, 52.2706401 ], [ 7.2060588, 52.2692556 ], [ 7.2078069, 52.264548399999988 ], [ 7.2092045, 52.2644988 ], [ 7.2106004, 52.2644494 ], [ 7.2107409, 52.2644444 ], [ 7.2113003, 52.2644246 ], [ 7.2119963, 52.2643999 ], [ 7.2122816, 52.2643898 ], [ 7.2135103, 52.2643462 ], [ 7.2150235, 52.2642925 ], [ 7.2160038, 52.2642577 ], [ 7.2165375, 52.2642388 ], [ 7.2180505, 52.2641851 ], [ 7.2181304, 52.264185 ], [ 7.2181711, 52.2641849 ], [ 7.2195152, 52.264182 ], [ 7.2209793, 52.2641788 ], [ 7.2224446, 52.2641757 ], [ 7.2235812, 52.2641731 ], [ 7.2236986, 52.264173 ], [ 7.227208, 52.264166 ], [ 7.2301628, 52.2641589 ], [ 7.2303087, 52.2641592 ], [ 7.2303558, 52.2641584 ], [ 7.2317989, 52.2641552 ], [ 7.2321532, 52.2641545 ], [ 7.2321649, 52.2641545 ], [ 7.2346789, 52.2641486 ], [ 7.2361229, 52.2641454 ], [ 7.2366605, 52.2641442 ], [ 7.2367418, 52.264144 ], [ 7.2367801, 52.264144 ], [ 7.2368081, 52.2641439 ], [ 7.2378149, 52.2641415 ], [ 7.2379865, 52.2641412 ], [ 7.2381139, 52.2641406 ], [ 7.2381728, 52.2641408 ], [ 7.2388104, 52.2641394 ], [ 7.240053, 52.2641362 ], [ 7.2401082, 52.2641361 ], [ 7.2414209, 52.2641331 ], [ 7.2419026, 52.2641319 ], [ 7.2423874, 52.264130800000011 ], [ 7.2428441, 52.2641297 ], [ 7.2436468, 52.2641279 ], [ 7.2446362, 52.2641255 ], [ 7.2450195, 52.2641246 ], [ 7.2451232, 52.2641248 ], [ 7.2454903, 52.2641235 ], [ 7.2456064, 52.2641232 ], [ 7.246036, 52.2641222 ], [ 7.246394, 52.2641214 ], [ 7.2465601, 52.264121 ], [ 7.2467729, 52.2641205 ], [ 7.2469055, 52.2641206 ], [ 7.2474982, 52.2641189 ], [ 7.2483569, 52.2641169 ], [ 7.2484243, 52.2641167 ], [ 7.2496055, 52.2641138 ], [ 7.2515015, 52.2641093 ], [ 7.2521015, 52.2641076 ], [ 7.2521805, 52.2641074 ], [ 7.254194, 52.264102500000014 ], [ 7.2557058, 52.2640988 ], [ 7.2557846, 52.2640986 ], [ 7.2558381, 52.2640985 ], [ 7.2559006, 52.2640983 ], [ 7.2569148, 52.2640957 ], [ 7.2584003, 52.264092 ], [ 7.2597519, 52.2640886 ], [ 7.2598748, 52.2640883 ], [ 7.260617, 52.2640864 ], [ 7.2606729, 52.2640863 ], [ 7.260764, 52.264086 ], [ 7.2617727, 52.264083400000011 ], [ 7.2625936, 52.2640814 ], [ 7.2631104, 52.26408 ], [ 7.2635625, 52.2640784 ], [ 7.2635901, 52.26407829999998 ], [ 7.2640997, 52.2640769 ], [ 7.2644904, 52.2640757 ], [ 7.2658899, 52.2640712 ], [ 7.265996, 52.2640711 ], [ 7.2690656, 52.2640669 ], [ 7.2691491, 52.264066699999987 ], [ 7.2691909, 52.2640666 ], [ 7.2692563, 52.2640662 ], [ 7.2696877, 52.264066 ], [ 7.2703987, 52.2640649 ], [ 7.2717351, 52.264063 ], [ 7.2718669, 52.2640628 ], [ 7.2722052, 52.2640623 ], [ 7.2722515, 52.2640622 ], [ 7.272295, 52.2640622 ], [ 7.2723228, 52.2640621 ], [ 7.2723537, 52.2640621 ], [ 7.2731063, 52.264061 ], [ 7.2731208, 52.264061 ], [ 7.2731485, 52.2640609 ], [ 7.2756378, 52.2640508 ], [ 7.2756854, 52.2640505 ], [ 7.2766009, 52.2640447 ], [ 7.2781482, 52.2640406 ], [ 7.2782287, 52.2640402 ], [ 7.2783017, 52.2640398 ], [ 7.2783078, 52.2640398 ], [ 7.2783469, 52.2640396 ], [ 7.2783759, 52.2640395 ], [ 7.2783776, 52.2641718 ], [ 7.2784073, 52.264200400000014 ], [ 7.2785521, 52.2642442 ], [ 7.2789342, 52.264230099999985 ], [ 7.2794796, 52.264224799999987 ], [ 7.2799048, 52.2642244 ], [ 7.2801653, 52.2642152 ], [ 7.2803469, 52.2642092 ], [ 7.2805895, 52.2642293 ], [ 7.2811139, 52.2642276 ], [ 7.28136, 52.2642619 ], [ 7.2814443, 52.2642697 ], [ 7.2816594, 52.2642801 ], [ 7.281691, 52.2642816 ], [ 7.2817054, 52.2642777 ], [ 7.281814, 52.2642473 ], [ 7.2818803, 52.2642288 ], [ 7.2819096, 52.2641506 ], [ 7.2819213, 52.2641259 ], [ 7.28193, 52.2641077 ], [ 7.2819375, 52.264092 ], [ 7.2819489, 52.2640679 ], [ 7.2820579, 52.2640596 ], [ 7.282491, 52.2640265 ], [ 7.2828867, 52.2640427 ], [ 7.2830439, 52.264049099999987 ], [ 7.2833075, 52.2640599 ], [ 7.2834145, 52.2640635 ], [ 7.2834622, 52.2640661 ], [ 7.2838546, 52.2640821 ], [ 7.2839022, 52.264084 ], [ 7.2839365, 52.2640847 ], [ 7.2839738, 52.2640864 ], [ 7.2840251, 52.2640887 ], [ 7.2840811, 52.2640908 ], [ 7.2843687, 52.2641021 ], [ 7.2844547, 52.2641054 ], [ 7.285406, 52.2641427 ], [ 7.2856834, 52.2641529 ], [ 7.2872228, 52.2642154 ], [ 7.289173, 52.2642927 ], [ 7.2892423, 52.2642955 ], [ 7.2916461, 52.2643911 ], [ 7.2917501, 52.2643951 ], [ 7.2919091, 52.264402 ], [ 7.2920105, 52.2644053 ], [ 7.292076, 52.2644078 ], [ 7.2921269, 52.26441 ], [ 7.2937055, 52.2644701 ], [ 7.2938956, 52.2644773 ], [ 7.2939101, 52.2644778 ], [ 7.2939368, 52.2644788 ], [ 7.2939642, 52.2644799 ], [ 7.2939871, 52.2644808 ], [ 7.2948026, 52.2645117 ], [ 7.2949012, 52.2645155 ], [ 7.2951775, 52.2644617 ], [ 7.2954221, 52.2644142 ], [ 7.2955641, 52.2643866 ], [ 7.2956185, 52.2643753 ], [ 7.295673, 52.2643647 ], [ 7.2958507, 52.2643301 ], [ 7.2963286, 52.2642371 ], [ 7.2976401, 52.2639819 ], [ 7.2978129, 52.263949 ], [ 7.2979548, 52.2639219 ], [ 7.2994152, 52.2651551 ], [ 7.3002648, 52.2658744 ], [ 7.300795, 52.2663234 ], [ 7.3008112, 52.2663371 ], [ 7.3008803, 52.2663966 ], [ 7.3009728, 52.2664739 ], [ 7.3010766, 52.2665618 ], [ 7.3011545, 52.2666277 ], [ 7.3018712, 52.2672248 ], [ 7.3020083, 52.2672173 ], [ 7.3020628, 52.2672795 ], [ 7.3021974, 52.2674318 ], [ 7.3023052, 52.267586500000014 ], [ 7.303333, 52.2684424 ], [ 7.303945, 52.268958 ], [ 7.3039748, 52.26897839999998 ], [ 7.3039949, 52.2689965 ], [ 7.3040225, 52.2690213 ], [ 7.3040455, 52.2690421 ], [ 7.3040674, 52.269060100000011 ], [ 7.3040694, 52.269061900000011 ], [ 7.3043827, 52.2693243 ], [ 7.304639, 52.2695394 ], [ 7.3051583, 52.2699741 ], [ 7.3052025, 52.2699543 ], [ 7.3052425, 52.2699889 ], [ 7.3057021, 52.2703864 ], [ 7.3057441, 52.2704229 ], [ 7.3059819, 52.2706287 ], [ 7.3068548, 52.271384200000014 ], [ 7.307256, 52.2717315 ], [ 7.3072967, 52.2717656 ], [ 7.307321, 52.271786 ], [ 7.3073583, 52.2718172 ], [ 7.3073641, 52.2718219 ], [ 7.3074063, 52.2718575 ], [ 7.3078656, 52.272212 ], [ 7.3080276, 52.272337 ], [ 7.3081623, 52.2724411 ], [ 7.3088576, 52.2729928 ], [ 7.3089366, 52.2730076 ], [ 7.3089897, 52.2730299 ], [ 7.3090103, 52.2730706 ], [ 7.3090005, 52.273106 ], [ 7.3090229, 52.273136 ], [ 7.3090394, 52.2731577 ], [ 7.3090434, 52.2731615 ], [ 7.309335, 52.273416 ], [ 7.3093401, 52.2734537 ], [ 7.3095931, 52.2736478 ], [ 7.3097574, 52.2737771 ], [ 7.3099145, 52.2739009 ], [ 7.310283, 52.274130100000015 ], [ 7.3104561, 52.2742917 ], [ 7.3104586, 52.2743171 ], [ 7.3103986, 52.2743767 ], [ 7.3105629, 52.2745149 ], [ 7.3110893, 52.2749575 ], [ 7.3125061, 52.2761488 ], [ 7.314399, 52.277747 ], [ 7.3151125, 52.2783493 ], [ 7.3151524, 52.2783825 ], [ 7.3151976, 52.2784212 ], [ 7.3154109, 52.278601300000012 ], [ 7.3157553, 52.2788922 ], [ 7.3158467, 52.2789693 ], [ 7.3167721, 52.2797509 ], [ 7.3168688, 52.2798325 ], [ 7.3172806, 52.2801769 ], [ 7.3172863, 52.2801822 ], [ 7.3172928, 52.2801883 ], [ 7.3171381, 52.2803385 ], [ 7.3155756, 52.2818917 ], [ 7.3142492, 52.2832402 ], [ 7.3121347, 52.2853007 ], [ 7.310372, 52.287018 ], [ 7.3103193, 52.2870694 ], [ 7.3079883, 52.2893343 ], [ 7.3073919, 52.2901368 ], [ 7.3073111, 52.2902316 ], [ 7.3072684, 52.2902817 ], [ 7.3070991, 52.2905181 ], [ 7.30635, 52.2915645 ], [ 7.3030973, 52.2963149 ], [ 7.3028277, 52.2967052 ], [ 7.3025957, 52.2970538 ], [ 7.3016154, 52.2984225 ], [ 7.298558, 52.3013409 ], [ 7.2978686, 52.3020791 ], [ 7.2960801, 52.3039813 ], [ 7.2959811, 52.304084 ], [ 7.2920596, 52.3082149 ], [ 7.2914061, 52.308921 ], [ 7.2913706, 52.3089595 ], [ 7.2911253, 52.3092249 ], [ 7.2903689, 52.3100528 ], [ 7.2903067, 52.31011680000001 ], [ 7.2901034, 52.3103257 ], [ 7.289715, 52.3107406 ], [ 7.2881033, 52.3124671 ], [ 7.2878712, 52.3127376 ], [ 7.2824344, 52.3203282 ], [ 7.2819268, 52.320928300000013 ], [ 7.2817939, 52.3209863 ], [ 7.2817491, 52.3210224 ], [ 7.2796262, 52.3227497 ], [ 7.2795539, 52.3227965 ], [ 7.2781357, 52.3239486 ], [ 7.2779742, 52.3240575 ], [ 7.2778417, 52.324169500000011 ], [ 7.2777116, 52.3242756 ], [ 7.276725, 52.3250795 ], [ 7.2752931, 52.3262173 ], [ 7.2751718, 52.3263097 ], [ 7.2750201, 52.326425199999981 ], [ 7.2749087, 52.3265243 ], [ 7.2748536, 52.3265671 ], [ 7.2730118, 52.3279966 ], [ 7.2729948, 52.3280098 ], [ 7.2724129, 52.3284612 ], [ 7.2710874, 52.3294898 ], [ 7.2681382, 52.3318579 ], [ 7.2667635, 52.3329504 ], [ 7.2666855, 52.3329869 ], [ 7.2640802, 52.334983600000015 ], [ 7.2612926, 52.3371154 ], [ 7.2603291, 52.3378538 ], [ 7.2602306, 52.3379714 ], [ 7.2601174, 52.3380915 ], [ 7.2599249, 52.338301 ], [ 7.2597273, 52.3385257 ], [ 7.2576664, 52.3407578 ], [ 7.2574504, 52.3409412 ], [ 7.2574406, 52.3409496 ], [ 7.2574284, 52.3409599 ], [ 7.2569981, 52.3423232 ], [ 7.2569044, 52.3426076 ], [ 7.2568699, 52.342715 ], [ 7.256865, 52.3427482 ], [ 7.2566529, 52.3434253 ], [ 7.2564483, 52.3440799 ], [ 7.2560361, 52.3454075 ], [ 7.2559957, 52.3455103 ], [ 7.255966, 52.345585899999989 ], [ 7.2557835, 52.3461895 ], [ 7.2554229, 52.3472996 ], [ 7.2553829, 52.3474518 ], [ 7.2551589, 52.3481955 ], [ 7.254887, 52.3491059 ], [ 7.2547223, 52.3496133 ], [ 7.2542239, 52.3512145 ], [ 7.2541387, 52.351488200000013 ], [ 7.2541492, 52.3515498 ], [ 7.2541352, 52.351601300000013 ], [ 7.2538815, 52.3524341 ], [ 7.2537134, 52.3529856 ], [ 7.2536662, 52.3531406 ], [ 7.253497, 52.3536928 ], [ 7.2534437, 52.3538388 ], [ 7.2512114, 52.3612502 ], [ 7.2511641, 52.3614065 ], [ 7.2507458, 52.3627162 ], [ 7.2500153, 52.3646958 ], [ 7.2498323, 52.3651038 ], [ 7.2491672, 52.3665405 ], [ 7.2489024, 52.3671124 ], [ 7.2487186, 52.3675064 ], [ 7.2486905, 52.3675665 ], [ 7.2486737, 52.367565 ], [ 7.2485937, 52.367557699999985 ], [ 7.2476829, 52.36934 ], [ 7.2469389, 52.3711276 ], [ 7.2456502, 52.3742084 ], [ 7.2455493, 52.3744713 ], [ 7.245526, 52.374527400000012 ], [ 7.245506, 52.3745844 ], [ 7.2438985, 52.378549399999983 ], [ 7.2438743, 52.3787169 ], [ 7.243865, 52.3787811 ], [ 7.2438122, 52.3789316 ], [ 7.2435848, 52.3795444 ], [ 7.2435322, 52.379645599999989 ], [ 7.2435018, 52.3796768 ], [ 7.2415872, 52.3849392 ], [ 7.2410648, 52.3863132 ], [ 7.2391816, 52.3904963 ], [ 7.2391639, 52.3905353 ], [ 7.2390869, 52.3906581 ], [ 7.2384615, 52.3916586 ], [ 7.2381172, 52.3922043 ], [ 7.2380852, 52.3922628 ], [ 7.2367355, 52.3944209 ], [ 7.2336888, 52.399293899999989 ], [ 7.2332115, 52.4001032 ], [ 7.2325707, 52.4010495 ], [ 7.2324668, 52.4012385 ], [ 7.2318256, 52.4022351 ], [ 7.2318458, 52.4022448 ], [ 7.2334688, 52.4030311 ], [ 7.2345643, 52.4035529 ], [ 7.2346809, 52.4036084 ], [ 7.232179, 52.4084662 ], [ 7.2320717, 52.4086753 ], [ 7.2319495, 52.4089132 ], [ 7.2278827, 52.4169018 ], [ 7.2231099, 52.4260944 ], [ 7.2212859, 52.4298401 ], [ 7.2211342, 52.4298903 ], [ 7.2206598, 52.4309312 ], [ 7.2194138, 52.4333127 ], [ 7.2193922, 52.433354 ], [ 7.2194367, 52.4333783 ], [ 7.2186315, 52.4351008 ], [ 7.218484, 52.435238 ], [ 7.2125537, 52.4467175 ], [ 7.2114009, 52.4489703 ], [ 7.2030811, 52.443692 ], [ 7.1991533, 52.4410977 ], [ 7.1900055, 52.4352576 ], [ 7.1875405, 52.4336108 ], [ 7.1872626, 52.4335724 ], [ 7.1770033, 52.426924 ], [ 7.1754825, 52.4259587 ], [ 7.1754739, 52.4259533 ], [ 7.1746249, 52.4254248 ], [ 7.1746304, 52.4253967 ], [ 7.1658317, 52.4197548 ], [ 7.1644376, 52.4187682 ], [ 7.1644256, 52.4187598 ], [ 7.1643585, 52.4187589 ], [ 7.1639793, 52.4185343 ], [ 7.1627746, 52.4177014 ], [ 7.1622027, 52.4173061 ], [ 7.1622036, 52.4172498 ], [ 7.162204, 52.4172248 ], [ 7.1610785, 52.4164101 ], [ 7.1607626, 52.4161705 ], [ 7.1602153, 52.4158185 ], [ 7.1569791, 52.413553 ], [ 7.1569009, 52.4134982 ], [ 7.156125, 52.4129266 ], [ 7.1531545, 52.4108349 ], [ 7.1531316, 52.4108506 ], [ 7.1528804, 52.4106768 ], [ 7.1507472, 52.4092011 ], [ 7.1506119, 52.4091393 ], [ 7.1487346, 52.4077915 ], [ 7.1487212, 52.4078061 ], [ 7.1486107, 52.4077292 ], [ 7.146438, 52.4062161 ], [ 7.1462609, 52.4061225 ], [ 7.1393619, 52.401320100000014 ], [ 7.1372832, 52.4009484 ], [ 7.1331538, 52.4002373 ], [ 7.1329413, 52.4002261 ], [ 7.1317322, 52.4000115 ], [ 7.1315603, 52.400033 ], [ 7.1301613, 52.3997668 ], [ 7.1294404, 52.3999838 ], [ 7.1292143, 52.3998867 ], [ 7.1284298, 52.3996329 ], [ 7.1277657, 52.3993725 ], [ 7.1271832, 52.3992819 ], [ 7.1266313, 52.3992708 ], [ 7.1264593, 52.399291800000015 ], [ 7.1261865, 52.3991043 ], [ 7.1271796, 52.3986954 ], [ 7.127443, 52.3985752 ], [ 7.1302651, 52.3969731 ], [ 7.1325568, 52.3960515 ], [ 7.1364625, 52.3948778 ], [ 7.1381045, 52.3943648 ], [ 7.1387323, 52.3943104 ], [ 7.1392168, 52.3943437 ], [ 7.1420215, 52.3948042 ], [ 7.1423846, 52.3947512 ], [ 7.1428329, 52.394593 ], [ 7.1434178, 52.3942952 ], [ 7.1449769, 52.3939739 ], [ 7.1453201, 52.3938407 ], [ 7.145599, 52.3936204 ], [ 7.1460985, 52.3928556 ], [ 7.1463336, 52.392734 ], [ 7.1468761, 52.3926407 ], [ 7.147203, 52.3926093 ], [ 7.1474613, 52.3925684 ], [ 7.1479305, 52.3927154 ], [ 7.1488192, 52.3931239 ], [ 7.149239, 52.3932063 ], [ 7.1496425, 52.3932525 ], [ 7.1501459, 52.3932766 ], [ 7.1507907, 52.3932482 ], [ 7.1512614, 52.3931586 ], [ 7.1516229, 52.3930079 ], [ 7.1520164, 52.3928133 ], [ 7.1522611, 52.3926348 ], [ 7.1528571, 52.3922395 ], [ 7.1534767, 52.3919545 ], [ 7.1549491, 52.3914426 ], [ 7.155161, 52.3913736 ], [ 7.1554098, 52.3912927 ], [ 7.1562013, 52.3908817 ], [ 7.1597172, 52.3883509 ], [ 7.1602918, 52.3879376 ], [ 7.1606268, 52.3877359 ], [ 7.1611896, 52.3875706 ], [ 7.1667218, 52.3868127 ], [ 7.167122, 52.3867858 ], [ 7.1680078, 52.3868026 ], [ 7.168313, 52.3868264 ], [ 7.1686441, 52.3867841 ], [ 7.1689859, 52.3867552 ], [ 7.1692773, 52.3867128 ], [ 7.1697658, 52.3866091 ], [ 7.170347, 52.3863463 ], [ 7.1706213, 52.386168500000011 ], [ 7.1710609, 52.385739 ], [ 7.1724132, 52.3844969 ], [ 7.1728219, 52.3840931 ], [ 7.1729446, 52.3838822 ], [ 7.1737846, 52.3827433 ], [ 7.1752015, 52.3806958 ], [ 7.175409, 52.38044 ], [ 7.17566, 52.3802429 ], [ 7.1768241, 52.3794923 ], [ 7.1755736, 52.3790866 ], [ 7.1755047, 52.3790647 ], [ 7.1730277, 52.3782737 ], [ 7.172216, 52.378017499999984 ], [ 7.1717207, 52.3778613 ], [ 7.1709604, 52.3776212 ], [ 7.1695585, 52.3771937 ], [ 7.1656037, 52.3759354 ], [ 7.1442913, 52.369320800000011 ], [ 7.140663, 52.3682112 ], [ 7.1382613, 52.3677678 ], [ 7.1354817, 52.3672642 ], [ 7.1353484, 52.3672309 ], [ 7.1345318, 52.3670848 ], [ 7.1335791, 52.3669099 ], [ 7.1333759, 52.3668717 ], [ 7.130529, 52.3663379 ], [ 7.1285151, 52.365961 ], [ 7.1283873, 52.3659392 ], [ 7.1282652, 52.3659184 ], [ 7.1280749, 52.3658258 ], [ 7.1193134, 52.361561800000011 ], [ 7.0999152, 52.3596569 ], [ 7.0997791, 52.3596576 ], [ 7.0980418, 52.358518 ], [ 7.0979578, 52.3584712 ], [ 7.094543, 52.3542092 ], [ 7.0944258, 52.354168599999987 ], [ 7.0944334, 52.3541253 ], [ 7.0946617, 52.3528195 ], [ 7.0949456, 52.3511959 ], [ 7.0958969, 52.3456904 ], [ 7.0963991, 52.3429944 ], [ 7.0968091, 52.3406336 ], [ 7.0969877, 52.3395065 ], [ 7.0971006, 52.339414399999988 ], [ 7.0972022, 52.3393731 ], [ 7.097311, 52.3393604 ], [ 7.1000031, 52.3390272 ], [ 7.101463, 52.3387792 ], [ 7.1020944, 52.3387515 ], [ 7.1040129, 52.338789299999988 ], [ 7.108854, 52.3380797 ], [ 7.1091046, 52.337945 ], [ 7.1092021, 52.3377507 ], [ 7.1095529, 52.3364166 ], [ 7.1099641, 52.3359478 ], [ 7.1100784, 52.3359298 ], [ 7.1105889, 52.3359621 ], [ 7.1121863, 52.3360238 ], [ 7.1136463, 52.334201 ], [ 7.1127648, 52.3334735 ], [ 7.1125099, 52.3332631 ], [ 7.112593, 52.3331684 ], [ 7.1128522, 52.3328726 ], [ 7.1129918, 52.3327621 ], [ 7.1142944, 52.3324431 ], [ 7.1145593, 52.3323236 ], [ 7.1162726, 52.3318771 ], [ 7.1167698, 52.3306459 ], [ 7.116665, 52.3305383 ], [ 7.1156665, 52.3298745 ], [ 7.1154989, 52.329763 ], [ 7.1173678, 52.3287886 ], [ 7.1176362, 52.3285564 ], [ 7.1182216, 52.3274476 ], [ 7.1181616, 52.3273705 ], [ 7.118266, 52.3273829 ], [ 7.1185851, 52.3274209 ], [ 7.1192205, 52.3272264 ], [ 7.119677, 52.3271878 ], [ 7.1198141, 52.3271343 ], [ 7.1200451, 52.3269238 ], [ 7.1203772, 52.326879200000015 ], [ 7.1205304, 52.3268326 ], [ 7.1208641, 52.326695 ], [ 7.1212788, 52.3265238 ], [ 7.1215029, 52.3265112 ], [ 7.1218647, 52.3265958 ], [ 7.1218789, 52.326618899999986 ], [ 7.1222745, 52.3264791 ], [ 7.1224586, 52.3262874 ], [ 7.1231727, 52.3259607 ], [ 7.1232644, 52.3259187 ], [ 7.1233587, 52.3259962 ], [ 7.1234762, 52.3260986 ], [ 7.1242457, 52.326444 ], [ 7.1242394, 52.3267264 ], [ 7.12492, 52.327003 ], [ 7.1250541, 52.327116399999987 ], [ 7.1251464, 52.327361 ], [ 7.1251491, 52.3273721 ], [ 7.125194, 52.3275547 ], [ 7.1251496, 52.3281977 ], [ 7.1251007, 52.3283 ], [ 7.124953, 52.328464 ], [ 7.1248054, 52.328567600000014 ], [ 7.1251864, 52.3294424 ], [ 7.1261522, 52.32984230000001 ], [ 7.1276881, 52.3304731 ], [ 7.1251873, 52.3324454 ], [ 7.1262879, 52.332819 ], [ 7.1286475, 52.3336326 ], [ 7.1320883, 52.3330988 ], [ 7.1322352, 52.333076 ], [ 7.1333855, 52.3328993 ], [ 7.1382095, 52.3335881 ], [ 7.1395095, 52.3339313 ], [ 7.1396524, 52.3339701 ], [ 7.1406451, 52.3342394 ], [ 7.1410388, 52.3343463 ], [ 7.1430884, 52.3349036 ], [ 7.1454007, 52.3355329 ], [ 7.1476493, 52.3361359 ], [ 7.1506228, 52.3369332 ], [ 7.150966, 52.3369934 ], [ 7.1510592, 52.337018 ], [ 7.151135, 52.3369111 ], [ 7.1534921, 52.3374601 ], [ 7.1536032, 52.3366932 ], [ 7.1536662, 52.3366118 ], [ 7.1542867, 52.33581 ], [ 7.1547105, 52.3352787 ], [ 7.1545908, 52.3347377 ], [ 7.1546604, 52.3340639 ], [ 7.1548602, 52.3330536 ], [ 7.1546608, 52.332524 ], [ 7.1549556, 52.3316231 ], [ 7.1554305, 52.3268581 ], [ 7.1554391, 52.3267714 ], [ 7.1578769, 52.3275145 ], [ 7.1605595, 52.328332 ], [ 7.1607603, 52.3283722 ], [ 7.1674627, 52.3269428 ], [ 7.1676951, 52.3268529 ], [ 7.1678888, 52.3268376 ], [ 7.1731673, 52.3256721 ], [ 7.1735321, 52.3253306 ], [ 7.1742635, 52.3245767 ], [ 7.174369, 52.324468 ], [ 7.1748296, 52.3239931 ], [ 7.1749336, 52.3238859 ], [ 7.1756936, 52.3231116 ], [ 7.1757452, 52.3230927 ], [ 7.1781931, 52.3220582 ], [ 7.1788748, 52.321602600000013 ], [ 7.1789727, 52.3215124 ], [ 7.1789134, 52.3212732 ], [ 7.178654, 52.3211951 ], [ 7.1794223, 52.3197045 ], [ 7.1816516, 52.3197896 ], [ 7.1817277, 52.3195226 ], [ 7.1818661, 52.3195283 ], [ 7.1819423, 52.3195315 ], [ 7.1820449, 52.3195349 ], [ 7.1821869, 52.3195422 ], [ 7.1834091, 52.3196048 ], [ 7.1839242, 52.3196285 ], [ 7.1850363, 52.3202195 ], [ 7.1851151, 52.3202613 ], [ 7.1852339, 52.3201833 ], [ 7.1860339, 52.3193847 ], [ 7.1860069, 52.3193476 ], [ 7.1859507, 52.3193186 ], [ 7.1842599, 52.3184466 ], [ 7.1839381, 52.3182805 ], [ 7.1836911, 52.3174264 ], [ 7.1841456, 52.3171151 ], [ 7.1841746, 52.3170885 ], [ 7.1842407, 52.3170512 ], [ 7.1849342, 52.3165611 ], [ 7.1873206, 52.3161028 ], [ 7.1882655, 52.316236700000012 ], [ 7.1886033, 52.3163186 ], [ 7.1891813, 52.3165554 ], [ 7.1892709, 52.316649 ], [ 7.1891018, 52.3167194 ], [ 7.1884497, 52.3169143 ], [ 7.1884978, 52.3169594 ], [ 7.1885213, 52.3170038 ], [ 7.188855, 52.3173186 ], [ 7.1892823, 52.317771799999989 ], [ 7.1896129, 52.3179837 ], [ 7.1896416, 52.3180097 ], [ 7.189487, 52.3181182 ], [ 7.1890372, 52.3184337 ], [ 7.1887919, 52.3186376 ], [ 7.1897043, 52.3193706 ], [ 7.1898363, 52.3193565 ], [ 7.1905558, 52.318673 ], [ 7.1907625, 52.3187928 ], [ 7.1908971, 52.3188759 ], [ 7.1909853, 52.3190042 ], [ 7.1910318, 52.3190718 ], [ 7.1915597, 52.3194061 ], [ 7.191656, 52.3194881 ], [ 7.1917224, 52.3195447 ], [ 7.1918347, 52.3196291 ], [ 7.1924157, 52.3204299 ], [ 7.1924872, 52.3205696 ], [ 7.1926236, 52.3206468 ], [ 7.1937002, 52.3205668 ], [ 7.1941015, 52.320536199999985 ], [ 7.194284, 52.3205223 ], [ 7.1942463, 52.3192489 ], [ 7.1942926, 52.3192353 ], [ 7.194362, 52.3192148 ], [ 7.1944267, 52.3192206 ], [ 7.194575, 52.3192337 ], [ 7.1945735, 52.3192146 ], [ 7.1945497, 52.3189112 ], [ 7.194428, 52.3187295 ], [ 7.1945583, 52.317997 ], [ 7.1946274, 52.3172506 ], [ 7.1946733, 52.3169747 ], [ 7.1948251, 52.3166506 ], [ 7.1948584, 52.31658 ], [ 7.1956981, 52.3167769 ], [ 7.1957257, 52.3167523 ], [ 7.1958046, 52.3166824 ], [ 7.1974878, 52.3151932 ], [ 7.1982434, 52.3151965 ], [ 7.1985144, 52.3152594 ], [ 7.2000403, 52.3154357 ], [ 7.2001091, 52.3152958 ], [ 7.2001334, 52.3152984 ], [ 7.2009621, 52.3153863 ], [ 7.2018668, 52.3153308 ], [ 7.2024058, 52.31529110000001 ], [ 7.2027454, 52.315300399999984 ], [ 7.2030064, 52.3152524 ], [ 7.2035165, 52.3152297 ], [ 7.2036608, 52.3152278 ], [ 7.2043678, 52.3151659 ], [ 7.2045002, 52.315113900000014 ], [ 7.2046927, 52.3149708 ], [ 7.2078281, 52.3154529 ], [ 7.2087772, 52.3155621 ], [ 7.2090845, 52.3152334 ], [ 7.2091321, 52.3151824 ], [ 7.2087656, 52.315135 ], [ 7.2064852, 52.3148397 ], [ 7.2060756, 52.3148028 ], [ 7.2059884, 52.314788 ], [ 7.2060029, 52.3147535 ], [ 7.2062021, 52.314744 ], [ 7.2067516, 52.3147345 ], [ 7.2070495, 52.3146723 ], [ 7.2069349, 52.3144874 ], [ 7.2069364, 52.3144116 ], [ 7.206937, 52.3143845 ], [ 7.2069714, 52.3144167 ], [ 7.2070003, 52.3144424 ], [ 7.207148, 52.3144777 ], [ 7.2072532, 52.3144764 ], [ 7.2073779, 52.3144712 ], [ 7.2077712, 52.3145221 ], [ 7.2079487, 52.3144798 ], [ 7.2077289, 52.3143207 ], [ 7.207589, 52.314219400000013 ], [ 7.2075511, 52.3137752 ], [ 7.2073851, 52.3137717 ], [ 7.2069937, 52.3137185 ], [ 7.2068772, 52.3136903 ], [ 7.2068031, 52.3136524 ], [ 7.2066535, 52.3135441 ], [ 7.2064509, 52.313391 ], [ 7.2059132, 52.3128835 ], [ 7.2053801, 52.312886 ], [ 7.2051779, 52.31286 ], [ 7.2051008, 52.3128908 ], [ 7.2040972, 52.312811499999988 ], [ 7.2039752, 52.3128965 ], [ 7.2038827, 52.3128073 ], [ 7.2037789, 52.3127698 ], [ 7.203367, 52.3126633 ], [ 7.2030345, 52.3125362 ], [ 7.2029313, 52.3125159 ], [ 7.2027008, 52.3125303 ], [ 7.2025564, 52.3124522 ], [ 7.2024738, 52.3124408 ], [ 7.2023887, 52.3123984 ], [ 7.2023114, 52.3123239 ], [ 7.2022135, 52.3122955 ], [ 7.2019721, 52.3121425 ], [ 7.2019322, 52.3121071 ], [ 7.2019238, 52.3120998 ], [ 7.2018993, 52.312078299999989 ], [ 7.2016357, 52.3118608 ], [ 7.2016546, 52.3115614 ], [ 7.2016909, 52.3114101 ], [ 7.2016447, 52.3113559 ], [ 7.2015926, 52.3112331 ], [ 7.2015696, 52.3112139 ], [ 7.2012354, 52.3110054 ], [ 7.2010068, 52.3109635 ], [ 7.2008635, 52.3107824 ], [ 7.200843, 52.3107397 ], [ 7.2007282, 52.310499799999981 ], [ 7.2007014, 52.310446 ], [ 7.2005902, 52.3101197 ], [ 7.200578, 52.3100867 ], [ 7.2003851, 52.3096823 ], [ 7.20047, 52.3096527 ], [ 7.2005201, 52.309587 ], [ 7.2005452, 52.309495299999988 ], [ 7.2005474, 52.3093777 ], [ 7.2005305, 52.309315 ], [ 7.2005319, 52.3091757 ], [ 7.2005545, 52.3090017 ], [ 7.2006362, 52.3088032 ], [ 7.2007525, 52.3086384 ], [ 7.2011456, 52.3083893 ], [ 7.2012682, 52.3083229 ], [ 7.1993432, 52.3080992 ], [ 7.1981887, 52.3079235 ], [ 7.1959376, 52.3074252 ], [ 7.1952957, 52.3072978 ], [ 7.1945385, 52.3071885 ], [ 7.1940298, 52.3070965 ], [ 7.1889184, 52.3066156 ], [ 7.1888546, 52.3066096 ], [ 7.1887227, 52.3063986 ], [ 7.189253, 52.3052351 ], [ 7.1892623, 52.3051402 ], [ 7.1890197, 52.3050231 ], [ 7.1890457, 52.304932 ], [ 7.1892908, 52.3040711 ], [ 7.1892759, 52.3040244 ], [ 7.1892684, 52.3040007 ], [ 7.1893231, 52.3039704 ], [ 7.1896697, 52.3040308 ], [ 7.1897063, 52.3039518 ], [ 7.1898824, 52.3036769 ], [ 7.1899154, 52.3035292 ], [ 7.1899654, 52.3035139 ], [ 7.1900935, 52.3034247 ], [ 7.1901507, 52.3034011 ], [ 7.1906451, 52.3034679 ], [ 7.1912108, 52.3037532 ], [ 7.1913299, 52.3038374 ], [ 7.1916028, 52.3039758 ], [ 7.1917509, 52.3040508 ], [ 7.1927571, 52.3042919 ], [ 7.1932742, 52.3044127 ], [ 7.1935804, 52.3044747 ], [ 7.1936824, 52.3044818 ], [ 7.1941236, 52.3036676 ] ], [ [ 7.19367, 52.304585 ], [ 7.1935284, 52.3057672 ], [ 7.1913983, 52.3056206 ], [ 7.1911785, 52.3049239 ], [ 7.1902238, 52.3048261 ], [ 7.1900195, 52.305901700000014 ], [ 7.1899279, 52.3063807 ], [ 7.1899081, 52.3064843 ], [ 7.1931457, 52.3068014 ], [ 7.1945638, 52.3069799 ], [ 7.194842, 52.3045116 ], [ 7.194035, 52.3044891 ], [ 7.1936824, 52.3044818 ], [ 7.19367, 52.304585 ] ] ] } },
{ "type": "Feature", "properties": { "krebsgebiet": "Uelsen, SG" }, "geometry": { "type": "Polygon", "coordinates": [ [ [ 6.9460557, 52.4822715 ], [ 6.945732, 52.482316799999985 ], [ 6.9423285, 52.4826313 ], [ 6.9411703, 52.4827648 ], [ 6.9387162, 52.4829756 ], [ 6.9357053, 52.4832336 ], [ 6.9340248, 52.4834075 ], [ 6.9330887, 52.4833534 ], [ 6.932896, 52.4833395 ], [ 6.9264913, 52.4829007 ], [ 6.9240622, 52.4828195 ], [ 6.9239806, 52.4830861 ], [ 6.9236272, 52.4843577 ], [ 6.9233691, 52.4852529 ], [ 6.9232543, 52.4857103 ], [ 6.9230062, 52.486509599999984 ], [ 6.9228466, 52.4871167 ], [ 6.9224905, 52.488336900000014 ], [ 6.9221046, 52.4896951 ], [ 6.9220979, 52.489742 ], [ 6.9217096, 52.4910787 ], [ 6.9209751, 52.4937101 ], [ 6.9191982, 52.4982118 ], [ 6.9186804, 52.4995171 ], [ 6.9185612, 52.4998175 ], [ 6.9184881, 52.5000017 ], [ 6.9179025, 52.5014776 ], [ 6.9219991, 52.5029329 ], [ 6.9295547, 52.5055171 ], [ 6.9299764, 52.5056675 ], [ 6.9305302, 52.5062449 ], [ 6.9312684, 52.5070271 ], [ 6.9339966, 52.5098069 ], [ 6.9343406, 52.5102027 ], [ 6.9342405, 52.5102537 ], [ 6.9345197, 52.5102477 ], [ 6.9344994, 52.5103032 ], [ 6.9360337, 52.5105203 ], [ 6.9377041, 52.5111056 ], [ 6.9367075, 52.5124092 ], [ 6.9363457, 52.5124884 ], [ 6.9373664, 52.5128241 ], [ 6.9374879, 52.5127794 ], [ 6.9393733, 52.5134843 ], [ 6.9394692, 52.5136124 ], [ 6.9391827, 52.5140121 ], [ 6.9400308, 52.514121800000012 ], [ 6.9411303, 52.5146426 ], [ 6.9416014, 52.5147048 ], [ 6.9413523, 52.5149984 ], [ 6.9413339, 52.5150225 ], [ 6.9412399, 52.5151485 ], [ 6.9411631, 52.5152974 ], [ 6.9477438, 52.5163063 ], [ 6.9474153, 52.5172716 ], [ 6.9471911, 52.5178254 ], [ 6.9510517, 52.5181372 ], [ 6.9516383, 52.5182977 ], [ 6.9516981, 52.5181963 ], [ 6.9520295, 52.5182657 ], [ 6.9517558, 52.5186609 ], [ 6.951391, 52.51938530000001 ], [ 6.951268, 52.5197161 ], [ 6.9511539, 52.520257 ], [ 6.9511987, 52.5212085 ], [ 6.9513442, 52.521877099999983 ], [ 6.952029, 52.5231963 ], [ 6.9521893, 52.5233838 ], [ 6.9531504, 52.5242392 ], [ 6.9534898, 52.5245861 ], [ 6.9535471, 52.5247974 ], [ 6.9535398, 52.5251494 ], [ 6.9533513, 52.5260401 ], [ 6.953188, 52.5263787 ], [ 6.9529019, 52.5266171 ], [ 6.9527443, 52.5266787 ], [ 6.9525123, 52.5267693 ], [ 6.9521539, 52.5268204 ], [ 6.9510095, 52.5268692 ], [ 6.9505978, 52.5269782 ], [ 6.9501488, 52.5272176 ], [ 6.9498187, 52.5275403 ], [ 6.9497165, 52.5277629 ], [ 6.9497052, 52.5280347 ], [ 6.9502053, 52.5290178 ], [ 6.9502854, 52.5292296 ], [ 6.9502841, 52.529473 ], [ 6.9498395, 52.5302848 ], [ 6.9498713, 52.530589 ], [ 6.9499683, 52.5307925 ], [ 6.9502033, 52.5309789 ], [ 6.9504767, 52.5311247 ], [ 6.9508755, 52.5312707 ], [ 6.9511465, 52.5313205 ], [ 6.9513857, 52.5313161 ], [ 6.9525867, 52.5311725 ], [ 6.9530448, 52.531140799999989 ], [ 6.9534503, 52.5312124 ], [ 6.9538928, 52.5313806 ], [ 6.9539565, 52.5314268 ], [ 6.954213, 52.5316125 ], [ 6.9543428, 52.5318766 ], [ 6.9543799, 52.532181199999989 ], [ 6.953937, 52.5332198 ], [ 6.9538349, 52.5333792 ], [ 6.9535266, 52.5336393 ], [ 6.9530495, 52.5338607 ], [ 6.9510182, 52.534611 ], [ 6.9507659, 52.5347474 ], [ 6.9506421, 52.5349276 ], [ 6.9505344, 52.5352673 ], [ 6.9506119, 52.5356015 ], [ 6.9508213, 52.535866 ], [ 6.9510034, 52.5359925 ], [ 6.9512869, 52.5360934 ], [ 6.9518429, 52.5362143 ], [ 6.952236, 52.53632240000001 ], [ 6.9526699, 52.5365234 ], [ 6.9529175, 52.5367618 ], [ 6.9530979, 52.5370077 ], [ 6.9531435, 52.5372538 ], [ 6.9531081, 52.537462599999984 ], [ 6.9489121, 52.5378413 ], [ 6.9500044, 52.5392816 ], [ 6.9505384, 52.5398034 ], [ 6.9505807, 52.5398512 ], [ 6.9504775, 52.5400774 ], [ 6.9503475, 52.5402 ], [ 6.9498573, 52.5405992 ], [ 6.9486826, 52.5412799 ], [ 6.9482307, 52.541648 ], [ 6.9482943, 52.5417194 ], [ 6.9487651, 52.5418463 ], [ 6.9469999, 52.5445582 ], [ 6.9469169, 52.5445475 ], [ 6.9468627, 52.5459515 ], [ 6.9428466, 52.5505672 ], [ 6.9426919, 52.5505239 ], [ 6.94262, 52.5506313 ], [ 6.9381091, 52.5500577 ], [ 6.9369271, 52.5498297 ], [ 6.9348852, 52.5496356 ], [ 6.9339389, 52.5511693 ], [ 6.9311595, 52.5512947 ], [ 6.9311733, 52.5515383 ], [ 6.9261137, 52.551396399999987 ], [ 6.9258728, 52.5524195 ], [ 6.9231167, 52.5523346 ], [ 6.9229525, 52.5523134 ], [ 6.921694, 52.5534179 ], [ 6.9160153, 52.552087 ], [ 6.9128535, 52.5522573 ], [ 6.9126466, 52.55231 ], [ 6.9085249, 52.5525683 ], [ 6.9016718, 52.5529495 ], [ 6.8975909, 52.5531543 ], [ 6.8960938, 52.5532318 ], [ 6.8942988, 52.5533375 ], [ 6.8901335, 52.5535816 ], [ 6.8898806, 52.553582 ], [ 6.887188, 52.555984900000013 ], [ 6.8871294, 52.5561881 ], [ 6.8856318, 52.5575241 ], [ 6.8807637, 52.5621 ], [ 6.8804663, 52.5624239 ], [ 6.8687823, 52.573611 ], [ 6.8684805, 52.5737571 ], [ 6.8681851, 52.5737796 ], [ 6.8661301, 52.5738035 ], [ 6.8582426, 52.5739538 ], [ 6.8566129, 52.5739757 ], [ 6.8564179, 52.5739783 ], [ 6.8546164, 52.574002400000012 ], [ 6.8508029, 52.5741021 ], [ 6.8504776, 52.5741023 ], [ 6.848616, 52.5741637 ], [ 6.8477639, 52.5740387 ], [ 6.8469869, 52.5739351 ], [ 6.8428107, 52.573378599999984 ], [ 6.8426765, 52.5733607 ], [ 6.8410645, 52.5731462 ], [ 6.8408522, 52.573118 ], [ 6.8390987, 52.5728848 ], [ 6.8389512, 52.5728652 ], [ 6.8341952, 52.5722328 ], [ 6.8339256, 52.5721969 ], [ 6.8312046, 52.5718353 ], [ 6.8309754, 52.571805 ], [ 6.8286841, 52.5715004 ], [ 6.8271962, 52.5713026 ], [ 6.8270451, 52.5712826 ], [ 6.8265768, 52.5712204 ], [ 6.8218918, 52.5706058 ], [ 6.821701, 52.5722849 ], [ 6.8176195, 52.5721814 ], [ 6.8111076, 52.5720088 ], [ 6.807859, 52.571918 ], [ 6.8068485, 52.5716641 ], [ 6.8080407, 52.5684974 ], [ 6.8071836, 52.5685478 ], [ 6.8063469, 52.568572 ], [ 6.8000191, 52.568668199999983 ], [ 6.799214, 52.5686823 ], [ 6.7987119, 52.568665200000012 ], [ 6.798376, 52.5686252 ], [ 6.7981068, 52.5685584 ], [ 6.7978241, 52.568457299999984 ], [ 6.7959781, 52.5676954 ], [ 6.7942603, 52.5670099 ], [ 6.7906533, 52.565500899999982 ], [ 6.7898791, 52.5651848 ], [ 6.7897327, 52.5651463 ], [ 6.7893924, 52.5651095 ], [ 6.7875699, 52.564895 ], [ 6.7865773, 52.564743 ], [ 6.7852716, 52.5643708 ], [ 6.7839767, 52.5639909 ], [ 6.7829824, 52.563702899999988 ], [ 6.7827794, 52.5636297 ], [ 6.7826072, 52.5635192 ], [ 6.7823346, 52.563286 ], [ 6.7817069, 52.562665799999984 ], [ 6.7815068, 52.5625214 ], [ 6.7812679, 52.5624416 ], [ 6.778399, 52.5616755 ], [ 6.7781132, 52.5616243 ], [ 6.775954, 52.5614781 ], [ 6.7737576, 52.561332 ], [ 6.7732516, 52.5613341 ], [ 6.7728294, 52.5613939 ], [ 6.7726982, 52.5614461 ], [ 6.7724997, 52.5615249 ], [ 6.7721942, 52.561604 ], [ 6.7719408, 52.5616216 ], [ 6.771613, 52.5616331 ], [ 6.7680585, 52.5616381 ], [ 6.7670484, 52.5616289 ], [ 6.7666935, 52.5616378 ], [ 6.7655204, 52.5616883 ], [ 6.7654454, 52.5616903 ], [ 6.7653705, 52.5616915 ], [ 6.7652957, 52.561692 ], [ 6.7652213, 52.561691800000013 ], [ 6.7651469, 52.5616908 ], [ 6.7650727, 52.5616891 ], [ 6.7649988, 52.5616866 ], [ 6.764925, 52.5616834 ], [ 6.7648514, 52.5616795 ], [ 6.764778, 52.5616748 ], [ 6.7647048, 52.5616694 ], [ 6.7646317, 52.5616632 ], [ 6.7646031, 52.5616605 ], [ 6.7645303, 52.5616535 ], [ 6.7644576, 52.5616454 ], [ 6.7643852, 52.5616368 ], [ 6.7643129, 52.5616274 ], [ 6.764241, 52.5616172 ], [ 6.764169, 52.5616064 ], [ 6.7640972, 52.5615947 ], [ 6.7640258, 52.561582300000012 ], [ 6.7639545, 52.5615691 ], [ 6.7638833, 52.5615553 ], [ 6.7638123, 52.5615406 ], [ 6.7637415, 52.5615254 ], [ 6.7636709, 52.5615093 ], [ 6.7587877, 52.5603596 ], [ 6.7562628, 52.5597675 ], [ 6.7538292, 52.5591948 ], [ 6.7537548, 52.55918 ], [ 6.7536805, 52.5591659 ], [ 6.7536063, 52.5591527 ], [ 6.753532, 52.5591401 ], [ 6.7534578, 52.5591284 ], [ 6.7533836, 52.5591174 ], [ 6.7533094, 52.5591071 ], [ 6.7532354, 52.5590975 ], [ 6.7531613, 52.5590887 ], [ 6.7530872, 52.5590807 ], [ 6.7530132, 52.559073399999981 ], [ 6.7529392, 52.5590669 ], [ 6.7528652, 52.559061 ], [ 6.7527914, 52.559056 ], [ 6.7527175, 52.5590517 ], [ 6.7526435, 52.5590482 ], [ 6.7525697, 52.5590454 ], [ 6.752496, 52.5590434 ], [ 6.7524222, 52.559042 ], [ 6.7523485, 52.5590414 ], [ 6.7522748, 52.5590416 ], [ 6.7522128, 52.5590424 ], [ 6.7521509, 52.5590437 ], [ 6.7520772, 52.559045800000014 ], [ 6.7520037, 52.5590488 ], [ 6.7519302, 52.5590525 ], [ 6.7518567, 52.559057 ], [ 6.7517832, 52.5590621 ], [ 6.7517097, 52.559068 ], [ 6.7516364, 52.5590747 ], [ 6.751563, 52.5590822 ], [ 6.7514897, 52.5590903 ], [ 6.7514164, 52.5590992 ], [ 6.7513431, 52.5591086 ], [ 6.75127, 52.559119 ], [ 6.7511968, 52.5591302 ], [ 6.7511235, 52.559142 ], [ 6.7510503, 52.5591547 ], [ 6.7509773, 52.5591681 ], [ 6.7509042, 52.5591823 ], [ 6.7508312, 52.5591972 ], [ 6.7507582, 52.5592128 ], [ 6.7506852, 52.559229299999984 ], [ 6.7506122, 52.5592465 ], [ 6.7490337, 52.5596697 ], [ 6.7449288, 52.5607747 ], [ 6.7406296, 52.5619308 ], [ 6.7405586, 52.5619488 ], [ 6.7404873, 52.5619662 ], [ 6.740416, 52.561982799999988 ], [ 6.7403446, 52.5619987 ], [ 6.740273, 52.562014 ], [ 6.7402013, 52.5620285 ], [ 6.7401294, 52.5620421 ], [ 6.7400575, 52.5620551 ], [ 6.7399855, 52.5620675 ], [ 6.7399132, 52.5620791 ], [ 6.7398409, 52.5620899 ], [ 6.7397685, 52.5621 ], [ 6.739696, 52.5621095 ], [ 6.7396233, 52.5621182 ], [ 6.7395505, 52.5621261 ], [ 6.7394777, 52.5621334 ], [ 6.7394046, 52.5621398 ], [ 6.7393315, 52.5621457 ], [ 6.7392582, 52.5621507 ], [ 6.7392441, 52.562151600000014 ], [ 6.7391707, 52.5621557 ], [ 6.7390971, 52.5621589 ], [ 6.7390234, 52.5621616 ], [ 6.7389497, 52.5621635 ], [ 6.7388757, 52.562164499999987 ], [ 6.7388016, 52.562165 ], [ 6.7387275, 52.5621647 ], [ 6.7386533, 52.5621637 ], [ 6.7385788, 52.5621619 ], [ 6.7385043, 52.5621595 ], [ 6.7384296, 52.5621563 ], [ 6.7383549, 52.5621523 ], [ 6.7382801, 52.562147799999984 ], [ 6.7382049, 52.5621424 ], [ 6.7381299, 52.5621363 ], [ 6.7380554, 52.562134 ], [ 6.7379792, 52.562122 ], [ 6.7379038, 52.5621137 ], [ 6.7378281, 52.5621048 ], [ 6.7355937, 52.5618132 ], [ 6.7355194, 52.5618044 ], [ 6.7354452, 52.5617963 ], [ 6.7353712, 52.5617889 ], [ 6.7352971, 52.561782499999985 ], [ 6.7352231, 52.561776800000011 ], [ 6.735149, 52.561772 ], [ 6.7350751, 52.5617678 ], [ 6.7350013, 52.5617646 ], [ 6.7349274, 52.5617621 ], [ 6.7348534, 52.5617605 ], [ 6.7347797, 52.5617597 ], [ 6.734706, 52.5617596 ], [ 6.7347007, 52.5617599 ], [ 6.7346322, 52.561760299999989 ], [ 6.7345972, 52.561761 ], [ 6.7345287, 52.5617629 ], [ 6.7345235, 52.561763 ], [ 6.7344499, 52.5617658 ], [ 6.7343764, 52.5617693 ], [ 6.7343028, 52.5617738 ], [ 6.7342294, 52.561779 ], [ 6.7341559, 52.561785 ], [ 6.7340825, 52.5617918 ], [ 6.7340091, 52.5617994 ], [ 6.7339358, 52.5618078 ], [ 6.7338626, 52.5618171 ], [ 6.7337893, 52.5618271 ], [ 6.733716, 52.561838 ], [ 6.7336428, 52.5618496 ], [ 6.7329812, 52.5619631 ], [ 6.7302509, 52.5624353 ], [ 6.7268597, 52.5630208 ], [ 6.7267879, 52.5630329 ], [ 6.7267171, 52.5630458 ], [ 6.726647, 52.5630599 ], [ 6.7265776, 52.563075 ], [ 6.7265088, 52.563091 ], [ 6.726441, 52.5631081 ], [ 6.7264097, 52.5631164 ], [ 6.7263426, 52.5631349 ], [ 6.7262763, 52.5631544 ], [ 6.7262109, 52.5631749 ], [ 6.7261459, 52.5631965 ], [ 6.7260818, 52.563219 ], [ 6.7260185, 52.5632425 ], [ 6.7259744, 52.5631915 ], [ 6.7259581, 52.5631727 ], [ 6.7259436, 52.5631547 ], [ 6.7258901, 52.563095 ], [ 6.725864, 52.5630649 ], [ 6.7257687, 52.5629566 ], [ 6.7256845, 52.562812499999986 ], [ 6.725617, 52.5626736 ], [ 6.7255913, 52.5625891 ], [ 6.7255776, 52.5624727 ], [ 6.7255482, 52.5623586 ], [ 6.7255386, 52.562151 ], [ 6.7255711, 52.5619454 ], [ 6.7255373, 52.5617848 ], [ 6.7254412, 52.561602 ], [ 6.7254153, 52.561522 ], [ 6.7253947, 52.561473899999989 ], [ 6.7253392, 52.5614175 ], [ 6.7252127, 52.5611914 ], [ 6.7251762, 52.5610833 ], [ 6.7250443, 52.5609101 ], [ 6.7250379, 52.5608598 ], [ 6.7250299, 52.5607968 ], [ 6.7249427, 52.5606587 ], [ 6.7249385, 52.5606114 ], [ 6.7249198, 52.560545900000015 ], [ 6.724827, 52.5603756 ], [ 6.7247716, 52.5602988 ], [ 6.7246425, 52.5600714 ], [ 6.7245668, 52.5599306 ], [ 6.7244821, 52.5598043 ], [ 6.7244787, 52.5597258 ], [ 6.724385, 52.5595695 ], [ 6.724313, 52.5594495 ], [ 6.7241866, 52.5591783 ], [ 6.7241247, 52.5590931 ], [ 6.7240061, 52.558862799999986 ], [ 6.7238948, 52.5586063 ], [ 6.7238029, 52.5584588 ], [ 6.7237632, 52.5583512 ], [ 6.7237273, 52.5582956 ], [ 6.7235795, 52.5579778 ], [ 6.7235152, 52.5578717 ], [ 6.7235201, 52.557815600000012 ], [ 6.7235021, 52.5577791 ], [ 6.7234622, 52.5576972 ], [ 6.7234039, 52.5576303 ], [ 6.7233548, 52.5575071 ], [ 6.7233286, 52.5574736 ], [ 6.7233394, 52.5574443 ], [ 6.7232421, 52.557258599999983 ], [ 6.7231978, 52.5572094 ], [ 6.723185, 52.5571325 ], [ 6.7231035, 52.5570498 ], [ 6.7231019, 52.5570483 ], [ 6.7230128, 52.5569277 ], [ 6.7230043, 52.5568248 ], [ 6.7228926, 52.5566903 ], [ 6.7228897, 52.5566512 ], [ 6.7228787, 52.5566247 ], [ 6.7228134, 52.5564679 ], [ 6.7227335, 52.5563776 ], [ 6.7227052, 52.5562735 ], [ 6.7226114, 52.5560797 ], [ 6.7226063, 52.556073200000014 ], [ 6.7225151, 52.555956 ], [ 6.7224532, 52.5557971 ], [ 6.7223905, 52.555722 ], [ 6.7223448, 52.555598 ], [ 6.7222871, 52.5555653 ], [ 6.7222739, 52.5555043 ], [ 6.7222932, 52.5554728 ], [ 6.7222443, 52.5554014 ], [ 6.7222114, 52.555329099999987 ], [ 6.722186, 52.5552989 ], [ 6.7221038, 52.5551326 ], [ 6.7221034, 52.5550849 ], [ 6.7220074, 52.5549394 ], [ 6.7219923, 52.5548923 ], [ 6.7218998, 52.5547875 ], [ 6.721872, 52.5547276 ], [ 6.7218527, 52.554705 ], [ 6.7217104, 52.554538599999987 ], [ 6.7217174, 52.5545154 ], [ 6.7216671, 52.5544405 ], [ 6.721574, 52.5542419 ], [ 6.721477, 52.5540788 ], [ 6.7213982, 52.5539399 ], [ 6.7213911, 52.5538999 ], [ 6.7212304, 52.5535749 ], [ 6.7211775, 52.5534983 ], [ 6.7211817, 52.5534699 ], [ 6.7211737, 52.5534262 ], [ 6.7211126, 52.5533423 ], [ 6.7211161, 52.5533048 ], [ 6.7211511, 52.5532719 ], [ 6.7211234, 52.5532157 ], [ 6.7210872, 52.5531831 ], [ 6.7209927, 52.5530518 ], [ 6.7209536, 52.5529503 ], [ 6.7207088, 52.5526706 ], [ 6.7205784, 52.5525808 ], [ 6.7204992, 52.5525633 ], [ 6.720356, 52.5525619 ], [ 6.7202297, 52.5525884 ], [ 6.7201682, 52.5525734 ], [ 6.7201235, 52.5524886 ], [ 6.7201355, 52.5524136 ], [ 6.7201977, 52.5521955 ], [ 6.7201453, 52.5521544 ], [ 6.7199247, 52.5519814 ], [ 6.7198905, 52.5519183 ], [ 6.7199114, 52.5518698 ], [ 6.7199781, 52.5517151 ], [ 6.7199912, 52.5516701 ], [ 6.7196324, 52.5515312 ], [ 6.719617, 52.5515253 ], [ 6.7195514, 52.55150159999998 ], [ 6.7195504, 52.5515013 ], [ 6.7194643, 52.5514636 ], [ 6.7193114, 52.5514085 ], [ 6.7191887, 52.5513632 ], [ 6.7191554, 52.5513533 ], [ 6.7191297, 52.5513473 ], [ 6.7190933, 52.5513347 ], [ 6.7189181, 52.5512717 ], [ 6.7187678, 52.5512106 ], [ 6.7181833, 52.5509732 ], [ 6.7181789, 52.5509229 ], [ 6.7181762, 52.5508914 ], [ 6.7181299, 52.550881899999986 ], [ 6.7179296, 52.5508417 ], [ 6.7174245, 52.5506944 ], [ 6.7174078, 52.5506896 ], [ 6.7168662, 52.5505217 ], [ 6.7163942, 52.5503812 ], [ 6.7162332, 52.5503276 ], [ 6.7162157, 52.5502755 ], [ 6.7162445, 52.5502017 ], [ 6.7162569, 52.550126 ], [ 6.7162549, 52.5499935 ], [ 6.7162399, 52.549781599999982 ], [ 6.7162365, 52.5497327 ], [ 6.7161262, 52.5494894 ], [ 6.7159906, 52.5492799 ], [ 6.715948, 52.5491823 ], [ 6.716261, 52.5485257 ], [ 6.7161556, 52.548538 ], [ 6.7131807, 52.5489428 ], [ 6.7122816, 52.5490644 ], [ 6.7104647, 52.5493103 ], [ 6.7103449, 52.5493265 ], [ 6.7067499, 52.5498141 ], [ 6.7062207, 52.5498845 ], [ 6.706185, 52.5498894 ], [ 6.7061372, 52.5498965 ], [ 6.7060588, 52.549906400000012 ], [ 6.7011755, 52.550567 ], [ 6.695596, 52.5513239 ], [ 6.6917485, 52.5518453 ], [ 6.6897466, 52.552117 ], [ 6.689541, 52.5521449 ], [ 6.6894265, 52.5521605 ], [ 6.685973, 52.5526304 ], [ 6.685918, 52.5526388 ], [ 6.6853349, 52.5527183 ], [ 6.6853497, 52.5527416 ], [ 6.6850697, 52.5528136 ], [ 6.6850284, 52.5527585 ], [ 6.6847973, 52.5527903 ], [ 6.6847657, 52.5527946 ], [ 6.6847883, 52.5528619 ], [ 6.6845457, 52.5528951 ], [ 6.6845213, 52.552827 ], [ 6.683979, 52.5529003 ], [ 6.6835502, 52.552957799999987 ], [ 6.6834069, 52.5529771 ], [ 6.6833927, 52.552979 ], [ 6.6832605, 52.5529968 ], [ 6.6827131, 52.5530708 ], [ 6.6808797, 52.5533184 ], [ 6.681244, 52.5528374 ], [ 6.6813048, 52.5527571 ], [ 6.6815661, 52.5524133 ], [ 6.6815866, 52.5523852 ], [ 6.6816064, 52.552359 ], [ 6.6823642, 52.5513581 ], [ 6.6827426, 52.5508584 ], [ 6.6827474, 52.550852 ], [ 6.6827686, 52.550824 ], [ 6.6837875, 52.5494793 ], [ 6.6839148, 52.5493101 ], [ 6.6839302, 52.5492898 ], [ 6.6856626, 52.547003399999987 ], [ 6.6867523, 52.545565 ], [ 6.6868013, 52.5454993 ], [ 6.6895438, 52.5418772 ], [ 6.6900537, 52.541204 ], [ 6.6900725, 52.5411792 ], [ 6.6918165, 52.5388765 ], [ 6.6943496, 52.5355316 ], [ 6.6965191, 52.5326663 ], [ 6.6994639, 52.5287705 ], [ 6.7001933, 52.527806 ], [ 6.7010112, 52.5267243 ], [ 6.7011532, 52.5265365 ], [ 6.7015973, 52.52594770000001 ], [ 6.7021321, 52.5252407 ], [ 6.7029242, 52.5241936 ], [ 6.7036021, 52.5232967 ], [ 6.7041382, 52.5225874 ], [ 6.7043672, 52.522287 ], [ 6.7048918, 52.5215989 ], [ 6.7052729, 52.521099 ], [ 6.7052916, 52.5210746 ], [ 6.7053148, 52.5210442 ], [ 6.7053351, 52.5210175 ], [ 6.7053383, 52.521013499999988 ], [ 6.7046315, 52.5182684 ], [ 6.7044734, 52.5176552 ], [ 6.7044559, 52.5175871 ], [ 6.7039503, 52.5156257 ], [ 6.7039406, 52.5155828 ], [ 6.7036766, 52.5144076 ], [ 6.7036503, 52.5142905 ], [ 6.7036405, 52.5142466 ], [ 6.7034527, 52.5134122 ], [ 6.7034277, 52.513300899999983 ], [ 6.7030558, 52.511646 ], [ 6.7025551, 52.509394 ], [ 6.7021016, 52.5073525 ], [ 6.7016748, 52.5054322 ], [ 6.7013429, 52.503936199999984 ], [ 6.7006982, 52.5010327 ], [ 6.7003479, 52.4994549 ], [ 6.7003061, 52.4992739 ], [ 6.6999053, 52.497461699999988 ], [ 6.6998919, 52.4974012 ], [ 6.6997961, 52.4969688 ], [ 6.6997794, 52.4968947 ], [ 6.6996744, 52.4964219 ], [ 6.6993502, 52.4948993 ], [ 6.6986937, 52.4918184 ], [ 6.6986604, 52.4916601 ], [ 6.6986436, 52.4915834 ], [ 6.6979762, 52.4884512 ], [ 6.6975289, 52.4863505 ], [ 6.697781, 52.4862485 ], [ 6.6983285, 52.4860268 ], [ 6.6983989, 52.4859987 ], [ 6.7016378, 52.4846866 ], [ 6.7020482, 52.4845203 ], [ 6.7028244, 52.4842059 ], [ 6.7049327, 52.4833517 ], [ 6.7062367, 52.4828234 ], [ 6.7070152, 52.482508100000011 ], [ 6.7085763, 52.4818769 ], [ 6.708719, 52.4818179 ], [ 6.7091025, 52.4816624 ], [ 6.7102354, 52.481197900000012 ], [ 6.7103091, 52.4811675 ], [ 6.7134112, 52.4798961 ], [ 6.7134577, 52.479877 ], [ 6.7170553, 52.4784018 ], [ 6.717117, 52.4783763 ], [ 6.7172201, 52.4783342 ], [ 6.7177347, 52.4781231 ], [ 6.7204632, 52.4771793 ], [ 6.7219706, 52.477105 ], [ 6.7237778, 52.4770162 ], [ 6.7269387, 52.4756016 ], [ 6.731349, 52.4736276 ], [ 6.7349517, 52.4720149 ], [ 6.7350909, 52.4719526 ], [ 6.7351191, 52.47194 ], [ 6.7388233, 52.4702831 ], [ 6.7405567, 52.4695051 ], [ 6.7448487, 52.4675833 ], [ 6.7448921, 52.4675643 ], [ 6.7449613, 52.4675336 ], [ 6.7451588, 52.4674468 ], [ 6.7489908, 52.4657615 ], [ 6.752742, 52.4641116 ], [ 6.7528703, 52.464085 ], [ 6.7561811, 52.4634017 ], [ 6.7564859, 52.4633388 ], [ 6.7567169, 52.4632901 ], [ 6.7568718, 52.4632592 ], [ 6.7569674, 52.4632397 ], [ 6.7572368, 52.463184 ], [ 6.7606746, 52.462474599999986 ], [ 6.7620756, 52.4621855 ], [ 6.7638814, 52.4618128 ], [ 6.766673, 52.4612367 ], [ 6.7681499, 52.4609318 ], [ 6.7694545, 52.4606625 ], [ 6.7694967, 52.4606538 ], [ 6.7695934, 52.4606338 ], [ 6.7696518, 52.4606217 ], [ 6.769771, 52.4605971 ], [ 6.7710523, 52.4603326 ], [ 6.7722683, 52.4600814 ], [ 6.7742161, 52.4596792 ], [ 6.7745932, 52.4596013 ], [ 6.7759972, 52.4595957 ], [ 6.7783456, 52.4595863 ], [ 6.781099, 52.4595753 ], [ 6.7821458, 52.4595711 ], [ 6.7824173, 52.4595712 ], [ 6.7836529, 52.4595719 ], [ 6.7905412, 52.4595752 ], [ 6.7945624, 52.459569 ], [ 6.7946258, 52.4595689 ], [ 6.7947367, 52.4595687 ], [ 6.7947408, 52.4595687 ], [ 6.7948195, 52.4595686 ], [ 6.7959824, 52.4595667 ], [ 6.7977366, 52.4595643 ], [ 6.7990689, 52.459562100000014 ], [ 6.8018739, 52.4595574 ], [ 6.8020201, 52.4595572 ], [ 6.8042778, 52.4595535 ], [ 6.8044846, 52.4595532 ], [ 6.8104031, 52.4596433 ], [ 6.8136505, 52.4596927 ], [ 6.8158938, 52.4597268 ], [ 6.8159391, 52.4597274 ], [ 6.8160113, 52.4597285 ], [ 6.8160464, 52.459729 ], [ 6.8183079, 52.4597636 ], [ 6.8228723, 52.459831199999989 ], [ 6.8240635, 52.4598488 ], [ 6.8247683, 52.4598595 ], [ 6.8274534, 52.4598992 ], [ 6.8297054, 52.4599324 ], [ 6.8317948, 52.4599631 ], [ 6.8323485, 52.4599301 ], [ 6.8325687, 52.4599172 ], [ 6.8330299, 52.4598895 ], [ 6.8336551, 52.4598523 ], [ 6.8342794, 52.4598154 ], [ 6.8346121, 52.4597957 ], [ 6.8347395, 52.4597881 ], [ 6.8361253, 52.4597058 ], [ 6.8362658, 52.4596975 ], [ 6.8363106, 52.4596948 ], [ 6.8363233, 52.459694 ], [ 6.8364062, 52.459689 ], [ 6.8364819, 52.4596843 ], [ 6.8365034, 52.459683 ], [ 6.8365369, 52.459681 ], [ 6.8373963, 52.4596296 ], [ 6.8392975, 52.4595154 ], [ 6.8393383, 52.4595129 ], [ 6.8404264, 52.4594482 ], [ 6.8428752, 52.459302400000013 ], [ 6.844741, 52.4591913 ], [ 6.8479968, 52.4593677 ], [ 6.8501354, 52.4594835 ], [ 6.8510721, 52.4595343 ], [ 6.8522412, 52.4595976 ], [ 6.8543052, 52.4597093 ], [ 6.8543035, 52.4596995 ], [ 6.8541584, 52.4588891 ], [ 6.8541444, 52.4588215 ], [ 6.854099, 52.4585707 ], [ 6.8540758, 52.4584726 ], [ 6.854019, 52.458129 ], [ 6.8540171, 52.4581186 ], [ 6.8537546, 52.4566695 ], [ 6.8535159, 52.455351899999989 ], [ 6.8534189, 52.4548163 ], [ 6.8534609, 52.4547938 ], [ 6.8533934, 52.4546726 ], [ 6.8532781, 52.4538588 ], [ 6.853243, 52.4538275 ], [ 6.8531146, 52.4531056 ], [ 6.8529197, 52.4520104 ], [ 6.8528171, 52.4514342 ], [ 6.8525471, 52.449917 ], [ 6.8531503, 52.450010899999988 ], [ 6.8543251, 52.4501937 ], [ 6.8559894, 52.450452699999985 ], [ 6.8565898, 52.450546100000011 ], [ 6.8571354, 52.450631 ], [ 6.8572635, 52.450651 ], [ 6.8598112, 52.451048 ], [ 6.860269, 52.4511193 ], [ 6.8603789, 52.4511367 ], [ 6.860883, 52.4512141 ], [ 6.8609961, 52.4512326 ], [ 6.8618209, 52.4513611 ], [ 6.8619306, 52.4513417 ], [ 6.8621499, 52.451302 ], [ 6.8624381, 52.4512513 ], [ 6.8625298, 52.4512354 ], [ 6.8632347, 52.4511105 ], [ 6.8632808, 52.4511028 ], [ 6.8640941, 52.4509581 ], [ 6.8642242, 52.4509337 ], [ 6.8652561, 52.450752 ], [ 6.8670743, 52.4504296 ], [ 6.8692987, 52.4500352 ], [ 6.8694113, 52.4500152 ], [ 6.8694651, 52.4500057 ], [ 6.8696324, 52.4499763 ], [ 6.8697986, 52.4499465 ], [ 6.8703778, 52.4498444 ], [ 6.8709834, 52.4497377 ], [ 6.8722678, 52.449511199999989 ], [ 6.8736496, 52.449267600000013 ], [ 6.8737053, 52.449255199999989 ], [ 6.8743211, 52.4491492 ], [ 6.8743536, 52.4491435 ], [ 6.87445, 52.4491265 ], [ 6.8745039, 52.4491168 ], [ 6.8752691, 52.4489821 ], [ 6.8760567, 52.4488432 ], [ 6.8761266, 52.448831100000014 ], [ 6.8765139, 52.4487626 ], [ 6.8766481, 52.448739 ], [ 6.87967, 52.4482061 ], [ 6.8800322, 52.4481425 ], [ 6.8817159, 52.4478446 ], [ 6.8819889, 52.447797 ], [ 6.8828385, 52.4476472 ], [ 6.8829032, 52.4476357 ], [ 6.8849181, 52.4472804 ], [ 6.8850249, 52.4472601 ], [ 6.885474, 52.4471823 ], [ 6.8856181, 52.4471569 ], [ 6.8856779, 52.4471463 ], [ 6.887202, 52.4468773 ], [ 6.8873705, 52.4468475 ], [ 6.8886035, 52.4466299 ], [ 6.8890639, 52.4465489 ], [ 6.8896828, 52.4463927 ], [ 6.889948, 52.4463258 ], [ 6.8908423, 52.4460995 ], [ 6.8911599, 52.4460191 ], [ 6.8921165, 52.4457773 ], [ 6.892447, 52.4456938 ], [ 6.8928504, 52.4455918 ], [ 6.8929822, 52.4455585 ], [ 6.8946558, 52.4451354 ], [ 6.8953582, 52.4449578 ], [ 6.8956846, 52.4448753 ], [ 6.8965711, 52.4446511 ], [ 6.8967731, 52.4446 ], [ 6.8977063, 52.444364 ], [ 6.8987443, 52.4441013 ], [ 6.8988382, 52.4440776 ], [ 6.9003787, 52.4436877 ], [ 6.9004169, 52.4436781 ], [ 6.9020959, 52.4432537 ], [ 6.902304, 52.4432011 ], [ 6.9026062, 52.4431248 ], [ 6.903867, 52.4428061 ], [ 6.9045707, 52.4426282 ], [ 6.9045777, 52.4426264 ], [ 6.9049679, 52.4425281 ], [ 6.9050858, 52.442498 ], [ 6.9060795, 52.4422468 ], [ 6.9060981, 52.4422433 ], [ 6.9061577, 52.4422319 ], [ 6.9062083, 52.442222199999989 ], [ 6.9063024, 52.4422042 ], [ 6.9064698, 52.4421722 ], [ 6.9069458, 52.4420812 ], [ 6.9070393, 52.4420633 ], [ 6.9081355, 52.4418537 ], [ 6.9085877, 52.4417672 ], [ 6.9094536, 52.4416016 ], [ 6.9115716, 52.4411966 ], [ 6.9116492, 52.4411812 ], [ 6.9117297, 52.4411664 ], [ 6.9120843, 52.4410986 ], [ 6.9133801, 52.4408507 ], [ 6.9139471, 52.440742 ], [ 6.9146737, 52.4406028 ], [ 6.9165878, 52.4402359 ], [ 6.9172817, 52.4401029 ], [ 6.9175712, 52.4400474 ], [ 6.9194623, 52.4396851 ], [ 6.9196069, 52.4396572 ], [ 6.9199385, 52.4395936 ], [ 6.9199608, 52.4395893 ], [ 6.9211239, 52.4393663 ], [ 6.923284, 52.438952199999989 ], [ 6.9234634, 52.4389178 ], [ 6.9235216, 52.4389066 ], [ 6.926866, 52.438265099999988 ], [ 6.9268962, 52.4382593 ], [ 6.9281605, 52.4380168 ], [ 6.928199, 52.4380094 ], [ 6.9282388, 52.438001799999988 ], [ 6.9283122, 52.43798790000001 ], [ 6.9283384, 52.4379829 ], [ 6.9283581, 52.4379791 ], [ 6.9283745, 52.437976 ], [ 6.9283961, 52.4379718 ], [ 6.9284225, 52.4379668 ], [ 6.9297244, 52.4377184 ], [ 6.9300971, 52.4376465 ], [ 6.9317845, 52.4373237 ], [ 6.9326898, 52.4371505 ], [ 6.9326993, 52.4371487 ], [ 6.9327318, 52.4371424 ], [ 6.9327672, 52.4371348 ], [ 6.9336317, 52.436970200000012 ], [ 6.9350804, 52.4366893 ], [ 6.935378, 52.436634899999987 ], [ 6.9376786, 52.4362198 ], [ 6.9392936, 52.43591 ], [ 6.9410943, 52.4355349 ], [ 6.9413845, 52.4354792 ], [ 6.941659, 52.4354265 ], [ 6.9420384, 52.4355177 ], [ 6.9421575, 52.4355503 ], [ 6.942091, 52.4355894 ], [ 6.9421777, 52.4356425 ], [ 6.9423079, 52.435563400000014 ], [ 6.9425812, 52.4356214 ], [ 6.9430936, 52.435730199999988 ], [ 6.9440523, 52.4359337 ], [ 6.9451601, 52.4361687 ], [ 6.9468164, 52.4365202 ], [ 6.9469162, 52.4365414 ], [ 6.9471329, 52.4365874 ], [ 6.9471808, 52.4365975 ], [ 6.9473036, 52.4366236 ], [ 6.9472834, 52.436935 ], [ 6.9475829, 52.4374747 ], [ 6.9489721, 52.4393883 ], [ 6.9490721, 52.4396672 ], [ 6.9490499, 52.4400728 ], [ 6.9489415, 52.4420548 ], [ 6.9489649, 52.4421449 ], [ 6.9491197, 52.4423611 ], [ 6.9500928, 52.443032800000012 ], [ 6.9504655, 52.4433411 ], [ 6.9509499, 52.4438983 ], [ 6.9529368, 52.4455687 ], [ 6.9536082, 52.446056199999987 ], [ 6.9546194, 52.4465872 ], [ 6.954859, 52.4467209 ], [ 6.9549481, 52.4467977 ], [ 6.9550957, 52.4469853 ], [ 6.9551634, 52.4471578 ], [ 6.9551379, 52.4474854 ], [ 6.9550086, 52.4486055 ], [ 6.9549517, 52.449908699999988 ], [ 6.9549617, 52.4501021 ], [ 6.9550485, 52.4503269 ], [ 6.9545193, 52.4501295 ], [ 6.9489348, 52.4519294 ], [ 6.9472419, 52.4524895 ], [ 6.9450927, 52.4531809 ], [ 6.9450153, 52.4532659 ], [ 6.9412688, 52.457702 ], [ 6.9410651, 52.4579474 ], [ 6.940759, 52.4588866 ], [ 6.9409742, 52.4588186 ], [ 6.9417753, 52.4587104 ], [ 6.9430302, 52.4585467 ], [ 6.9432483, 52.4585182 ], [ 6.9434967, 52.4584787 ], [ 6.9452017, 52.4582584 ], [ 6.9453199, 52.458423499999988 ], [ 6.9463942, 52.4601327 ], [ 6.9470165, 52.4611232 ], [ 6.9450406, 52.461119 ], [ 6.944588, 52.461118 ], [ 6.9421784, 52.4611141 ], [ 6.9421927, 52.4611553 ], [ 6.9444504, 52.467159 ], [ 6.9463504, 52.4669267 ], [ 6.9464125, 52.4669212 ], [ 6.9464718, 52.466915899999982 ], [ 6.9484312, 52.466684 ], [ 6.9503218, 52.4664741 ], [ 6.9504412, 52.4664518 ], [ 6.9504963, 52.4665074 ], [ 6.9511881, 52.4675949 ], [ 6.9516257, 52.4682969 ], [ 6.9541151, 52.472258 ], [ 6.9542069, 52.4723693 ], [ 6.9547673, 52.4733091 ], [ 6.9548537, 52.4734479 ], [ 6.9549191, 52.4735504 ], [ 6.9550525, 52.4737595 ], [ 6.9551051, 52.4738417 ], [ 6.9551537, 52.4739215 ], [ 6.9559033, 52.4751259 ], [ 6.9568335, 52.4766138 ], [ 6.9569491, 52.4768064 ], [ 6.9572071, 52.477208200000014 ], [ 6.9572583, 52.4772879 ], [ 6.9572867, 52.477342499999985 ], [ 6.957659, 52.4779339 ], [ 6.9578054, 52.4780886 ], [ 6.9580872, 52.478277500000011 ], [ 6.9582417, 52.4783429 ], [ 6.9642495, 52.4792075 ], [ 6.9641219, 52.4787999 ], [ 6.9643387, 52.4792203 ], [ 6.9654615, 52.479364799999985 ], [ 6.966, 52.479833299999989 ], [ 6.9661295, 52.4799458 ], [ 6.9661025, 52.4800256 ], [ 6.9661248, 52.480219899999987 ], [ 6.9662209, 52.4803515 ], [ 6.9664567, 52.4805622 ], [ 6.966484, 52.4806637 ], [ 6.9664304, 52.4808361 ], [ 6.9662219, 52.4811734 ], [ 6.9659365, 52.4815723 ], [ 6.9642186, 52.4816624 ], [ 6.9624905, 52.4817644 ], [ 6.9552937, 52.4819533 ], [ 6.9551734, 52.481926599999987 ], [ 6.9544405, 52.4819705 ], [ 6.9519851, 52.4820456 ], [ 6.9517941, 52.4820502 ], [ 6.9484558, 52.482146 ], [ 6.9477483, 52.482165 ], [ 6.9474669, 52.4821515 ], [ 6.9463169, 52.482257499999989 ], [ 6.9460557, 52.4822715 ] ] ] } },
{ "type": "Feature", "properties": { "krebsgebiet": "Wietmarschen" }, "geometry": { "type": "Polygon", "coordinates": [ [ [ 7.110213, 52.6012829 ], [ 7.1102833, 52.6013563 ], [ 7.1106654, 52.6016392 ], [ 7.1106156, 52.6017379 ], [ 7.1099285, 52.6020072 ], [ 7.1098313, 52.6013836 ], [ 7.1095859, 52.599952 ], [ 7.1095732, 52.599797 ], [ 7.1100369, 52.599563 ], [ 7.1104806, 52.5993326 ], [ 7.1103239, 52.5978595 ], [ 7.1093964, 52.5892029 ], [ 7.1091574, 52.5869817 ], [ 7.1091521, 52.586933 ], [ 7.1089548, 52.5851458 ], [ 7.108944, 52.5850478 ], [ 7.1085531, 52.5815001 ], [ 7.1083066, 52.5792259 ], [ 7.1077999, 52.573981 ], [ 7.1077452, 52.5734933 ], [ 7.1077536, 52.573412 ], [ 7.1042013, 52.572993 ], [ 7.1036623, 52.5729284 ], [ 7.103223, 52.5723237 ], [ 7.1027489, 52.5716715 ], [ 7.1007454, 52.568922 ], [ 7.1005469, 52.5687017 ], [ 7.0963187, 52.5628949 ], [ 7.0958554, 52.562174299999988 ], [ 7.0878862, 52.5494746 ], [ 7.0877509, 52.5492324 ], [ 7.0873305, 52.5485135 ], [ 7.0871258, 52.5482448 ], [ 7.0864717, 52.5471149 ], [ 7.0862999, 52.5468496 ], [ 7.0836944, 52.5427685 ], [ 7.0839616, 52.541845099999989 ], [ 7.0843377, 52.5406216 ], [ 7.0844869, 52.5401517 ], [ 7.0846177, 52.5396902 ], [ 7.0847258, 52.5394139 ], [ 7.0884188, 52.5267858 ], [ 7.0887374, 52.5257091 ], [ 7.0888628, 52.5248696 ], [ 7.0895768, 52.5205986 ], [ 7.0897591, 52.519999199999987 ], [ 7.0897983, 52.5196179 ], [ 7.0895092, 52.5197086 ], [ 7.088758, 52.519788199999986 ], [ 7.0883148, 52.5192674 ], [ 7.0882804, 52.5191274 ], [ 7.0882002, 52.519107600000012 ], [ 7.0888338, 52.5180803 ], [ 7.0889556, 52.5178356 ], [ 7.0890162, 52.5176379 ], [ 7.0890376, 52.5174113 ], [ 7.0889971, 52.517237 ], [ 7.0889893, 52.5171746 ], [ 7.0889835, 52.5171006 ], [ 7.0889769, 52.5170001 ], [ 7.0889304, 52.5163784 ], [ 7.0889467, 52.5162716 ], [ 7.0890166, 52.5161534 ], [ 7.0892251, 52.515895 ], [ 7.0893856, 52.5156478 ], [ 7.0895894, 52.5152643 ], [ 7.0897924, 52.514867 ], [ 7.0900073, 52.5144423 ], [ 7.0903005, 52.5139543 ], [ 7.0906942, 52.5133892 ], [ 7.0913189, 52.5126191 ], [ 7.0914144, 52.5124585 ], [ 7.0915781, 52.5120217 ], [ 7.0916457, 52.5118828 ], [ 7.0917256, 52.5117771 ], [ 7.0918168, 52.5117132 ], [ 7.0935475, 52.5105495 ], [ 7.0939694, 52.5101823 ], [ 7.0942419, 52.5098857 ], [ 7.0946745, 52.5091068 ], [ 7.0949475, 52.5083613 ], [ 7.0951878, 52.5077148 ], [ 7.0952728, 52.507464 ], [ 7.0953379, 52.5073459 ], [ 7.0962329, 52.5063516 ], [ 7.0967484, 52.505505 ], [ 7.0968996, 52.5052812 ], [ 7.0969319, 52.5052134 ], [ 7.0968182, 52.505137700000013 ], [ 7.0961426, 52.5049768 ], [ 7.0956594, 52.5048886 ], [ 7.0949887, 52.5047859 ], [ 7.0941645, 52.5046853 ], [ 7.0940818, 52.5046653 ], [ 7.0941943, 52.5043847 ], [ 7.0949924, 52.5031385 ], [ 7.0957163, 52.5020277 ], [ 7.0967417, 52.5005936 ], [ 7.0973696, 52.4991244 ], [ 7.0974273, 52.4989894 ], [ 7.0978488, 52.4989441 ], [ 7.0983262, 52.498882300000012 ], [ 7.1021241, 52.4983905 ], [ 7.1080358, 52.4975988 ], [ 7.1098925, 52.4973453 ], [ 7.1100616, 52.4973223 ], [ 7.1143956, 52.4967365 ], [ 7.116905, 52.496407 ], [ 7.1221448, 52.49571490000001 ], [ 7.1541495, 52.4913362 ], [ 7.1544098, 52.4913163 ], [ 7.1573262, 52.4818999 ], [ 7.1575081, 52.4802099 ], [ 7.1575179, 52.4799542 ], [ 7.1586999, 52.4791392 ], [ 7.1591063, 52.4788589 ], [ 7.1591146, 52.478815200000014 ], [ 7.1616296, 52.4770959 ], [ 7.1659651, 52.4741365 ], [ 7.1672163, 52.4732069 ], [ 7.1677554, 52.4729099 ], [ 7.1699932, 52.4713856 ], [ 7.1758556, 52.4674074 ], [ 7.1764264, 52.4657839 ], [ 7.1765772, 52.4654394 ], [ 7.1776011, 52.4631019 ], [ 7.1779597, 52.462319 ], [ 7.178035, 52.4621845 ], [ 7.1805414, 52.45606 ], [ 7.1826746, 52.4548673 ], [ 7.1905819, 52.4505123 ], [ 7.1917992, 52.4498451 ], [ 7.1940874, 52.448606 ], [ 7.2022463, 52.4441392 ], [ 7.2030811, 52.443692 ], [ 7.2114009, 52.4489703 ], [ 7.2125537, 52.4467175 ], [ 7.218727, 52.4488402 ], [ 7.220319, 52.4471022 ], [ 7.2346523, 52.4527505 ], [ 7.2423156, 52.4558057 ], [ 7.2430665, 52.4561 ], [ 7.2437317, 52.4563606 ], [ 7.2439154, 52.456432600000014 ], [ 7.2487305, 52.4583663 ], [ 7.2488391, 52.45839680000001 ], [ 7.2489432, 52.458467 ], [ 7.2518164, 52.4596052 ], [ 7.2526076, 52.4599046 ], [ 7.2583788, 52.4622093 ], [ 7.2580999, 52.4625079 ], [ 7.2647932, 52.4652393 ], [ 7.2663321, 52.4657694 ], [ 7.2675902, 52.4662874 ], [ 7.2751955, 52.4693245 ], [ 7.2726567, 52.4717787 ], [ 7.2719087, 52.472871 ], [ 7.270844, 52.4746546 ], [ 7.2705343, 52.4751773 ], [ 7.2699806, 52.4761308 ], [ 7.2691777, 52.4769649 ], [ 7.2647865, 52.4811032 ], [ 7.2642485, 52.4816011 ], [ 7.2747263, 52.487920100000011 ], [ 7.2745843, 52.4883802 ], [ 7.274548, 52.4887854 ], [ 7.2777665, 52.4940248 ], [ 7.2797013, 52.4956202 ], [ 7.2771874, 52.4981151 ], [ 7.2732519, 52.4967136 ], [ 7.2717444, 52.497132199999989 ], [ 7.2709079, 52.4969484 ], [ 7.2708717, 52.4970571 ], [ 7.2693117, 52.4985475 ], [ 7.2692397, 52.4985056 ], [ 7.268693, 52.4995249 ], [ 7.2683535, 52.5003543 ], [ 7.263345, 52.4986232 ], [ 7.2632693, 52.4986891 ], [ 7.2628123, 52.4990888 ], [ 7.2610952, 52.5003765 ], [ 7.2600153, 52.5003575 ], [ 7.2576364, 52.5007729 ], [ 7.2585634, 52.5027034 ], [ 7.2582809, 52.5062045 ], [ 7.2582439, 52.5067802 ], [ 7.2582464, 52.5069969 ], [ 7.2584812, 52.5070053 ], [ 7.2584668, 52.5070469 ], [ 7.2584564, 52.507077 ], [ 7.2618007, 52.5070099 ], [ 7.2637999, 52.5070251 ], [ 7.2650678, 52.506999900000011 ], [ 7.2657919, 52.5070553 ], [ 7.2677711, 52.5073302 ], [ 7.2682454, 52.5074125 ], [ 7.268715, 52.5074641 ], [ 7.269153, 52.5075286 ], [ 7.270066, 52.5076952 ], [ 7.271392, 52.5078646 ], [ 7.272312, 52.5079821 ], [ 7.2731669, 52.5080385 ], [ 7.2732027, 52.5079252 ], [ 7.279444, 52.508342 ], [ 7.2807491, 52.5083201 ], [ 7.2815863, 52.5108625 ], [ 7.2792342, 52.5107161 ], [ 7.2803648, 52.5143851 ], [ 7.2810384, 52.5164092 ], [ 7.2833978, 52.516696 ], [ 7.2854172, 52.515689 ], [ 7.2855203, 52.51582 ], [ 7.280408, 52.5183836 ], [ 7.2798879, 52.5186862 ], [ 7.2792172, 52.5189847 ], [ 7.2777028, 52.5198746 ], [ 7.2717649, 52.5224634 ], [ 7.2715058, 52.522543699999986 ], [ 7.2708318, 52.5226748 ], [ 7.2663989, 52.5237142 ], [ 7.264045, 52.5242308 ], [ 7.266634, 52.5252979 ], [ 7.2691635, 52.5262621 ], [ 7.2561232, 52.5420294 ], [ 7.2560504, 52.5420215 ], [ 7.2512368, 52.5415001 ], [ 7.2437596, 52.5407221 ], [ 7.2355156, 52.5402395 ], [ 7.2049155, 52.5383317 ], [ 7.1998678, 52.5380257 ], [ 7.1964265, 52.537817 ], [ 7.1963644, 52.5378132 ], [ 7.1960502, 52.5389323 ], [ 7.1954328, 52.5416397 ], [ 7.1975099, 52.5424903 ], [ 7.1969438, 52.5434579 ], [ 7.196979, 52.5436448 ], [ 7.1968627, 52.5438928 ], [ 7.1966842, 52.543964199999984 ], [ 7.1966969, 52.544446500000014 ], [ 7.1966405, 52.544604 ], [ 7.1964774, 52.5448679 ], [ 7.1962706, 52.5450383 ], [ 7.1958766, 52.5452594 ], [ 7.1949098, 52.5455415 ], [ 7.1945535, 52.5457787 ], [ 7.1944323, 52.5459939 ], [ 7.1941997, 52.5467554 ], [ 7.1941569, 52.5470002 ], [ 7.1933277, 52.5494902 ], [ 7.1930256, 52.5495297 ], [ 7.1929424, 52.5495406 ], [ 7.1928591, 52.5495515 ], [ 7.1910717, 52.5497851 ], [ 7.1907285, 52.5497729 ], [ 7.1878891, 52.550689 ], [ 7.1873294, 52.5509484 ], [ 7.1863696, 52.5511847 ], [ 7.1851225, 52.5506823 ], [ 7.1800687, 52.5520444 ], [ 7.1704628, 52.5547033 ], [ 7.1689346, 52.5551446 ], [ 7.1652829, 52.556161800000012 ], [ 7.1623727, 52.5569612 ], [ 7.1620943, 52.5614044 ], [ 7.161929, 52.5638013 ], [ 7.1618541, 52.5654694 ], [ 7.1612909, 52.5673079 ], [ 7.1594814, 52.573543 ], [ 7.1593397, 52.5735367 ], [ 7.1591749, 52.5735293 ], [ 7.1539693, 52.5730367 ], [ 7.1466945, 52.572347099999988 ], [ 7.1448445, 52.579351700000011 ], [ 7.142451, 52.5879193 ], [ 7.1404012, 52.5884125 ], [ 7.1218792, 52.5926457 ], [ 7.1211714, 52.5927836 ], [ 7.1210873, 52.592947 ], [ 7.120421, 52.5946391 ], [ 7.1198677, 52.5960678 ], [ 7.1196892, 52.5961736 ], [ 7.1195974, 52.5962658 ], [ 7.1192935, 52.59631 ], [ 7.1191084, 52.5964031 ], [ 7.1191716, 52.596583 ], [ 7.1190779, 52.5966813 ], [ 7.1190007, 52.5968901 ], [ 7.1190364, 52.5969906 ], [ 7.1190222, 52.597041600000011 ], [ 7.1189756, 52.5971945 ], [ 7.1189784, 52.5973164 ], [ 7.1189488, 52.5973525 ], [ 7.1189725, 52.5974553 ], [ 7.1188831, 52.5975782 ], [ 7.1186884, 52.5976361 ], [ 7.1185931, 52.5976175 ], [ 7.1184417, 52.5976931 ], [ 7.118306, 52.5976837 ], [ 7.1178369, 52.5977908 ], [ 7.1176976, 52.5978642 ], [ 7.1175547, 52.5978351 ], [ 7.1174875, 52.5977845 ], [ 7.1173822, 52.5977695 ], [ 7.1172957, 52.597782699999982 ], [ 7.1171253, 52.5978396 ], [ 7.1169929, 52.5979422 ], [ 7.1168678, 52.598062 ], [ 7.1168367, 52.5981357 ], [ 7.1165208, 52.598183 ], [ 7.1164461, 52.5982938 ], [ 7.1163222, 52.5983856 ], [ 7.1163343, 52.5984296 ], [ 7.1163513, 52.5984518 ], [ 7.1162222, 52.5986925 ], [ 7.1159597, 52.5988458 ], [ 7.1158042, 52.598903 ], [ 7.1156662, 52.5989158 ], [ 7.1153148, 52.5990271 ], [ 7.1149151, 52.599115 ], [ 7.1135744, 52.5996421 ], [ 7.1133912, 52.5996863 ], [ 7.1132904, 52.5997623 ], [ 7.1126007, 52.6000959 ], [ 7.1120166, 52.6002243 ], [ 7.1118663, 52.6003096 ], [ 7.1117182, 52.6003429 ], [ 7.1115233, 52.6003512 ], [ 7.1113031, 52.6003266 ], [ 7.1110737, 52.6004544 ], [ 7.1110147, 52.6005849 ], [ 7.1111049, 52.6007558 ], [ 7.1111464, 52.6008694 ], [ 7.1111286, 52.600913 ], [ 7.110936, 52.6009894 ], [ 7.1107966, 52.601008300000011 ], [ 7.1104895, 52.6012047 ], [ 7.1102714, 52.6011947 ], [ 7.1102093, 52.6012537 ], [ 7.110213, 52.6012829 ] ] ] } }
]
}
