{
"type": "FeatureCollection",
"name": "grafschaft_gemeinden",
"crs": { "type": "name", "properties": { "name": "urn:ogc:def:crs:OGC:1.3:CRS84" } },
"features": [
{ "type": "Feature", "properties": { "BEZ_GEM": "Bad Bentheim", "SCH_GEM": "03456001", "BEZ_KRS": "Grafschaft Bentheim" }, "geometry": { "type": "MultiPolygon", "coordinates": [ [ [ [ 7.1936823664776, 52.304481758631397 ], [ 7.19366999361383, 52.304584999917601 ], [ 7.19352838517211, 52.305767182177703 ], [ 7.19139833447997, 52.305620563492297 ], [ 7.19117854607744, 52.304923853326898 ], [ 7.19022381982944, 52.304826052349597 ], [ 7.1900194715082, 52.30590173473 ], [ 7.18992794017306, 52.306380672946602 ], [ 7.18990813433082, 52.3064843034592 ], [ 7.19314566777435, 52.306801386677897 ], [ 7.19456384792934, 52.306979909709 ], [ 7.19484198244123, 52.304511630243503 ], [ 7.19403498027978, 52.304489130189097 ], [ 7.1936823664776, 52.304481758631397 ] ] ], [ [ [ 7.1936823664776, 52.304481758631397 ], [ 7.19412363981507, 52.303667600422699 ], [ 7.19416171167041, 52.303523210833802 ], [ 7.19416330090474, 52.303296736317101 ], [ 7.19416949778195, 52.303000287560799 ], [ 7.1948757743047, 52.302510190598703 ], [ 7.19516552195311, 52.302309134243501 ], [ 7.19519577005882, 52.302250611567302 ], [ 7.19739816614491, 52.301023799907803 ], [ 7.19752267252423, 52.300215654840997 ], [ 7.19773325742071, 52.2999035871918 ], [ 7.19776278362742, 52.299859826075 ], [ 7.19778968749614, 52.299819963254897 ], [ 7.19798558751447, 52.299764354715798 ], [ 7.19804869199789, 52.299679241000398 ], [ 7.19809001294627, 52.299592410120901 ], [ 7.19813150811349, 52.299062735741103 ], [ 7.19814180757563, 52.298986059538002 ], [ 7.19800012474199, 52.298632235191903 ], [ 7.19787355477342, 52.298635878315302 ], [ 7.19706577872208, 52.298891722082402 ], [ 7.19693130451383, 52.298934312095099 ], [ 7.19682385576026, 52.298951014182002 ], [ 7.19665042264124, 52.298956547906101 ], [ 7.19619934377437, 52.298937159538397 ], [ 7.19486249199326, 52.298137245881399 ], [ 7.19458197602817, 52.297926689211103 ], [ 7.19452022622724, 52.297880337323001 ], [ 7.19445460713483, 52.297795352168201 ], [ 7.19439377475987, 52.297682835886199 ], [ 7.19436054339564, 52.297555186142702 ], [ 7.19436045341271, 52.2975451411222 ], [ 7.19435979393545, 52.2974640175931 ], [ 7.19435883113257, 52.297348532426597 ], [ 7.19451452052991, 52.297310360940202 ], [ 7.19448918132102, 52.297179774752003 ], [ 7.19447953498089, 52.297117674952801 ], [ 7.19447559507896, 52.296691771340001 ], [ 7.19446789264065, 52.296610728929501 ], [ 7.19484219257991, 52.295701104423003 ], [ 7.19503921955818, 52.295190784530803 ], [ 7.19542430117342, 52.294260642200101 ], [ 7.19551904082569, 52.294040446509698 ], [ 7.19586433221784, 52.293201229359397 ], [ 7.19640008236427, 52.291940066223198 ], [ 7.19776722211181, 52.289012604881897 ], [ 7.19778670144422, 52.288970893318997 ], [ 7.19795868378675, 52.288591913535299 ], [ 7.19792306940525, 52.288497587222302 ], [ 7.1984287218843, 52.287357342325798 ], [ 7.19846695414607, 52.287271516114998 ], [ 7.19850214691605, 52.2871919376568 ], [ 7.19913675594607, 52.285759810706203 ], [ 7.1991628827542, 52.285694030793998 ], [ 7.19918868727233, 52.285628965290698 ], [ 7.19957466466672, 52.284701340414301 ], [ 7.1995956847542, 52.284656612870499 ], [ 7.19963934670417, 52.284563316099103 ], [ 7.2000520219652, 52.283551665280498 ], [ 7.20008882831518, 52.283461428875199 ], [ 7.20067092353944, 52.282034229529003 ], [ 7.20081657767969, 52.281677772899201 ], [ 7.20125649892265, 52.281272668328597 ], [ 7.20103496092964, 52.281167471439097 ], [ 7.20133301422967, 52.2805207753592 ], [ 7.20135152817599, 52.280480640008697 ], [ 7.2013841210537, 52.280409967743402 ], [ 7.20140887179376, 52.280359901723898 ], [ 7.20267950511719, 52.277471626279201 ], [ 7.20270778267388, 52.277406777468599 ], [ 7.2027368471907, 52.277340591885498 ], [ 7.20274945528709, 52.277310490989599 ], [ 7.20296013325785, 52.276807279882597 ], [ 7.20365776112606, 52.275074417756898 ], [ 7.20369046292349, 52.275019706667798 ], [ 7.20375462892366, 52.274911884127697 ], [ 7.20402107896588, 52.274202576986802 ], [ 7.20404849423186, 52.274129586281603 ], [ 7.20406505888697, 52.274096928865198 ], [ 7.2040827470367, 52.274061860794298 ], [ 7.20409353454962, 52.274012570858901 ], [ 7.20412084031579, 52.273957148144497 ], [ 7.20413441447874, 52.273929570462002 ], [ 7.20443935186015, 52.273203008411102 ], [ 7.20448543613206, 52.273092752447099 ], [ 7.20450717190435, 52.273040931497803 ], [ 7.20549917992717, 52.270676717971099 ], [ 7.20551453889685, 52.270640103678197 ], [ 7.2060587825488, 52.2692555604417 ], [ 7.20780693717134, 52.264548388120502 ], [ 7.20775571973932, 52.264550173103302 ], [ 7.20607819407912, 52.2646085919394 ], [ 7.20434828879927, 52.2646687797534 ], [ 7.20239435515667, 52.2647385866699 ], [ 7.20043897540034, 52.2648084740947 ], [ 7.19855852994329, 52.264876667364597 ], [ 7.19838745861978, 52.264882904281698 ], [ 7.19707157252237, 52.264930592187497 ], [ 7.1967165605597, 52.2649434583154 ], [ 7.19668407910717, 52.264944688497501 ], [ 7.19667675620272, 52.264944936291201 ], [ 7.19664449881333, 52.264946061985398 ], [ 7.19657719546905, 52.264948414610501 ], [ 7.19650959883529, 52.264950771707802 ], [ 7.19643002668187, 52.264953548231702 ], [ 7.19635656035646, 52.264956094298498 ], [ 7.19494887376717, 52.265005143239101 ], [ 7.19488341967007, 52.265007424269101 ], [ 7.19484821216348, 52.265008657216903 ], [ 7.19481547028272, 52.265009801977499 ], [ 7.19477120797899, 52.265011346011001 ], [ 7.19417412301464, 52.265032137372998 ], [ 7.19214812374339, 52.2651026954222 ], [ 7.19177274564762, 52.265115738305802 ], [ 7.19165727476706, 52.2651197869965 ], [ 7.19057172012078, 52.265158522369099 ], [ 7.19056740433245, 52.265158698988003 ], [ 7.1905148646244, 52.265160528159697 ], [ 7.19051038919396, 52.265160666362597 ], [ 7.18919419491156, 52.265207560441901 ], [ 7.18779193401022, 52.265257542459899 ], [ 7.18676826569274, 52.265294000923902 ], [ 7.18631775586654, 52.265310062463897 ], [ 7.18580240487354, 52.2653284346788 ], [ 7.18499825229409, 52.265357011802202 ], [ 7.18403589718673, 52.265391296192 ], [ 7.18371159413649, 52.265402734387003 ], [ 7.18242638882815, 52.2654479797771 ], [ 7.18109157520228, 52.265494955449903 ], [ 7.18104553548669, 52.265496574852001 ], [ 7.18093087247187, 52.265500526597599 ], [ 7.18091156959649, 52.265501290146602 ], [ 7.18089941660407, 52.265501741269198 ], [ 7.18002163316283, 52.265532728468401 ], [ 7.17910447945466, 52.265564909153397 ], [ 7.17882881348262, 52.2655742248538 ], [ 7.17866673611252, 52.2655797087709 ], [ 7.17851753483205, 52.265584977539703 ], [ 7.178454324989, 52.2655882372161 ], [ 7.17831888876379, 52.265591982753499 ], [ 7.17828730501539, 52.2655930958475 ], [ 7.17817519660612, 52.265596922492698 ], [ 7.17808926047504, 52.265600082983298 ], [ 7.17793457042014, 52.265605536049101 ], [ 7.17792885258741, 52.265605591655799 ], [ 7.17777614634097, 52.265610913285698 ], [ 7.17676407295351, 52.265646160252402 ], [ 7.17561208676868, 52.2656863306349 ], [ 7.17557996026327, 52.2656874525996 ], [ 7.17556606146568, 52.265687588456402 ], [ 7.17555770833687, 52.265687935909597 ], [ 7.17554854709523, 52.265688333813799 ], [ 7.17554059088403, 52.265688651433898 ], [ 7.17442453126996, 52.265727180537702 ], [ 7.17325388178579, 52.265767767606697 ], [ 7.17282552151021, 52.2657830864202 ], [ 7.17253576691634, 52.265793518106598 ], [ 7.17151222737974, 52.265830107114702 ], [ 7.17034277840109, 52.265872005709497 ], [ 7.16935786475634, 52.2659072145659 ], [ 7.16927458737183, 52.265910194076604 ], [ 7.16923460682348, 52.265911633097701 ], [ 7.16917726411415, 52.265913675011802 ], [ 7.16915088893312, 52.265914632664199 ], [ 7.16910590334638, 52.265916254771 ], [ 7.16902145091802, 52.2659192968027 ], [ 7.16897778679775, 52.265920858433198 ], [ 7.16889056144167, 52.2659239742502 ], [ 7.16888454324087, 52.265924204593396 ], [ 7.16792361106275, 52.265958514666501 ], [ 7.16701053653271, 52.265991177289003 ], [ 7.16587483248697, 52.266029104761799 ], [ 7.16586965168045, 52.266029285021098 ], [ 7.16585384934125, 52.266029731841797 ], [ 7.16578081970864, 52.266032256685797 ], [ 7.16576354200717, 52.266032941328199 ], [ 7.16574964476324, 52.266033390763198 ], [ 7.16572783809785, 52.266034085949201 ], [ 7.16554434887684, 52.266040199227803 ], [ 7.16553579280231, 52.2660404888682 ], [ 7.16485200102965, 52.266063165352001 ], [ 7.16434192888954, 52.266080294145198 ], [ 7.16426809543512, 52.266082760595097 ], [ 7.16397779924774, 52.266092362604702 ], [ 7.16309787486238, 52.266121698118702 ], [ 7.16233108216153, 52.266147312433198 ], [ 7.16192829397794, 52.2661607059432 ], [ 7.16083609648516, 52.266198893765903 ], [ 7.16077687173094, 52.2662010641289 ], [ 7.16071617292818, 52.266203085610002 ], [ 7.15930340083166, 52.266252538679801 ], [ 7.15914448738602, 52.266258287923598 ], [ 7.15844218783794, 52.266282859620603 ], [ 7.15790377756262, 52.266301487687699 ], [ 7.1578309773704, 52.266305171128302 ], [ 7.15776722526638, 52.266306244271902 ], [ 7.15674636220997, 52.266341982810502 ], [ 7.15576838416429, 52.266376197572299 ], [ 7.15513568611671, 52.2662827237573 ], [ 7.15511182687753, 52.266279194763101 ], [ 7.15509289076301, 52.2662763991055 ], [ 7.15434425592382, 52.266165634188702 ], [ 7.15353179704863, 52.2660454229054 ], [ 7.15351503367489, 52.266042894765498 ], [ 7.1527982454235, 52.265936889222502 ], [ 7.15277743112201, 52.265933803039601 ], [ 7.15228585074529, 52.265861045095598 ], [ 7.15148150237372, 52.265742358275602 ], [ 7.15073125889693, 52.265631581087803 ], [ 7.15068935149559, 52.265625430592401 ], [ 7.15068642340182, 52.2656250070658 ], [ 7.14981590143149, 52.265496433209897 ], [ 7.14873321929383, 52.265336579380303 ], [ 7.14871396067875, 52.265333804610599 ], [ 7.14747407987061, 52.265150756664703 ], [ 7.14637199942505, 52.2649880139668 ], [ 7.14570407472427, 52.264889395292499 ], [ 7.14491159053608, 52.264772387409003 ], [ 7.14366660071292, 52.264588535573502 ], [ 7.14318602528981, 52.264517549079798 ], [ 7.14309327514487, 52.264503843276998 ], [ 7.14262688802325, 52.264434947976497 ], [ 7.14185434667234, 52.264320831867899 ], [ 7.14181244218629, 52.264314669256997 ], [ 7.14107293680642, 52.264203010279097 ], [ 7.14058354842289, 52.264129194797803 ], [ 7.14050279765952, 52.264116997756602 ], [ 7.14045165290412, 52.264109277389998 ], [ 7.14040719270477, 52.264102561485601 ], [ 7.1403719652972, 52.2640972408755 ], [ 7.14030378237063, 52.264086941136597 ], [ 7.14027092861468, 52.264081981596 ], [ 7.14023468134319, 52.2640765189918 ], [ 7.14023456493391, 52.264076499174301 ], [ 7.13997388766419, 52.264037216029898 ], [ 7.13993007087211, 52.264030537058801 ], [ 7.13988771971348, 52.264024204870502 ], [ 7.13987938970063, 52.264022949632398 ], [ 7.13980552737222, 52.264011795805501 ], [ 7.13939466738568, 52.2639497871874 ], [ 7.13911836925345, 52.2639080619266 ], [ 7.1390764869777, 52.263901736837603 ], [ 7.13875705457469, 52.2638535040318 ], [ 7.13873295356917, 52.2638498599946 ], [ 7.13825697436791, 52.263777972667 ], [ 7.1373252890579, 52.263637317564601 ], [ 7.13683489513039, 52.263563308729999 ], [ 7.13636674174574, 52.263492607280099 ], [ 7.13633758760877, 52.263488208587802 ], [ 7.13565529426512, 52.263385214611098 ], [ 7.13561130080205, 52.263378585187297 ], [ 7.13558692320501, 52.2633749091599 ], [ 7.13556141946226, 52.263371179372498 ], [ 7.13551826223685, 52.263364877833702 ], [ 7.13416253931074, 52.2631661739292 ], [ 7.13273815456223, 52.262957421397502 ], [ 7.13215241531393, 52.262871643038501 ], [ 7.13186585542065, 52.262829621421098 ], [ 7.13131365180359, 52.262748649709899 ], [ 7.13091536744833, 52.262690272319801 ], [ 7.12988943768327, 52.262539946230497 ], [ 7.12974006571846, 52.262518013473198 ], [ 7.12967493255296, 52.262508484214003 ], [ 7.12963082893623, 52.262502075596501 ], [ 7.12956422655096, 52.262492289209099 ], [ 7.12859419409383, 52.262350039954001 ], [ 7.12836158295936, 52.262315330182297 ], [ 7.12825337394447, 52.262299020674902 ], [ 7.12820559219066, 52.262291923772402 ], [ 7.12813735973321, 52.2622818859316 ], [ 7.1278382988403, 52.262236931728502 ], [ 7.12717138526008, 52.262137792008602 ], [ 7.12574844398279, 52.261925524708502 ], [ 7.12524047433057, 52.261849749653997 ], [ 7.12517945466989, 52.261840714839899 ], [ 7.12513802473199, 52.261834526837198 ], [ 7.12506866472457, 52.2618241545903 ], [ 7.1249967267358, 52.2618134086553 ], [ 7.12432566732274, 52.261713143860099 ], [ 7.1236650899983, 52.261614579448803 ], [ 7.12366488573786, 52.261614558218199 ], [ 7.12310918688681, 52.261531684993798 ], [ 7.1229027686986, 52.2615008427302 ], [ 7.12271070683324, 52.261472197634198 ], [ 7.12271050295352, 52.261472167416201 ], [ 7.12271037191511, 52.261472147348599 ], [ 7.12200474666683, 52.261366850607999 ], [ 7.12195005278176, 52.261358652086898 ], [ 7.12185963396267, 52.261345218365399 ], [ 7.12179266273511, 52.2613352238793 ], [ 7.12176905753248, 52.261331701140399 ], [ 7.12100645220915, 52.261217974558001 ], [ 7.1210705957794, 52.261178730522097 ], [ 7.12118430578504, 52.261109163932304 ], [ 7.12120746714874, 52.261063908379597 ], [ 7.12125831422903, 52.2609644685161 ], [ 7.12126930438975, 52.2609429822799 ], [ 7.1213157172945, 52.260937336871301 ], [ 7.12130246940213, 52.260896105566502 ], [ 7.12124695526695, 52.260723263387703 ], [ 7.12123953486216, 52.260700171308798 ], [ 7.12121834747319, 52.260589550029302 ], [ 7.12120246617464, 52.2605066269236 ], [ 7.12118857857148, 52.2604340850745 ], [ 7.12118433324788, 52.260350448005298 ], [ 7.12118369697737, 52.260302412843203 ], [ 7.12121995175825, 52.260178624788203 ], [ 7.12125327567996, 52.260064887825799 ], [ 7.12125675885346, 52.259991156815801 ], [ 7.12125072834981, 52.259960839492202 ], [ 7.12123904058452, 52.259939558764401 ], [ 7.12121925750993, 52.259903528561701 ], [ 7.12105443345296, 52.259720556930901 ], [ 7.12100957425738, 52.259670765730903 ], [ 7.12100112338897, 52.259643979593399 ], [ 7.12099015097194, 52.259609249547701 ], [ 7.12099290506093, 52.259597136519297 ], [ 7.12104622453846, 52.259362239115703 ], [ 7.12105369600664, 52.259334204823901 ], [ 7.12106160791549, 52.259309963077897 ], [ 7.12112749238359, 52.2591324173438 ], [ 7.12112162732138, 52.259030600086703 ], [ 7.12106883720442, 52.258872071057702 ], [ 7.12092207220079, 52.258549375801898 ], [ 7.1208721789353, 52.258412122355899 ], [ 7.1208365187978, 52.2583537734915 ], [ 7.12077143041957, 52.258302131507101 ], [ 7.12070901777142, 52.258269342875202 ], [ 7.12037032496123, 52.258130502776197 ], [ 7.12027805361835, 52.258092436800197 ], [ 7.1202534965256, 52.258082361566402 ], [ 7.12024496306758, 52.258076947491297 ], [ 7.12024243737579, 52.258075342698397 ], [ 7.1202118580918, 52.2580559100195 ], [ 7.12020422397221, 52.258051058762703 ], [ 7.1201875001539, 52.258040433888098 ], [ 7.12018492362497, 52.258031023425602 ], [ 7.12018228902338, 52.257990419578597 ], [ 7.12018334412222, 52.257985913521097 ], [ 7.12019240086763, 52.257944308963701 ], [ 7.12019285920057, 52.257939361796602 ], [ 7.12019576456527, 52.2579326822231 ], [ 7.12026327740081, 52.257816100104499 ], [ 7.12026827388308, 52.257805362575702 ], [ 7.1202835727705, 52.257715247898503 ], [ 7.12028078583683, 52.257709080116797 ], [ 7.12023050761287, 52.2576087134779 ], [ 7.1202219538003, 52.257594774875002 ], [ 7.12011004553259, 52.257472259985398 ], [ 7.12010311657251, 52.257464596535399 ], [ 7.11973527662165, 52.257037139900198 ], [ 7.11972662100006, 52.257025267744801 ], [ 7.11969731989361, 52.256908447389698 ], [ 7.11969084946579, 52.2568958367508 ], [ 7.11964684893427, 52.256870183594998 ], [ 7.11962860668534, 52.256860829260397 ], [ 7.11957952741119, 52.256848897541303 ], [ 7.11948934786995, 52.256826923556801 ], [ 7.11944550784692, 52.256813411778403 ], [ 7.11927548011493, 52.256766669864497 ], [ 7.11926414501239, 52.256764798790599 ], [ 7.11861655385585, 52.256719356007103 ], [ 7.11861274317371, 52.256719034502801 ], [ 7.11844097223503, 52.256691002453302 ], [ 7.11842891248015, 52.256688598223597 ], [ 7.1182685972489, 52.256655785083801 ], [ 7.11824635031694, 52.256650700722197 ], [ 7.11795889106373, 52.256576485004501 ], [ 7.11752205156018, 52.256449685044799 ], [ 7.11749991800979, 52.2564429658458 ], [ 7.11738929761248, 52.256406178461702 ], [ 7.11735979348034, 52.256397741134201 ], [ 7.11722967568499, 52.256371567608497 ], [ 7.1172105493361, 52.2563678815958 ], [ 7.1171461611006, 52.256346919676801 ], [ 7.11712190420643, 52.256343286680398 ], [ 7.11701987554482, 52.256310187761002 ], [ 7.11698767322671, 52.256304917358399 ], [ 7.11646054547202, 52.256262634349298 ], [ 7.11644659742071, 52.256260883156202 ], [ 7.11626309355463, 52.256232148140697 ], [ 7.11625397141829, 52.256230617815497 ], [ 7.11601387506773, 52.256187149809101 ], [ 7.11556161333535, 52.256099120678499 ], [ 7.11532455010537, 52.256048425335401 ], [ 7.11528089473204, 52.256042009459101 ], [ 7.11522636182468, 52.256045400741797 ], [ 7.11521894181484, 52.256047269435399 ], [ 7.11488481960928, 52.256126555014902 ], [ 7.11455119473171, 52.2562130859842 ], [ 7.11416995168144, 52.256311974199903 ], [ 7.11403445958947, 52.256352079615901 ], [ 7.11400590909435, 52.2563522618197 ], [ 7.1139787483966, 52.256349732722903 ], [ 7.11389846155757, 52.256330897791003 ], [ 7.11388148245473, 52.2563253033249 ], [ 7.11379121988059, 52.256293981168596 ], [ 7.11365769755854, 52.256243471463797 ], [ 7.1136520768761, 52.2562409178839 ], [ 7.11340639880089, 52.256121194935901 ], [ 7.11339510458091, 52.2561149179746 ], [ 7.11329724484427, 52.256043397615002 ], [ 7.1132829243947, 52.256026605830399 ], [ 7.11323899970706, 52.255975109076203 ], [ 7.11322669949, 52.255963537839001 ], [ 7.11311901307217, 52.255873966585199 ], [ 7.11304599137827, 52.255776865821801 ], [ 7.11295195497233, 52.2554372262912 ], [ 7.11294207997807, 52.255393727999497 ], [ 7.11293138707487, 52.255294602434702 ], [ 7.11292450962496, 52.255259532411003 ], [ 7.11289275385318, 52.2552078793981 ], [ 7.11286885205995, 52.255183480172498 ], [ 7.11230808428314, 52.254738590839601 ], [ 7.11229762902588, 52.254730510845903 ], [ 7.11198977281047, 52.254486441001603 ], [ 7.11151666213663, 52.254111359472198 ], [ 7.11137541178941, 52.254017077308802 ], [ 7.11137489843458, 52.254016745389698 ], [ 7.11134537798641, 52.2539970305724 ], [ 7.11133184934946, 52.2539885326457 ], [ 7.11109744968442, 52.253851046587698 ], [ 7.11066556380413, 52.2535977407126 ], [ 7.11064675175497, 52.253589113169298 ], [ 7.1106219161842, 52.253573978049303 ], [ 7.11024258639304, 52.253333165270497 ], [ 7.11016477826669, 52.253283759372103 ], [ 7.11016090939361, 52.253281368548301 ], [ 7.1101381258615, 52.253266221222603 ], [ 7.10990266481011, 52.2531242378193 ], [ 7.1098880512238, 52.253115425618297 ], [ 7.10988491138951, 52.2531131183949 ], [ 7.10927614611544, 52.252567915304397 ], [ 7.10926534849011, 52.252557230919201 ], [ 7.10922552075608, 52.252510869597003 ], [ 7.10922308712087, 52.252507116998203 ], [ 7.10919594679826, 52.252428732330401 ], [ 7.10919505653692, 52.252422450787101 ], [ 7.10919251983273, 52.252337761393299 ], [ 7.10919179578113, 52.2523151713971 ], [ 7.1091921330203, 52.252311031582501 ], [ 7.1092028102874, 52.252231193649799 ], [ 7.10921865859315, 52.252112791823599 ], [ 7.1092190403419, 52.252110361162998 ], [ 7.10926886143364, 52.251865251700401 ], [ 7.10927159656377, 52.251851924717897 ], [ 7.10927669003302, 52.251833096570302 ], [ 7.10930670611822, 52.2517095086342 ], [ 7.1093167029383, 52.2516759765236 ], [ 7.10932365900251, 52.251654345796297 ], [ 7.10947568889476, 52.251181699649401 ], [ 7.10947703706691, 52.251177558043501 ], [ 7.10950676733824, 52.251065834643001 ], [ 7.10950959469046, 52.251049991428602 ], [ 7.10951496914528, 52.250907755369099 ], [ 7.10951495462403, 52.250901550797202 ], [ 7.10951143232852, 52.250744245842903 ], [ 7.10950735571078, 52.250562078679401 ], [ 7.10950742070716, 52.250558483001903 ], [ 7.10950489367805, 52.2502640780693 ], [ 7.10950466813665, 52.250254911815297 ], [ 7.10950144776923, 52.250161480416999 ], [ 7.1094951267666, 52.249779209788301 ], [ 7.10949510588943, 52.249772465605602 ], [ 7.10950249524925, 52.249576293024099 ], [ 7.10950264176702, 52.2495700910304 ], [ 7.10949585762659, 52.249368566080001 ], [ 7.10949589398282, 52.249364610271101 ], [ 7.10950110679226, 52.2492389164968 ], [ 7.10950115078925, 52.249234780974298 ], [ 7.10950136763796, 52.249170421154098 ], [ 7.10950207447366, 52.248919858021203 ], [ 7.10949537782581, 52.248786905911999 ], [ 7.10949534359164, 52.248779442170402 ], [ 7.10948295097756, 52.248293965232399 ], [ 7.10948131989304, 52.248229998415802 ], [ 7.10947461919352, 52.248184311644501 ], [ 7.10947493537048, 52.2481796319815 ], [ 7.10947649679451, 52.248141531761803 ], [ 7.10947808359081, 52.248101112063999 ], [ 7.10948007893622, 52.248051428364498 ], [ 7.10948032705797, 52.2480438702352 ], [ 7.10947891905285, 52.247963631831098 ], [ 7.10947908856281, 52.247952754468201 ], [ 7.10949473530846, 52.2478293858398 ], [ 7.10949468298288, 52.247815456702803 ], [ 7.10927702610311, 52.247442910426699 ], [ 7.10926783276746, 52.247426910597298 ], [ 7.1092208332182, 52.247338820252999 ], [ 7.10921823208768, 52.2473345344495 ], [ 7.10914855970984, 52.247253579988403 ], [ 7.10907646766842, 52.247204381725801 ], [ 7.10906383118524, 52.247196320423399 ], [ 7.10855779941637, 52.246944578540997 ], [ 7.10835525200464, 52.246825598672103 ], [ 7.10722300452851, 52.246244584888998 ], [ 7.10706124789612, 52.246175469102901 ], [ 7.10702311634297, 52.246155516105503 ], [ 7.1069928847026, 52.2461351233285 ], [ 7.10661743702246, 52.245947834633 ], [ 7.10525053872271, 52.2452659341402 ], [ 7.10524397513091, 52.245261144027999 ], [ 7.10520288815469, 52.245227736191303 ], [ 7.10520150451726, 52.245225142318702 ], [ 7.10518468388678, 52.245184669872302 ], [ 7.10518500077987, 52.245179639546897 ], [ 7.10519676446357, 52.2450520817804 ], [ 7.1051990097296, 52.245042361716003 ], [ 7.10521803140543, 52.244971362067297 ], [ 7.1052193941144, 52.244967571418798 ], [ 7.10531723984902, 52.244739455543403 ], [ 7.10531877723496, 52.244736378051101 ], [ 7.10541018779112, 52.244626958578003 ], [ 7.10541203189943, 52.244624245681003 ], [ 7.10546069721772, 52.244549909356003 ], [ 7.10546319472957, 52.244544581338999 ], [ 7.10546898842977, 52.244535808423002 ], [ 7.10544301399035, 52.244527964207101 ], [ 7.1040883841215, 52.244120793674398 ], [ 7.10376311456762, 52.244022970028603 ], [ 7.10375544364717, 52.244020796639099 ], [ 7.10364479716466, 52.243993158264999 ], [ 7.10362552761568, 52.2439833622592 ], [ 7.10352151926309, 52.243951892022601 ], [ 7.10202585625084, 52.243500592128797 ], [ 7.10192761637275, 52.243470957654999 ], [ 7.10189856402353, 52.2434621549721 ], [ 7.10188560509943, 52.243474400207802 ], [ 7.10144018873545, 52.243894949055303 ], [ 7.10136029280273, 52.243865887969797 ], [ 7.10114293439188, 52.243786823607898 ], [ 7.10014170665835, 52.243423544303198 ], [ 7.09908525423172, 52.243040466036298 ], [ 7.09906283221836, 52.243032147104998 ], [ 7.09904038132176, 52.243023818712302 ], [ 7.09874755449683, 52.242916900419601 ], [ 7.09857373331046, 52.242755403267601 ], [ 7.09851428744333, 52.242752772974598 ], [ 7.09846373061217, 52.242750537652498 ], [ 7.09841381708161, 52.242748330658202 ], [ 7.09837045322386, 52.242746418011599 ], [ 7.09821209712756, 52.242739172447997 ], [ 7.09691841855671, 52.242680102219801 ], [ 7.09586822796134, 52.242632131199699 ], [ 7.09547358313227, 52.242614055554498 ], [ 7.09344676417426, 52.242521352952899 ], [ 7.09287265635426, 52.2424950729296 ], [ 7.09243327923343, 52.242474951384203 ], [ 7.09220650428859, 52.2424646495517 ], [ 7.09195571063724, 52.242453239597197 ], [ 7.09160265557979, 52.242437172183003 ], [ 7.09073912855697, 52.2423978207364 ], [ 7.09060613791654, 52.2423917576101 ], [ 7.08957811322183, 52.242345015293701 ], [ 7.08951801487837, 52.2423422530034 ], [ 7.08940549214345, 52.2423371043431 ], [ 7.08842169099435, 52.242292074985301 ], [ 7.08734031009371, 52.242242578541699 ], [ 7.08729636528667, 52.242240571475399 ], [ 7.08726994925527, 52.242239352044201 ], [ 7.08625204338381, 52.242192825626098 ], [ 7.0862398072477, 52.242192267522199 ], [ 7.0861312755936, 52.242187315333602 ], [ 7.08575961872754, 52.242170299293598 ], [ 7.08491372469218, 52.242131577802503 ], [ 7.08370235603409, 52.242076224803697 ], [ 7.08368420031644, 52.242075372489602 ], [ 7.08308648204271, 52.242048283701401 ], [ 7.08262260560997, 52.242027188084002 ], [ 7.08247017365961, 52.242020242401502 ], [ 7.0813158342106, 52.241967940546999 ], [ 7.08087594557041, 52.241947677647097 ], [ 7.08033427283891, 52.241923293668599 ], [ 7.07934440545139, 52.241878368548399 ], [ 7.07900340458735, 52.241862855189403 ], [ 7.07896947477443, 52.241861295780701 ], [ 7.07813771468859, 52.2418235289962 ], [ 7.0774554562768, 52.241792382218598 ], [ 7.07678405500426, 52.241761858020702 ], [ 7.07599025347521, 52.241725710754501 ], [ 7.07567670861337, 52.241711453654801 ], [ 7.07530008624207, 52.241694269684501 ], [ 7.07467324694399, 52.241665746069003 ], [ 7.07458252218207, 52.241661631249599 ], [ 7.0741042496097, 52.241639637764301 ], [ 7.07371714163115, 52.241621756080399 ], [ 7.07334956883921, 52.241604326938898 ], [ 7.07114875747915, 52.241499956457901 ], [ 7.06928486913486, 52.241411641043001 ], [ 7.06916437924127, 52.241405893100797 ], [ 7.06817937259971, 52.241359146297398 ], [ 7.06801650163331, 52.241351516465599 ], [ 7.0678269758272, 52.241342793583897 ], [ 7.06763702601856, 52.241334054462399 ], [ 7.06744720802617, 52.241325317193201 ], [ 7.06725752145938, 52.241316590762402 ], [ 7.06718437208068, 52.241313216675003 ], [ 7.06698578298387, 52.241304083231803 ], [ 7.066795818904, 52.241295342519599 ], [ 7.06659739099137, 52.241286211061897 ], [ 7.06617379866961, 52.2412667177285 ], [ 7.06602808459719, 52.2412600047195 ], [ 7.06595420396357, 52.241256608892101 ], [ 7.06585003053356, 52.2412414677028 ], [ 7.06579044414578, 52.241233396493001 ], [ 7.06573042334121, 52.241272021887902 ], [ 7.06177211357613, 52.243794719766299 ], [ 7.05716079031251, 52.246733067584699 ], [ 7.05711846191075, 52.246760038722698 ], [ 7.05685103362345, 52.246930779389302 ], [ 7.05451379568864, 52.248419425580799 ], [ 7.05450716645897, 52.248423614413198 ], [ 7.05446957745029, 52.248447326758999 ], [ 7.05443432923844, 52.248470106560298 ], [ 7.05122373817459, 52.2505151815772 ], [ 7.05120528057225, 52.250527834084401 ], [ 7.05114785528011, 52.250563482751801 ], [ 7.05005738897152, 52.251258130697998 ], [ 7.0486027396765, 52.252186012490903 ], [ 7.04854090944182, 52.252225453580898 ], [ 7.0460835678541, 52.253793020029597 ], [ 7.04266526383835, 52.2559731533076 ], [ 7.04262113709041, 52.256001294409401 ], [ 7.04239786422766, 52.256143682341502 ], [ 7.0403137248321, 52.259287985109097 ], [ 7.03834717726667, 52.262255060829297 ], [ 7.03690174871967, 52.264435171497603 ], [ 7.03625188005896, 52.265414726202899 ], [ 7.03624125146963, 52.265431382159299 ], [ 7.03464315956986, 52.267836743616797 ], [ 7.03417214622935, 52.268546676298797 ], [ 7.03349294700566, 52.269569194228801 ], [ 7.03271831259651, 52.270735345489697 ], [ 7.03265891741885, 52.270825128511497 ], [ 7.03226397151297, 52.271419220320098 ], [ 7.03221131689911, 52.271498415159101 ], [ 7.03207471953958, 52.271703976027801 ], [ 7.03178085493726, 52.271866289284901 ], [ 7.03172641282283, 52.2718964753875 ], [ 7.03107479577704, 52.27225653184 ], [ 7.03021301340933, 52.272731060191298 ], [ 7.0294811926734, 52.273137030836999 ], [ 7.0293762018056, 52.273195074084299 ], [ 7.02930775560634, 52.273232911169401 ], [ 7.02894556783755, 52.273389841626603 ], [ 7.02880288171072, 52.273466227783302 ], [ 7.02868491385211, 52.273546794164503 ], [ 7.02864134634403, 52.273601366590903 ], [ 7.02856964012045, 52.273642610680902 ], [ 7.02854165321451, 52.273758632974499 ], [ 7.02844869036091, 52.274138425642398 ], [ 7.02842731421284, 52.2742260360994 ], [ 7.02839356032251, 52.274364306832901 ], [ 7.02837144739924, 52.274447705768303 ], [ 7.0283648767961, 52.2744818011018 ], [ 7.02831608861192, 52.274681693764698 ], [ 7.02828321047738, 52.274816400324802 ], [ 7.02824149358025, 52.274986755874302 ], [ 7.02815101635862, 52.275357984570398 ], [ 7.02782218731287, 52.276705012401997 ], [ 7.02781924356631, 52.276717165187797 ], [ 7.02780211369417, 52.276787330295001 ], [ 7.02752697814897, 52.277914135168601 ], [ 7.02751774175021, 52.277951782648699 ], [ 7.02770228104395, 52.278365659500103 ], [ 7.02798306643199, 52.278930408847799 ], [ 7.02880608462434, 52.279372509128002 ], [ 7.02890435338778, 52.279471226162499 ], [ 7.02890956016647, 52.279476456448002 ], [ 7.02893330553984, 52.279500330685998 ], [ 7.02961084252362, 52.280181265643201 ], [ 7.02960194776729, 52.2803572857419 ], [ 7.02954395884316, 52.281504605487697 ], [ 7.0295425459707, 52.2815192656129 ], [ 7.0292486476089, 52.282033127025997 ], [ 7.02923310272386, 52.282060310675902 ], [ 7.02922565887214, 52.282072775011301 ], [ 7.02920429997554, 52.282110714772401 ], [ 7.02918091757632, 52.282151633021201 ], [ 7.02914693397122, 52.282211077349501 ], [ 7.02903913346508, 52.282399635266799 ], [ 7.02884009244293, 52.282747785789503 ], [ 7.0283627283867, 52.283582720041302 ], [ 7.02788686275903, 52.284414862957199 ], [ 7.02756743587629, 52.284973432886297 ], [ 7.02737532596787, 52.285309261021197 ], [ 7.02622671531087, 52.2873175021546 ], [ 7.02624416430227, 52.287665787736003 ], [ 7.02624688419174, 52.2877200451127 ], [ 7.02625812492528, 52.287946432182899 ], [ 7.02626320053723, 52.288068086935503 ], [ 7.02626449576369, 52.288099310330303 ], [ 7.02638989939055, 52.291106313539501 ], [ 7.02639018777996, 52.291113349988599 ], [ 7.02639961237541, 52.291339382852598 ], [ 7.02642010031381, 52.291831444724501 ], [ 7.02642619564389, 52.291977673183297 ], [ 7.0267261299735, 52.292404746081601 ], [ 7.02789512869808, 52.294068446911403 ], [ 7.02812280974605, 52.2943924494054 ], [ 7.02813014754301, 52.294402894596701 ], [ 7.02815240876382, 52.294434593980597 ], [ 7.0296736414626, 52.296600939346803 ], [ 7.03023569975523, 52.297398515339196 ], [ 7.03165355679188, 52.2994110473036 ], [ 7.03191037190577, 52.2997754872546 ], [ 7.03193604064045, 52.299810173999298 ], [ 7.03196542402606, 52.299854364078797 ], [ 7.03198058944765, 52.299875864558999 ], [ 7.03245181020306, 52.300543367720401 ], [ 7.03255876289843, 52.300694881897897 ], [ 7.03303830930066, 52.301373149590503 ], [ 7.03350154097014, 52.302028340173798 ], [ 7.03360138892379, 52.302169547255701 ], [ 7.03379914031944, 52.302449213232201 ], [ 7.03459313076082, 52.303171212934302 ], [ 7.03464166328928, 52.3032153433807 ], [ 7.03469126144402, 52.303259923150797 ], [ 7.03587876619187, 52.304340232161401 ], [ 7.03592429811855, 52.304381623587801 ], [ 7.03686265743566, 52.3052347805111 ], [ 7.03824004970518, 52.306487033941302 ], [ 7.03852304093454, 52.306744279333401 ], [ 7.03855216407502, 52.306770713488 ], [ 7.03858902666455, 52.306805908337203 ], [ 7.03862094519428, 52.306833153212601 ], [ 7.03863299078734, 52.306844053557199 ], [ 7.03864803787579, 52.306857737268501 ], [ 7.03866910658791, 52.306876898103901 ], [ 7.0387455045062, 52.306946235105897 ], [ 7.03882879620264, 52.307021899897997 ], [ 7.03895852260779, 52.3071395722746 ], [ 7.03912630803482, 52.3072919555025 ], [ 7.03916210290082, 52.307324443881001 ], [ 7.03949483256522, 52.307626536699097 ], [ 7.03976466990176, 52.308298011117401 ], [ 7.04000791097495, 52.308903250267598 ], [ 7.04004512253409, 52.308996024978001 ], [ 7.04006256678208, 52.309039484198301 ], [ 7.04009572318227, 52.309122111763202 ], [ 7.04010913709184, 52.309155523172002 ], [ 7.04012845189045, 52.309203797069998 ], [ 7.04053845680778, 52.3102235645527 ], [ 7.04098772537366, 52.310756625880003 ], [ 7.04113107081079, 52.310926719060198 ], [ 7.04131267533096, 52.311142064010198 ], [ 7.04127062802985, 52.311162029718602 ], [ 7.03868294168087, 52.312379342428699 ], [ 7.03877902861901, 52.3124004325717 ], [ 7.0389532898126, 52.312439617602799 ], [ 7.03920491236706, 52.312495714739804 ], [ 7.04079827379883, 52.312814647046601 ], [ 7.04250811965474, 52.313215659569103 ], [ 7.04283221423203, 52.313285682630301 ], [ 7.04316029651364, 52.313368431328598 ], [ 7.0432001181456, 52.313378325795597 ], [ 7.04356994376404, 52.313471674025998 ], [ 7.04352172217648, 52.313541119018701 ], [ 7.0434953986924, 52.313581101016197 ], [ 7.04345493768378, 52.313637915200701 ], [ 7.04343862161008, 52.313661563045798 ], [ 7.04342598503026, 52.313679957701602 ], [ 7.04339764330227, 52.313723116309298 ], [ 7.04335080684797, 52.313789419070801 ], [ 7.0433182113045, 52.313836877189502 ], [ 7.04328719988463, 52.313882014689 ], [ 7.0437189083181, 52.313994128622703 ], [ 7.04479200037614, 52.314272681149603 ], [ 7.0454800157568, 52.314464032618403 ], [ 7.04623880306069, 52.314690261207602 ], [ 7.04710901795251, 52.314970758793201 ], [ 7.0472084681904, 52.315042638300703 ], [ 7.04730021619051, 52.315116179724299 ], [ 7.04742006350271, 52.315207333042103 ], [ 7.04635890384844, 52.3166219136709 ], [ 7.04580952076823, 52.316452517912801 ], [ 7.04578632735311, 52.316445444204398 ], [ 7.04609633887225, 52.316811801251397 ], [ 7.04712350613834, 52.318029546578799 ], [ 7.04745424968629, 52.318420412588999 ], [ 7.04747807657377, 52.318449787071003 ], [ 7.04755009506288, 52.318679674884599 ], [ 7.04764245427047, 52.319329446630697 ], [ 7.04766903109048, 52.319516681342698 ], [ 7.04811157825886, 52.319948094248097 ], [ 7.04778957723346, 52.320434199614503 ], [ 7.04763707418724, 52.320826139025201 ], [ 7.04747228364179, 52.321008519401097 ], [ 7.04723641460989, 52.321292455368997 ], [ 7.0469554831703, 52.322828983155503 ], [ 7.04696367549006, 52.322925843225804 ], [ 7.04698389048819, 52.323193521156902 ], [ 7.04717995331056, 52.3237440570392 ], [ 7.04719890434619, 52.323772577617603 ], [ 7.04722115872348, 52.323806062326099 ], [ 7.04758540495114, 52.324354199009598 ], [ 7.04802752724844, 52.324932647103303 ], [ 7.0495277731412, 52.326295895558097 ], [ 7.05035300814604, 52.327032163412802 ], [ 7.0504060421587, 52.3270816574042 ], [ 7.05209604059227, 52.328658878916698 ], [ 7.05213451619824, 52.328694752229602 ], [ 7.05338209397095, 52.330112965571701 ], [ 7.0541315627832, 52.330864034154402 ], [ 7.05427310235373, 52.331005621417603 ], [ 7.05458630230627, 52.331400150953797 ], [ 7.05493403678884, 52.331728943117703 ], [ 7.0554067047429, 52.332129144683996 ], [ 7.05544622440584, 52.332162759136402 ], [ 7.05494972314742, 52.332720452806903 ], [ 7.0548142943771, 52.332947161551999 ], [ 7.05491818961697, 52.333176480946499 ], [ 7.05588802532449, 52.334485696863503 ], [ 7.05607880826462, 52.334825515237398 ], [ 7.05614875691531, 52.334954565155698 ], [ 7.05625883935734, 52.335449052898298 ], [ 7.05628363897271, 52.336814795390801 ], [ 7.05628328508217, 52.336881436414401 ], [ 7.05629424715516, 52.337413343894198 ], [ 7.05624673111227, 52.337961544153501 ], [ 7.05708122476078, 52.3386942272437 ], [ 7.05710279555904, 52.338713168008702 ], [ 7.05713082632222, 52.338737780920702 ], [ 7.05718247779751, 52.338783130676298 ], [ 7.05739857890323, 52.338972985008802 ], [ 7.05776548113961, 52.3392952944019 ], [ 7.05797483080438, 52.339479200972399 ], [ 7.05872959202435, 52.3401418909718 ], [ 7.05875326930312, 52.3401627093494 ], [ 7.05877667890252, 52.340183271553997 ], [ 7.05879624402258, 52.3402004436265 ], [ 7.05884049066868, 52.340239304774698 ], [ 7.05901120279372, 52.340389206083799 ], [ 7.06097526268033, 52.342113835685801 ], [ 7.06118674922141, 52.342299497797903 ], [ 7.06122842871226, 52.3423360589479 ], [ 7.06245787307824, 52.343415260701903 ], [ 7.0636929996032, 52.344500171048502 ], [ 7.06373230877821, 52.344534624321703 ], [ 7.06439760068639, 52.345118822643798 ], [ 7.0644710447002, 52.3451832199707 ], [ 7.06548646424063, 52.346073714952901 ], [ 7.06561981662007, 52.346190858003503 ], [ 7.06636216710936, 52.346840975126298 ], [ 7.06649220882559, 52.346956030824103 ], [ 7.06750193179748, 52.347841621866898 ], [ 7.06803427190791, 52.348308502654803 ], [ 7.06830353630242, 52.348544649762502 ], [ 7.06855706259753, 52.348767006366899 ], [ 7.06939590923648, 52.349502672931798 ], [ 7.07066953358485, 52.350619598228803 ], [ 7.07125586657773, 52.3511314769924 ], [ 7.07141942623214, 52.3512785902223 ], [ 7.0721177316063, 52.351889555853099 ], [ 7.07225508123307, 52.351876169741203 ], [ 7.07225252092143, 52.351930950401197 ], [ 7.07225066614836, 52.351979978889801 ], [ 7.07222460720928, 52.352600664796398 ], [ 7.07220741174056, 52.352998114334198 ], [ 7.07220530359707, 52.353021584251103 ], [ 7.07220259565374, 52.353086163451799 ], [ 7.0721703543333, 52.353855597048302 ], [ 7.07213691144386, 52.354653613555698 ], [ 7.07213461292264, 52.354708443423 ], [ 7.07212790459746, 52.354865931540402 ], [ 7.0720915751828, 52.355698500888899 ], [ 7.07208693642634, 52.355829353367497 ], [ 7.07208231125555, 52.355938302278197 ], [ 7.07205730467918, 52.356526239221097 ], [ 7.07208628879199, 52.356945347864098 ], [ 7.07213230465369, 52.357610486572902 ], [ 7.07213651331951, 52.357671015445199 ], [ 7.07215347079839, 52.357914697486699 ], [ 7.07219131518157, 52.358471379718601 ], [ 7.0721990862075, 52.358572204563501 ], [ 7.07228113654496, 52.359754737836901 ], [ 7.07240863201202, 52.3615928144999 ], [ 7.0724228300975, 52.361804458868903 ], [ 7.07242577400811, 52.361839736358498 ], [ 7.07242842093294, 52.361877787435702 ], [ 7.07243402743329, 52.361958516420799 ], [ 7.07253648823538, 52.363433935522401 ], [ 7.07254320452052, 52.363530678805802 ], [ 7.07266442618884, 52.365277763656003 ], [ 7.07277046148989, 52.366804978190402 ], [ 7.07276191553817, 52.366827515819899 ], [ 7.07235582208757, 52.367793386643399 ], [ 7.07226510024968, 52.368009631105402 ], [ 7.07220941040365, 52.3698554795711 ], [ 7.07226877377433, 52.370952417366901 ], [ 7.07229156889864, 52.3716882099028 ], [ 7.07228933437475, 52.3717229892329 ], [ 7.07222936224316, 52.372614264148403 ], [ 7.07221736707069, 52.372786456912998 ], [ 7.07238267611036, 52.372787661371198 ], [ 7.07304931579554, 52.3727736465246 ], [ 7.07420475635658, 52.3726639849177 ], [ 7.0742081793861, 52.3727088911942 ], [ 7.0742098237154, 52.372730524994701 ], [ 7.07457058708804, 52.372722467497702 ], [ 7.07471328923547, 52.372710100507 ], [ 7.07522529060885, 52.3726545206043 ], [ 7.07559272549072, 52.372614639234897 ], [ 7.07579179225665, 52.372546937052597 ], [ 7.07593197820824, 52.372428524762903 ], [ 7.07643347638672, 52.371881301661404 ], [ 7.07661256124659, 52.371603946609603 ], [ 7.07672641731861, 52.371275895459597 ], [ 7.07715857067956, 52.370877764427497 ], [ 7.07728369835574, 52.370823755640203 ], [ 7.07734458209802, 52.370839825452002 ], [ 7.07805588252216, 52.370627109927099 ], [ 7.0780565340812, 52.370622930405702 ], [ 7.07809744252167, 52.370610162291896 ], [ 7.07809474387022, 52.370560664184602 ], [ 7.07806797038228, 52.370063150898503 ], [ 7.078051493855, 52.369756824227203 ], [ 7.07803144330391, 52.369275344487797 ], [ 7.07800095957636, 52.368492159088802 ], [ 7.07797349123978, 52.368180869941597 ], [ 7.07813092814594, 52.367542144539399 ], [ 7.07830853398378, 52.366989239837103 ], [ 7.07840265987895, 52.366736477113598 ], [ 7.07840713325931, 52.366447287543302 ], [ 7.07843056556566, 52.364905685341 ], [ 7.07854227460621, 52.364677135308597 ], [ 7.07853507775771, 52.3645755920884 ], [ 7.07844210376471, 52.364391090216202 ], [ 7.07833898721708, 52.364186479734599 ], [ 7.07845960182419, 52.363742543973899 ], [ 7.07846084892618, 52.363696886506297 ], [ 7.07848863686932, 52.362670757902301 ], [ 7.07848998019185, 52.362277663285198 ], [ 7.08055170854318, 52.362914502181098 ], [ 7.08133533859264, 52.3631565370194 ], [ 7.08147547205785, 52.363200318338698 ], [ 7.08485788916814, 52.364256995701297 ], [ 7.08616801741419, 52.365196005901097 ], [ 7.09155278958271, 52.362735682482999 ], [ 7.09656776842147, 52.360462389953 ], [ 7.09977906090354, 52.359657629915297 ], [ 7.09804182845385, 52.358518035106997 ], [ 7.09795777975435, 52.358471184115601 ], [ 7.09454304674852, 52.354209223316502 ], [ 7.09442584894151, 52.354168578767798 ], [ 7.09443342415347, 52.354125280162499 ], [ 7.09466174306182, 52.352819541120297 ], [ 7.09494564372253, 52.351195861914597 ], [ 7.09589694877257, 52.345690397424299 ], [ 7.09639906260041, 52.342994420528697 ], [ 7.09680905852085, 52.340633605462799 ], [ 7.09698767507142, 52.339506497509099 ], [ 7.09710055641802, 52.339414352936203 ], [ 7.09720215066989, 52.339373099237001 ], [ 7.09731100546442, 52.339360358169699 ], [ 7.10000306321882, 52.339027228522497 ], [ 7.10146301804163, 52.338779155037102 ], [ 7.10209438413326, 52.338751491524697 ], [ 7.10401287510383, 52.338789270950997 ], [ 7.1088539555136, 52.338079748355099 ], [ 7.1091045559313, 52.337945018842198 ], [ 7.10920209881807, 52.337750651687003 ], [ 7.10955294364536, 52.336416552365698 ], [ 7.10996406590927, 52.335947786641299 ], [ 7.11007844424363, 52.335929835153003 ], [ 7.11058891355344, 52.335962099692701 ], [ 7.11218626049538, 52.336023787419997 ], [ 7.1136462765465, 52.3342010328493 ], [ 7.11276477704137, 52.3334734795136 ], [ 7.11250991531566, 52.333263119826903 ], [ 7.1125929752773, 52.3331683620601 ], [ 7.11285224145275, 52.332872596354498 ], [ 7.11299183413798, 52.332762070992601 ], [ 7.11429439137516, 52.332443078765202 ], [ 7.11455926580582, 52.332323581866902 ], [ 7.11627260624114, 52.331877058857501 ], [ 7.11676977832523, 52.330645934110798 ], [ 7.11666497833748, 52.330538314092699 ], [ 7.11566652095975, 52.329874466155601 ], [ 7.11549886753581, 52.329763000882899 ], [ 7.11736777738343, 52.328788615412002 ], [ 7.11763623266178, 52.328556413156399 ], [ 7.11822161933993, 52.327447626196502 ], [ 7.11816163975291, 52.327370510986803 ], [ 7.11826604699622, 52.327382874626601 ], [ 7.11858510113266, 52.327420867151403 ], [ 7.11922050846985, 52.3272263728512 ], [ 7.11967703245025, 52.327187838354902 ], [ 7.11981408612168, 52.327134271874499 ], [ 7.1200451438585, 52.326923768228603 ], [ 7.12037723763068, 52.326879150128498 ], [ 7.12053038277507, 52.326832645619596 ], [ 7.12086413084901, 52.326694952650698 ], [ 7.12127884866633, 52.326523847905897 ], [ 7.12150289154987, 52.326511226600999 ], [ 7.12186472756646, 52.326595838214402 ], [ 7.12187886637322, 52.326618901912802 ], [ 7.12227449773447, 52.326479068945702 ], [ 7.12245864599282, 52.326287425677499 ], [ 7.12317265692292, 52.325960687416597 ], [ 7.12326437863025, 52.325918715171397 ], [ 7.12335869007568, 52.325996193458799 ], [ 7.12347621806454, 52.326098641776703 ], [ 7.12424565165166, 52.3264440421232 ], [ 7.12423943043322, 52.3267263717849 ], [ 7.12491997928479, 52.327002972288298 ], [ 7.12505411695788, 52.327116400753098 ], [ 7.12514639976392, 52.3273610185134 ], [ 7.12514911640887, 52.327372085427697 ], [ 7.12519397600157, 52.327554735014097 ], [ 7.12514961699333, 52.3281976546373 ], [ 7.12510067299208, 52.328300012132999 ], [ 7.12495299290786, 52.328464013563298 ], [ 7.12480537253688, 52.328567591736402 ], [ 7.12518642778886, 52.329442416263603 ], [ 7.12615223181297, 52.329842316890598 ], [ 7.12768806096971, 52.330473125475699 ], [ 7.12518734528351, 52.332445449599597 ], [ 7.12628790869561, 52.332819001927398 ], [ 7.12864747638325, 52.333632570448401 ], [ 7.13208829508837, 52.333098802135098 ], [ 7.13223515037176, 52.333076037813697 ], [ 7.13338554325475, 52.3328992849641 ], [ 7.13820946536389, 52.333588113583303 ], [ 7.1395094590143, 52.3339313081417 ], [ 7.1396524377793, 52.333970102266697 ], [ 7.14064512541118, 52.3342394416673 ], [ 7.14103881661765, 52.334346255014097 ], [ 7.14308844988846, 52.334903607604602 ], [ 7.14540065505877, 52.335532934181899 ], [ 7.14764929537632, 52.336135861763097 ], [ 7.15062279955486, 52.336933167156303 ], [ 7.15096597528395, 52.336993388741099 ], [ 7.15105920372579, 52.337017956604598 ], [ 7.15113500175214, 52.336911081738201 ], [ 7.15349214900652, 52.337460099075997 ], [ 7.1536032177011, 52.336693231542199 ], [ 7.15366623541232, 52.336611799411003 ], [ 7.15428674940557, 52.335809967495301 ], [ 7.154710472015, 52.335278709127401 ], [ 7.15459076397447, 52.334737701176302 ], [ 7.1546603565642, 52.334063877186402 ], [ 7.15486019795242, 52.333053643125297 ], [ 7.15466076309673, 52.332523977797301 ], [ 7.15495555468176, 52.331623126350202 ], [ 7.15543049175329, 52.326858075129799 ], [ 7.15543913165712, 52.326771395848802 ], [ 7.15787694602774, 52.327514450821297 ], [ 7.16055953901261, 52.3283320224511 ], [ 7.16076025385201, 52.328372220731502 ], [ 7.16746269824696, 52.326942767417002 ], [ 7.16769505910478, 52.326852859670304 ], [ 7.16788881912141, 52.326837612523299 ], [ 7.17316734524443, 52.325672060590598 ], [ 7.17353214566957, 52.325330626469899 ], [ 7.17426347931696, 52.324576747947802 ], [ 7.17436896330068, 52.324467997512002 ], [ 7.17482958822681, 52.323993130489299 ], [ 7.17493364415109, 52.323885850095003 ], [ 7.17569364715962, 52.323111635248402 ], [ 7.17574519750094, 52.323092739892303 ], [ 7.17819310702688, 52.322058186325897 ], [ 7.17887478558957, 52.321602574681201 ], [ 7.17897269541932, 52.321512369986102 ], [ 7.17891340476913, 52.321273178067997 ], [ 7.17865396902844, 52.321195068485501 ], [ 7.17942226905687, 52.319704524298302 ], [ 7.18165159265649, 52.319789582429799 ], [ 7.18172768676343, 52.319522624207103 ], [ 7.181866116171, 52.319528262135002 ], [ 7.18194228331155, 52.319531502772797 ], [ 7.18204485639771, 52.319534880095098 ], [ 7.18218690168787, 52.319542155830597 ], [ 7.18340908334265, 52.319604786742303 ], [ 7.18392416370807, 52.319628533762 ], [ 7.18503630912325, 52.320219456833399 ], [ 7.18511510796761, 52.320261327826103 ], [ 7.18523392634106, 52.320183308242001 ], [ 7.18603385658352, 52.319384734685499 ], [ 7.18600690840821, 52.319347635019398 ], [ 7.18595072344446, 52.319318628285899 ], [ 7.18425985320794, 52.318446623355499 ], [ 7.18393813537056, 52.3182804570068 ], [ 7.18369110280618, 52.317426411362597 ], [ 7.18414563376562, 52.317115098099798 ], [ 7.18417460089982, 52.317088478748801 ], [ 7.18424068540727, 52.317051190571597 ], [ 7.18493419751116, 52.316561108694501 ], [ 7.18732056340565, 52.316102773621097 ], [ 7.18826554116979, 52.316236683073697 ], [ 7.18860332057976, 52.316318562938498 ], [ 7.18918133669647, 52.316555436453797 ], [ 7.18927090506188, 52.316648991738397 ], [ 7.1891017949596, 52.316719410539797 ], [ 7.18844972719671, 52.316914328564302 ], [ 7.18849777205025, 52.316959394154502 ], [ 7.18852134073428, 52.317003814539802 ], [ 7.18885504424329, 52.317318603579203 ], [ 7.18928228869883, 52.3177717679892 ], [ 7.18961286416779, 52.317983732808599 ], [ 7.18964158911177, 52.3180097092959 ], [ 7.18948700254993, 52.318118169976302 ], [ 7.18903722549229, 52.318433748590998 ], [ 7.18879193627046, 52.3186376030772 ], [ 7.18970430301215, 52.319370560381103 ], [ 7.18983634747891, 52.319356489399397 ], [ 7.19055578691581, 52.318673003251703 ], [ 7.19076245267162, 52.318792781551601 ], [ 7.19089714927166, 52.318875868289297 ], [ 7.19098530882137, 52.319004162129502 ], [ 7.19103177789956, 52.319071789402997 ], [ 7.19155972296652, 52.319406090135701 ], [ 7.19165597822943, 52.319488128754699 ], [ 7.19172237022487, 52.319544713404802 ], [ 7.19183470147518, 52.319629066085596 ], [ 7.19241568732598, 52.3204299396007 ], [ 7.19248717708341, 52.320569594243302 ], [ 7.19262357611886, 52.320646761546797 ], [ 7.19370019212357, 52.320566842940003 ], [ 7.19410146587565, 52.3205362039512 ], [ 7.19428395384752, 52.320522269902703 ], [ 7.19424629426026, 52.319248934005799 ], [ 7.19429257068002, 52.319235290984203 ], [ 7.19436198525694, 52.319214826417202 ], [ 7.19442666445732, 52.319220571842997 ], [ 7.19457500058645, 52.319233728422603 ], [ 7.1945735050484, 52.3192145984221 ], [ 7.19454968862833, 52.318911172638003 ], [ 7.19442800794657, 52.318729498453202 ], [ 7.19455829000978, 52.317997038722403 ], [ 7.19462740914541, 52.317250623966999 ], [ 7.19467326522565, 52.316974743444398 ], [ 7.19482511109133, 52.316650579693302 ], [ 7.19485835631084, 52.316579964325499 ], [ 7.19569809908667, 52.316776855049099 ], [ 7.19572565538264, 52.316752279418402 ], [ 7.1958046463279, 52.316682398652198 ], [ 7.19748775233059, 52.315193249944898 ], [ 7.19824335449133, 52.315196508190098 ], [ 7.1985144273336, 52.315259358705298 ], [ 7.20004031117012, 52.315435662379898 ], [ 7.20010907436506, 52.315295812162198 ], [ 7.20013341250455, 52.315298395029302 ], [ 7.2009620803681, 52.3153863172695 ], [ 7.2018667862525, 52.315330770717402 ], [ 7.20240581463911, 52.315291141533102 ], [ 7.20274538295551, 52.315300356014902 ], [ 7.20300642858701, 52.315252357107802 ], [ 7.2035164503056, 52.315229725163 ], [ 7.20366075082528, 52.315227784064497 ], [ 7.20436778721973, 52.315165884594499 ], [ 7.20450017689951, 52.315113858056499 ], [ 7.20469273775377, 52.314970762181801 ], [ 7.20782807538853, 52.315452857901697 ], [ 7.20877717543865, 52.315562109423801 ], [ 7.20908446793247, 52.3152334159983 ], [ 7.20913214055661, 52.315182428356103 ], [ 7.2087656096965, 52.3151349687314 ], [ 7.2064851766079, 52.314839655788703 ], [ 7.20607557357612, 52.314802773109697 ], [ 7.20598840540215, 52.314788024509497 ], [ 7.20600288973168, 52.314753474080199 ], [ 7.20620208555947, 52.314744001619999 ], [ 7.206751608936, 52.314734454047503 ], [ 7.20704945897904, 52.314672258905198 ], [ 7.2069348670685, 52.314487360490403 ], [ 7.2069364201136, 52.314411558030699 ], [ 7.20693696989021, 52.314384528680499 ], [ 7.20697138119698, 52.314416656574899 ], [ 7.20700030063135, 52.314442371001199 ], [ 7.20714799173158, 52.314477711288703 ], [ 7.20725323958347, 52.314476368811597 ], [ 7.20737785962836, 52.314471247115101 ], [ 7.2077711983961, 52.314522085164 ], [ 7.20794866887553, 52.314479820436198 ], [ 7.20772894015401, 52.314320679738501 ], [ 7.2075890354772, 52.3142193612168 ], [ 7.20755108486792, 52.313775230301701 ], [ 7.20738514955796, 52.313771722517501 ], [ 7.20699367542052, 52.313718483715199 ], [ 7.2068771533151, 52.313690279250501 ], [ 7.20680312929131, 52.313652379665498 ], [ 7.20665350650459, 52.313544051852602 ], [ 7.20645085238638, 52.3133910035273 ], [ 7.20591317672215, 52.312883488463299 ], [ 7.20538008436989, 52.3128859895156 ], [ 7.20517794538769, 52.312859988946499 ], [ 7.20510084944956, 52.312890827246399 ], [ 7.20409720348976, 52.312811458469398 ], [ 7.20397522175611, 52.312896462133402 ], [ 7.20388273805293, 52.312807297618498 ], [ 7.20377891832172, 52.312769842088201 ], [ 7.20336702218131, 52.312663320065496 ], [ 7.20303445262537, 52.3125361541288 ], [ 7.20293125850465, 52.3125158813057 ], [ 7.20270078559349, 52.312530267133297 ], [ 7.20255636222399, 52.312452179952999 ], [ 7.20247378875525, 52.3124407625996 ], [ 7.20238865595179, 52.312398375146799 ], [ 7.2023114247186, 52.312323918008403 ], [ 7.20221354777791, 52.312295543143499 ], [ 7.20197210985323, 52.312142516955099 ], [ 7.20193217387772, 52.312107111424503 ], [ 7.20192384355513, 52.312099809293898 ], [ 7.20189930647443, 52.312078287456501 ], [ 7.20163569030426, 52.311860812789803 ], [ 7.20165457610045, 52.311561410504503 ], [ 7.20169093102098, 52.311410096070396 ], [ 7.20164471619992, 52.311355892297499 ], [ 7.20159262722217, 52.311233083083003 ], [ 7.20156964102941, 52.311213850671002 ], [ 7.20123539650401, 52.311005369992102 ], [ 7.20100677231132, 52.310963493229899 ], [ 7.20086345454389, 52.310782377039999 ], [ 7.20084304708466, 52.310739724690102 ], [ 7.20072821473817, 52.310499778680096 ], [ 7.20070143809808, 52.310445978583601 ], [ 7.20059018353267, 52.310119668672399 ], [ 7.2005780258845, 52.310086664080103 ], [ 7.20038510438798, 52.309682285261701 ], [ 7.20046995001129, 52.309652737044303 ], [ 7.20052010171407, 52.3095870173916 ], [ 7.20054523856702, 52.309495326446999 ], [ 7.20054736699447, 52.309377748748403 ], [ 7.20053054810186, 52.309315000835802 ], [ 7.20053194591716, 52.309175652327198 ], [ 7.20055454953234, 52.309001739542602 ], [ 7.2006362433169, 52.308803191001502 ], [ 7.20075250587462, 52.3086384380385 ], [ 7.20114562473773, 52.3083893354205 ], [ 7.20126816815613, 52.308322865917802 ], [ 7.19934324049518, 52.308099220845698 ], [ 7.19818871659916, 52.307923538009497 ], [ 7.19593755738082, 52.307425173659297 ], [ 7.19529573234812, 52.307297765191997 ], [ 7.19453851946318, 52.3071885144699 ], [ 7.19402981975884, 52.307096484284003 ], [ 7.18891839777139, 52.3066156463711 ], [ 7.18885455497796, 52.3066096408783 ], [ 7.18872274776337, 52.306398555063403 ], [ 7.18925296286614, 52.305235060722701 ], [ 7.1892622763828, 52.305140189088903 ], [ 7.18901973216389, 52.305023121210901 ], [ 7.18904567451813, 52.304931975380001 ], [ 7.18929076620696, 52.304071081634802 ], [ 7.18927593521695, 52.304024394501802 ], [ 7.18926842317667, 52.304000721259897 ], [ 7.1893230827124, 52.303970358494098 ], [ 7.18966967061851, 52.304030764228699 ], [ 7.18970630658303, 52.303951777017403 ], [ 7.18988237044347, 52.303676940694402 ], [ 7.18991544323121, 52.303529229782498 ], [ 7.18996535223366, 52.303513899826498 ], [ 7.19009352016125, 52.303424689352497 ], [ 7.19015071982231, 52.303401063900601 ], [ 7.19064509674613, 52.303467939953798 ], [ 7.19121076210773, 52.303753197435803 ], [ 7.19132990753269, 52.3038374396344 ], [ 7.19160284120902, 52.303975792787298 ], [ 7.19175090616493, 52.304050847415702 ], [ 7.19275706278613, 52.304291904447297 ], [ 7.19327422186084, 52.304412726085801 ], [ 7.19358040249607, 52.3044747049682 ], [ 7.1936823664776, 52.304481758631397 ] ] ] ] } },
{ "type": "Feature", "properties": { "BEZ_GEM": "Ohne", "SCH_GEM": "03456016", "BEZ_KRS": "Grafschaft Bentheim" }, "geometry": { "type": "MultiPolygon", "coordinates": [ [ [ [ 7.31557557034799, 52.2818916537449 ], [ 7.31713806540661, 52.280338454012998 ], [ 7.31729281676754, 52.280188271785498 ], [ 7.31728630195392, 52.280182235549198 ], [ 7.31728059506126, 52.280176930147903 ], [ 7.31686879026793, 52.279832547983197 ], [ 7.31677213928298, 52.279750920894102 ], [ 7.31584665484669, 52.278969344490001 ], [ 7.3157553056144, 52.278892198003298 ], [ 7.31541093665783, 52.278601300940998 ], [ 7.31519758631813, 52.278421186751899 ], [ 7.3151523925307, 52.278382525707897 ], [ 7.3151124598884, 52.278349316650903 ], [ 7.31439900133193, 52.277746978702197 ], [ 7.31250608214003, 52.276148823500598 ], [ 7.31108930952098, 52.274957544974797 ], [ 7.31056294391064, 52.274514914135501 ], [ 7.31039862167827, 52.274376736628902 ], [ 7.31045861159907, 52.274317127232898 ], [ 7.31045611806321, 52.274291735468601 ], [ 7.3102829551345, 52.274130134243798 ], [ 7.30991451673593, 52.273900881513299 ], [ 7.30975736017897, 52.273777120158201 ], [ 7.3095931172049, 52.273647781282101 ], [ 7.30934012506896, 52.273453691096599 ], [ 7.30933497867978, 52.273415987885201 ], [ 7.30904343748635, 52.273161497412303 ], [ 7.30903937400519, 52.273157734702203 ], [ 7.3090228744468, 52.273136044600101 ], [ 7.30900046528081, 52.2731059526904 ], [ 7.3090102678277, 52.273070612561199 ], [ 7.30898971537749, 52.273029865317703 ], [ 7.30893660757167, 52.273007632835601 ], [ 7.30885762664759, 52.272992789377597 ], [ 7.30816234361768, 52.272441052111702 ], [ 7.30802759166329, 52.272336959205703 ], [ 7.30786559512515, 52.272212019913802 ], [ 7.30740633253187, 52.271857545046103 ], [ 7.30736414372721, 52.271821918164697 ], [ 7.30735825637203, 52.271817176142299 ], [ 7.30732098582992, 52.2717859536777 ], [ 7.30729668348579, 52.271765590086403 ], [ 7.30725600409291, 52.271731513366902 ], [ 7.30685484316695, 52.271384172432498 ], [ 7.30598188050186, 52.270628741927602 ], [ 7.30574405384921, 52.270422929616601 ], [ 7.30570209140058, 52.270386433188101 ], [ 7.30524254215427, 52.269988921009897 ], [ 7.30520254638129, 52.269954295894003 ], [ 7.30515834753779, 52.2699741440466 ], [ 7.30463898023377, 52.269539372902798 ], [ 7.30438270091228, 52.269324283221998 ], [ 7.30406939844803, 52.269061923513704 ], [ 7.30406737202641, 52.269060105086801 ], [ 7.30404551964847, 52.2690420598461 ], [ 7.30402248150457, 52.269021291114697 ], [ 7.30399492328534, 52.268996456207397 ], [ 7.30397484578852, 52.268978373511999 ], [ 7.30394503538873, 52.268958019984403 ], [ 7.30333304454711, 52.2684424359269 ], [ 7.30230518626361, 52.267586464352298 ], [ 7.30219741300779, 52.267431770525299 ], [ 7.30206277164706, 52.2672795134797 ], [ 7.30200832938282, 52.267217300216402 ], [ 7.30187115839074, 52.267224840117102 ], [ 7.30115451167962, 52.266627741083497 ], [ 7.30107660493028, 52.266561781891802 ], [ 7.30097279114694, 52.266473888062599 ], [ 7.300880325203, 52.2663966146362 ], [ 7.30081118708502, 52.266337066560702 ], [ 7.30079501835737, 52.266323373488298 ], [ 7.30026475970349, 52.265874398775303 ], [ 7.29941519212608, 52.265155130897803 ], [ 7.29795483466718, 52.263921924379801 ], [ 7.29781291046914, 52.263948974564599 ], [ 7.29764005920028, 52.263981917610899 ], [ 7.29632857686299, 52.264237086208198 ], [ 7.29585068687024, 52.264330057206898 ], [ 7.29567301901308, 52.264364708178299 ], [ 7.29561846311992, 52.264375321767503 ], [ 7.29556411603945, 52.264386603721199 ], [ 7.29542212365039, 52.264414207536902 ], [ 7.29517753146829, 52.2644617383325 ], [ 7.29490116457529, 52.264515454410102 ], [ 7.29480256471308, 52.264511719306697 ], [ 7.29398713634742, 52.2644807583047 ], [ 7.29396424986434, 52.264479888046402 ], [ 7.29393675386356, 52.264478843264698 ], [ 7.29391007738017, 52.264477828304202 ], [ 7.29389561971412, 52.264477277667901 ], [ 7.2937054598457, 52.264470051320203 ], [ 7.29212686587962, 52.264410024559403 ], [ 7.292076010256, 52.264407841123401 ], [ 7.29201047076401, 52.264405274364499 ], [ 7.29190906926749, 52.264401999830199 ], [ 7.29175006873184, 52.264395077332999 ], [ 7.29164612833004, 52.264391136422397 ], [ 7.28924227439517, 52.264295450054099 ], [ 7.28917302026307, 52.264292693009097 ], [ 7.28722283125398, 52.264215435447902 ], [ 7.28568344903692, 52.264152897137301 ], [ 7.28540603681907, 52.264142672832598 ], [ 7.28445472180324, 52.264105445995597 ], [ 7.28436874144152, 52.264102083378397 ], [ 7.28408111148713, 52.264090826277801 ], [ 7.28402506808584, 52.264088662863202 ], [ 7.28397383597425, 52.264086380542302 ], [ 7.2839365165644, 52.264084714068801 ], [ 7.28390222492539, 52.264083954790898 ], [ 7.28385456590734, 52.264082119991897 ], [ 7.28346222110054, 52.264066146955898 ], [ 7.28341450618175, 52.264063483942302 ], [ 7.28330752179101, 52.2640598510744 ], [ 7.28304393612523, 52.264049084979199 ], [ 7.28288672125447, 52.264042662040403 ], [ 7.28249098483385, 52.264026492569698 ], [ 7.28205792265051, 52.264059627789401 ], [ 7.28194892452029, 52.264067905179999 ], [ 7.28193748749589, 52.264091953003799 ], [ 7.28192999121005, 52.264107696027303 ], [ 7.28192131450477, 52.264125921524702 ], [ 7.28190955811818, 52.264150648056599 ], [ 7.28188034745058, 52.264228836148703 ], [ 7.28181402415074, 52.264247319549199 ], [ 7.2817053884607, 52.264277667293001 ], [ 7.28169099234291, 52.264281593855202 ], [ 7.28165938252597, 52.264280072715103 ], [ 7.28144428664881, 52.264269721171402 ], [ 7.28135997221332, 52.264261929791303 ], [ 7.28111394531945, 52.264227587384802 ], [ 7.2805894769288, 52.264229345363397 ], [ 7.28034692984064, 52.264209240731503 ], [ 7.28016532028034, 52.264215172859103 ], [ 7.27990484404163, 52.2642243973429 ], [ 7.27947960971476, 52.264224817965598 ], [ 7.27893424038104, 52.264230067380304 ], [ 7.27855207415698, 52.264244150358799 ], [ 7.2784072798545, 52.264200443708098 ], [ 7.27837756973014, 52.2641718308222 ], [ 7.2783759278716, 52.264039450981699 ], [ 7.2783468620333, 52.264039602521301 ], [ 7.27830778548029, 52.264039796867699 ], [ 7.27830165881277, 52.264039824398601 ], [ 7.27822873825523, 52.264040190463398 ], [ 7.27814818107138, 52.264040597947101 ], [ 7.27660085134354, 52.264044749371898 ], [ 7.27568540821616, 52.264050478658099 ], [ 7.27563778173772, 52.264050834957203 ], [ 7.27314853203115, 52.264060941328196 ], [ 7.27312083422774, 52.264060958736898 ], [ 7.27310633897093, 52.264061007436702 ], [ 7.27235368210986, 52.264062096785104 ], [ 7.27232283257479, 52.264062139811003 ], [ 7.27229501655683, 52.264062182270401 ], [ 7.27225151963723, 52.2640622379812 ], [ 7.27220522319127, 52.264062306648597 ], [ 7.27186693249839, 52.264062803488201 ], [ 7.27173507790131, 52.264062995088899 ], [ 7.27039871246207, 52.264064893661597 ], [ 7.2696877192005, 52.264065956048697 ], [ 7.2692562778616, 52.264066230852897 ], [ 7.26919094825375, 52.264066594732597 ], [ 7.26914906278575, 52.264066663936198 ], [ 7.26906564160926, 52.264066852385497 ], [ 7.26599600273669, 52.264071065241303 ], [ 7.26588986843048, 52.264071214517401 ], [ 7.2644903579229, 52.264075661209702 ], [ 7.26409967640472, 52.264076912051102 ], [ 7.26359012606746, 52.264078301325299 ], [ 7.26356251337004, 52.264078389675099 ], [ 7.2631103842122, 52.264080037092803 ], [ 7.2625936265905, 52.264081351981503 ], [ 7.26177271164187, 52.264083446222102 ], [ 7.26076396365618, 52.264086040306204 ], [ 7.26067289092556, 52.264086271932698 ], [ 7.26061703681208, 52.264086411021403 ], [ 7.25987476740333, 52.264088266189901 ], [ 7.25975192037289, 52.264088577186101 ], [ 7.25840032519871, 52.264091976612498 ], [ 7.25691483189661, 52.264095712232198 ], [ 7.25590063138677, 52.264098301118302 ], [ 7.2558380501437, 52.264098455440703 ], [ 7.2557845701354, 52.264098591354902 ], [ 7.25570582329258, 52.264098785479 ], [ 7.25419403933658, 52.264102502973401 ], [ 7.2521805073369, 52.264107404835997 ], [ 7.2521014965364, 52.264107601638202 ], [ 7.2515014567006, 52.2641092532157 ], [ 7.2496054959783, 52.264113820507603 ], [ 7.24842429086105, 52.264116745889297 ], [ 7.24835688827098, 52.264116896634803 ], [ 7.24749818089566, 52.264118870255103 ], [ 7.2469055250293, 52.264120554138898 ], [ 7.24677287237407, 52.264120526162898 ], [ 7.24656005345062, 52.264121006656097 ], [ 7.24639403057677, 52.264121390706897 ], [ 7.24603602966113, 52.264122204043701 ], [ 7.24560635922049, 52.2641232279367 ], [ 7.24549032772384, 52.264123499499199 ], [ 7.24512320822641, 52.2641247679787 ], [ 7.24501950354101, 52.264124610905903 ], [ 7.24463624873611, 52.264125521087202 ], [ 7.24364676279116, 52.264127859655801 ], [ 7.24284405487039, 52.264129706480801 ], [ 7.24238737345857, 52.264130784130799 ], [ 7.24190261109642, 52.264131927329302 ], [ 7.24142092690916, 52.264133051453598 ], [ 7.24010823224382, 52.264136119553797 ], [ 7.24005299372352, 52.2641362490955 ], [ 7.23881044879378, 52.264139359562698 ], [ 7.23817279663857, 52.264140804786003 ], [ 7.23811390874414, 52.264140573236098 ], [ 7.23798648995149, 52.264141224933098 ], [ 7.23781487458529, 52.2641414594842 ], [ 7.23680806133658, 52.264143895650498 ], [ 7.236780097548, 52.264143963497403 ], [ 7.23674180156732, 52.264144047840396 ], [ 7.23666046109918, 52.264144226478997 ], [ 7.23612287958744, 52.264145447063001 ], [ 7.23467891670281, 52.2641486331732 ], [ 7.23216490855687, 52.264154510558598 ], [ 7.23215319857844, 52.264154533000102 ], [ 7.23179886716442, 52.264155169276101 ], [ 7.23035576509256, 52.264158414287699 ], [ 7.23030871973427, 52.264159246553398 ], [ 7.23016284715197, 52.2641588758257 ], [ 7.22720798876986, 52.264165985534703 ], [ 7.22369858169907, 52.264173048807997 ], [ 7.22358122558416, 52.264173081078397 ], [ 7.22244456068371, 52.264175706351203 ], [ 7.22097931643506, 52.264178844938499 ], [ 7.21951518514196, 52.264181991110597 ], [ 7.21817105643865, 52.264184880528603 ], [ 7.21813043040193, 52.264184959625702 ], [ 7.21805046788437, 52.264185119262002 ], [ 7.21810431537589, 52.264243442672601 ], [ 7.21835718481166, 52.264489386520502 ], [ 7.21928285195983, 52.265369743736599 ], [ 7.22058441181423, 52.266607540012103 ], [ 7.22966218977747, 52.2672030538249 ], [ 7.22977281948748, 52.267234106527098 ], [ 7.22985735564818, 52.267281510241098 ], [ 7.23437533407502, 52.267541773773097 ], [ 7.2348057687451, 52.267667350012204 ], [ 7.23528706068147, 52.267807711884103 ], [ 7.237484939885, 52.268455844544697 ], [ 7.23832584084459, 52.268738414889498 ], [ 7.23874866043442, 52.268864402438801 ], [ 7.24084271248011, 52.269490691588302 ], [ 7.24266116671693, 52.269901178417001 ], [ 7.24461136627596, 52.270327802862703 ], [ 7.24510062730329, 52.270434883958501 ], [ 7.24519784237787, 52.270456110629297 ], [ 7.24529431804183, 52.270477506060601 ], [ 7.24825178299588, 52.271127283252298 ], [ 7.24967660862409, 52.271442892473502 ], [ 7.25100700662469, 52.271737573631697 ], [ 7.25111627968691, 52.2717616715125 ], [ 7.25122946908493, 52.271786816382203 ], [ 7.25151630205027, 52.271850319695098 ], [ 7.25197796416725, 52.272059916970697 ], [ 7.2528830261505, 52.272470473555401 ], [ 7.25347385893056, 52.272836002368798 ], [ 7.25404767679173, 52.273030526296097 ], [ 7.2545292590347, 52.2732895919873 ], [ 7.25477457496873, 52.273421528784098 ], [ 7.25503829385012, 52.273488008603898 ], [ 7.25673844363091, 52.274253673340901 ], [ 7.256821589968, 52.274320000155299 ], [ 7.25691142083299, 52.274391550808701 ], [ 7.26072486297273, 52.2767721175207 ], [ 7.26259566583699, 52.277947618164703 ], [ 7.26373549626775, 52.278860576520898 ], [ 7.26474971049347, 52.279672949843501 ], [ 7.26607710143406, 52.280740598804002 ], [ 7.26687720006, 52.281395513131699 ], [ 7.26758200275603, 52.281551250915797 ], [ 7.26762947048192, 52.281800114419497 ], [ 7.26775418887384, 52.281850049229099 ], [ 7.26825243071433, 52.281926953207801 ], [ 7.26866915515933, 52.2820303536719 ], [ 7.26908438603185, 52.281991574270798 ], [ 7.26954051715095, 52.281949076957403 ], [ 7.26989930232488, 52.281951727651702 ], [ 7.27006257236239, 52.281952951223801 ], [ 7.27021586408539, 52.282150134156801 ], [ 7.27018618040837, 52.282249775233304 ], [ 7.27014064773236, 52.2824025039925 ], [ 7.2702774698576, 52.282638648676198 ], [ 7.27033030581159, 52.282829144514899 ], [ 7.2702828244467, 52.283050720056302 ], [ 7.27031715124198, 52.283257219420001 ], [ 7.27050759984262, 52.283482999899398 ], [ 7.27154656397769, 52.284381005229399 ], [ 7.27193709636051, 52.284951031477199 ], [ 7.27203205075513, 52.284846491818101 ], [ 7.2723657079452, 52.284645827884397 ], [ 7.27242518212289, 52.284672387000199 ], [ 7.27257618217275, 52.284500457100897 ], [ 7.27263776485833, 52.284472809947196 ], [ 7.27280215692133, 52.284435247563898 ], [ 7.2730116140319, 52.284555354540601 ], [ 7.27314387633398, 52.284505902436798 ], [ 7.27349857565127, 52.2842427371491 ], [ 7.27384141517617, 52.284045062678501 ], [ 7.27385859424168, 52.283842617407998 ], [ 7.2740309526957, 52.283599623041802 ], [ 7.27424263895446, 52.283542761845901 ], [ 7.27450084650151, 52.283486589180697 ], [ 7.27470354493395, 52.283421035854502 ], [ 7.27481365670722, 52.283342710048501 ], [ 7.2748741728916, 52.2832654487868 ], [ 7.27493104944323, 52.283114682371398 ], [ 7.27493575763426, 52.282884028077298 ], [ 7.27511637528664, 52.281794382827201 ], [ 7.27537533407357, 52.281365213891704 ], [ 7.2755719082872, 52.281282665544197 ], [ 7.2762910738877, 52.281242814951497 ], [ 7.27696845868351, 52.281021530219299 ], [ 7.27722527434058, 52.281143247097503 ], [ 7.27731172277671, 52.281193584397997 ], [ 7.27762111577608, 52.281297059439297 ], [ 7.27767126608343, 52.281364409424597 ], [ 7.27762503450887, 52.2814360539737 ], [ 7.27744420027298, 52.2815380952634 ], [ 7.27744376518629, 52.281629443019298 ], [ 7.27747847326895, 52.281694652576 ], [ 7.27755972580979, 52.281746694200599 ], [ 7.27818851137024, 52.281773129815598 ], [ 7.27853344486484, 52.281747318805103 ], [ 7.27872710914894, 52.281649715914703 ], [ 7.2788823314922, 52.281418998963197 ], [ 7.27916464563985, 52.281249847179701 ], [ 7.27946785277013, 52.281108962909897 ], [ 7.27971003040149, 52.281059981346601 ], [ 7.28061834510951, 52.280659332312901 ], [ 7.28107738209329, 52.280279739920502 ], [ 7.28122198700844, 52.280218760563997 ], [ 7.28148124626887, 52.28020097297 ], [ 7.2815306180621, 52.280143831049799 ], [ 7.28158668503731, 52.2801705337897 ], [ 7.28149448693163, 52.280307742459499 ], [ 7.28235002619691, 52.280332340261197 ], [ 7.2827308962127, 52.280404238446003 ], [ 7.28298541561573, 52.2805515352199 ], [ 7.28322162580227, 52.280785693213502 ], [ 7.28322374343095, 52.280871233551103 ], [ 7.28332050530238, 52.280958329935999 ], [ 7.28359188845302, 52.280995634296403 ], [ 7.28500261400719, 52.281535216783297 ], [ 7.28823389274168, 52.282756135149803 ], [ 7.28858717399803, 52.282878955868703 ], [ 7.28864492505839, 52.282902100982 ], [ 7.29098476322498, 52.283839723537 ], [ 7.29134784763826, 52.283974906254699 ], [ 7.30734341472526, 52.290139703428999 ], [ 7.30739191359371, 52.290136802087197 ], [ 7.30798834567969, 52.289334317480296 ], [ 7.31031927439868, 52.287069380815602 ], [ 7.31037196099231, 52.287017984101801 ], [ 7.31213466521899, 52.285300733596102 ], [ 7.31424922478675, 52.283240150723898 ], [ 7.31557557034799, 52.2818916537449 ] ] ] ] } },
{ "type": "Feature", "properties": { "BEZ_GEM": "Schüttorf", "SCH_GEM": "03456027", "BEZ_KRS": "Grafschaft Bentheim" }, "geometry": { "type": "MultiPolygon", "coordinates": [ [ [ [ 7.1936823664776, 52.304481758631397 ], [ 7.19358040249607, 52.3044747049682 ], [ 7.19327422186084, 52.304412726085801 ], [ 7.19275706278613, 52.304291904447297 ], [ 7.19175090616493, 52.304050847415702 ], [ 7.19160284120902, 52.303975792787298 ], [ 7.19132990753269, 52.3038374396344 ], [ 7.19121076210773, 52.303753197435803 ], [ 7.19064509674613, 52.303467939953798 ], [ 7.19015071982231, 52.303401063900601 ], [ 7.19009352016125, 52.303424689352497 ], [ 7.18996535223366, 52.303513899826498 ], [ 7.18991544323121, 52.303529229782498 ], [ 7.18988237044347, 52.303676940694402 ], [ 7.18970630658303, 52.303951777017403 ], [ 7.18966967061851, 52.304030764228699 ], [ 7.1893230827124, 52.303970358494098 ], [ 7.18926842317667, 52.304000721259897 ], [ 7.18927593521695, 52.304024394501802 ], [ 7.18929076620696, 52.304071081634802 ], [ 7.18904567451813, 52.304931975380001 ], [ 7.18901973216389, 52.305023121210901 ], [ 7.1892622763828, 52.305140189088903 ], [ 7.18925296286614, 52.305235060722701 ], [ 7.18872274776337, 52.306398555063403 ], [ 7.18885455497796, 52.3066096408783 ], [ 7.18891839777139, 52.3066156463711 ], [ 7.19402981975884, 52.307096484284003 ], [ 7.19453851946318, 52.3071885144699 ], [ 7.19529573234812, 52.307297765191997 ], [ 7.19593755738082, 52.307425173659297 ], [ 7.19818871659916, 52.307923538009497 ], [ 7.19934324049518, 52.308099220845698 ], [ 7.20126816815613, 52.308322865917802 ], [ 7.20114562473773, 52.3083893354205 ], [ 7.20075250587462, 52.3086384380385 ], [ 7.2006362433169, 52.308803191001502 ], [ 7.20055454953234, 52.309001739542602 ], [ 7.20053194591716, 52.309175652327198 ], [ 7.20053054810186, 52.309315000835802 ], [ 7.20054736699447, 52.309377748748403 ], [ 7.20054523856702, 52.309495326446999 ], [ 7.20052010171407, 52.3095870173916 ], [ 7.20046995001129, 52.309652737044303 ], [ 7.20038510438798, 52.309682285261701 ], [ 7.2005780258845, 52.310086664080103 ], [ 7.20059018353267, 52.310119668672399 ], [ 7.20070143809808, 52.310445978583601 ], [ 7.20072821473817, 52.310499778680096 ], [ 7.20084304708466, 52.310739724690102 ], [ 7.20086345454389, 52.310782377039999 ], [ 7.20100677231132, 52.310963493229899 ], [ 7.20123539650401, 52.311005369992102 ], [ 7.20156964102941, 52.311213850671002 ], [ 7.20159262722217, 52.311233083083003 ], [ 7.20164471619992, 52.311355892297499 ], [ 7.20169093102098, 52.311410096070396 ], [ 7.20165457610045, 52.311561410504503 ], [ 7.20163569030426, 52.311860812789803 ], [ 7.20189930647443, 52.312078287456501 ], [ 7.20192384355513, 52.312099809293898 ], [ 7.20193217387772, 52.312107111424503 ], [ 7.20197210985323, 52.312142516955099 ], [ 7.20221354777791, 52.312295543143499 ], [ 7.2023114247186, 52.312323918008403 ], [ 7.20238865595179, 52.312398375146799 ], [ 7.20247378875525, 52.3124407625996 ], [ 7.20255636222399, 52.312452179952999 ], [ 7.20270078559349, 52.312530267133297 ], [ 7.20293125850465, 52.3125158813057 ], [ 7.20303445262537, 52.3125361541288 ], [ 7.20336702218131, 52.312663320065496 ], [ 7.20377891832172, 52.312769842088201 ], [ 7.20388273805293, 52.312807297618498 ], [ 7.20397522175611, 52.312896462133402 ], [ 7.20409720348976, 52.312811458469398 ], [ 7.20510084944956, 52.312890827246399 ], [ 7.20517794538769, 52.312859988946499 ], [ 7.20538008436989, 52.3128859895156 ], [ 7.20591317672215, 52.312883488463299 ], [ 7.20645085238638, 52.3133910035273 ], [ 7.20665350650459, 52.313544051852602 ], [ 7.20680312929131, 52.313652379665498 ], [ 7.2068771533151, 52.313690279250501 ], [ 7.20699367542052, 52.313718483715199 ], [ 7.20738514955796, 52.313771722517501 ], [ 7.20755108486792, 52.313775230301701 ], [ 7.2075890354772, 52.3142193612168 ], [ 7.20772894015401, 52.314320679738501 ], [ 7.20794866887553, 52.314479820436198 ], [ 7.2077711983961, 52.314522085164 ], [ 7.20737785962836, 52.314471247115101 ], [ 7.20725323958347, 52.314476368811597 ], [ 7.20714799173158, 52.314477711288703 ], [ 7.20700030063135, 52.314442371001199 ], [ 7.20697138119698, 52.314416656574899 ], [ 7.20693696989021, 52.314384528680499 ], [ 7.2069364201136, 52.314411558030699 ], [ 7.2069348670685, 52.314487360490403 ], [ 7.20704945897904, 52.314672258905198 ], [ 7.206751608936, 52.314734454047503 ], [ 7.20620208555947, 52.314744001619999 ], [ 7.20600288973168, 52.314753474080199 ], [ 7.20598840540215, 52.314788024509497 ], [ 7.20607557357612, 52.314802773109697 ], [ 7.2064851766079, 52.314839655788703 ], [ 7.2087656096965, 52.3151349687314 ], [ 7.20913214055661, 52.315182428356103 ], [ 7.20908446793247, 52.3152334159983 ], [ 7.20877717543865, 52.315562109423801 ], [ 7.20782807538853, 52.315452857901697 ], [ 7.20469273775377, 52.314970762181801 ], [ 7.20450017689951, 52.315113858056499 ], [ 7.20436778721973, 52.315165884594499 ], [ 7.20366075082528, 52.315227784064497 ], [ 7.2035164503056, 52.315229725163 ], [ 7.20300642858701, 52.315252357107802 ], [ 7.20274538295551, 52.315300356014902 ], [ 7.20240581463911, 52.315291141533102 ], [ 7.2018667862525, 52.315330770717402 ], [ 7.2009620803681, 52.3153863172695 ], [ 7.20013341250455, 52.315298395029302 ], [ 7.20010907436506, 52.315295812162198 ], [ 7.20004031117012, 52.315435662379898 ], [ 7.1985144273336, 52.315259358705298 ], [ 7.19824335449133, 52.315196508190098 ], [ 7.19748775233059, 52.315193249944898 ], [ 7.1958046463279, 52.316682398652198 ], [ 7.19572565538264, 52.316752279418402 ], [ 7.19569809908667, 52.316776855049099 ], [ 7.19485835631084, 52.316579964325499 ], [ 7.19482511109133, 52.316650579693302 ], [ 7.19467326522565, 52.316974743444398 ], [ 7.19462740914541, 52.317250623966999 ], [ 7.19455829000978, 52.317997038722403 ], [ 7.19442800794657, 52.318729498453202 ], [ 7.19454968862833, 52.318911172638003 ], [ 7.1945735050484, 52.3192145984221 ], [ 7.19457500058645, 52.319233728422603 ], [ 7.19442666445732, 52.319220571842997 ], [ 7.19436198525694, 52.319214826417202 ], [ 7.19429257068002, 52.319235290984203 ], [ 7.19424629426026, 52.319248934005799 ], [ 7.19428395384752, 52.320522269902703 ], [ 7.19421198863454, 52.320750904753297 ], [ 7.19404201053174, 52.3213396826607 ], [ 7.19380532654756, 52.321585696726302 ], [ 7.19365214880652, 52.321699498392199 ], [ 7.19381308378861, 52.3217256076396 ], [ 7.19657529650272, 52.3221735824538 ], [ 7.1972101445862, 52.322246962273503 ], [ 7.19733797112498, 52.322433178005703 ], [ 7.19718906252536, 52.322440678902502 ], [ 7.19707275333894, 52.323464303877401 ], [ 7.19822943226892, 52.323445090094303 ], [ 7.19828907900701, 52.323508401628096 ], [ 7.19822955827693, 52.324442348502899 ], [ 7.19844604170397, 52.3244523945854 ], [ 7.19863086645516, 52.324465104462298 ], [ 7.19902654309014, 52.3244856152008 ], [ 7.19954897841561, 52.324506888140803 ], [ 7.19998052780795, 52.325096929699299 ], [ 7.20123090259247, 52.3266707941373 ], [ 7.2012977521768, 52.326659502764102 ], [ 7.20155350009454, 52.326678683036199 ], [ 7.20162104235492, 52.326710372765397 ], [ 7.20222369636295, 52.3275190783338 ], [ 7.20267570299225, 52.328091167861999 ], [ 7.2028608701998, 52.328265994254899 ], [ 7.20150977527901, 52.328440365739802 ], [ 7.20068712207719, 52.3285431979848 ], [ 7.20043919819774, 52.328551559415899 ], [ 7.20032461709057, 52.328622915060599 ], [ 7.20036604256285, 52.329446275236698 ], [ 7.20049579547881, 52.329759765219102 ], [ 7.20075826168251, 52.329912178667399 ], [ 7.20126160168555, 52.330006694783798 ], [ 7.20190096716963, 52.3301272331775 ], [ 7.20120642323393, 52.330154143436999 ], [ 7.20133990330228, 52.330272509152699 ], [ 7.20193211968036, 52.330474755048897 ], [ 7.20226991943798, 52.330758455839401 ], [ 7.20247458488547, 52.330930432430499 ], [ 7.2025659478799, 52.331077036650299 ], [ 7.20255421446227, 52.331192669484501 ], [ 7.20267145377876, 52.331330945575303 ], [ 7.20278233610618, 52.331361765502102 ], [ 7.20290768689406, 52.3313868710284 ], [ 7.20318280588507, 52.331432148111801 ], [ 7.20376128881857, 52.331459559520098 ], [ 7.20428656271547, 52.331590371386199 ], [ 7.20551248249262, 52.331771849276201 ], [ 7.20551835008196, 52.331807823750701 ], [ 7.20569553167065, 52.331830674596198 ], [ 7.20562945579373, 52.332058371197903 ], [ 7.20565921644372, 52.332239059186001 ], [ 7.20592038211452, 52.333126842968099 ], [ 7.2060503254659, 52.333557615165901 ], [ 7.20665863965099, 52.334282877544297 ], [ 7.20677768299575, 52.3343709049525 ], [ 7.20682682470717, 52.334355304350701 ], [ 7.20722860191538, 52.3344783743837 ], [ 7.20733224507318, 52.334528771589 ], [ 7.20786054256583, 52.334616444632701 ], [ 7.2081878769849, 52.3345576246004 ], [ 7.20881258002689, 52.334400890698902 ], [ 7.20944408737075, 52.334309966947004 ], [ 7.20986725037536, 52.334221681969403 ], [ 7.21021268763018, 52.334105162163802 ], [ 7.21057276076736, 52.333843838312099 ], [ 7.21109169260592, 52.3335219785845 ], [ 7.21199238768854, 52.333894918973201 ], [ 7.2123112374056, 52.334254012334 ], [ 7.21248556733451, 52.334364279549398 ], [ 7.21270284325661, 52.3344032639449 ], [ 7.21469370571405, 52.334626870252599 ], [ 7.21487869823481, 52.334713107781603 ], [ 7.21494074795182, 52.334801533288697 ], [ 7.21492488951275, 52.334976628797499 ], [ 7.21472484197788, 52.335173037884203 ], [ 7.21422686500327, 52.335510515895002 ], [ 7.21434742117485, 52.335567636483901 ], [ 7.21467560089535, 52.335772389458299 ], [ 7.21544991545234, 52.335510621599497 ], [ 7.21579381626198, 52.335418294518497 ], [ 7.21623044734156, 52.3356346618936 ], [ 7.21655900003105, 52.335808484296102 ], [ 7.21722246234395, 52.336151546640799 ], [ 7.21763663414718, 52.336368289047002 ], [ 7.22186242038979, 52.338578887458702 ], [ 7.22237685832429, 52.338847834429799 ], [ 7.22307597257863, 52.339200930716402 ], [ 7.2242338115349, 52.339642562864498 ], [ 7.22460253089468, 52.3397863051201 ], [ 7.22591828186748, 52.340299438675501 ], [ 7.22856035248671, 52.341331664106498 ], [ 7.23125251832065, 52.342388137389797 ], [ 7.23167689157361, 52.3425547197442 ], [ 7.23216667082222, 52.342745207770697 ], [ 7.23242330693059, 52.342810999736997 ], [ 7.23568247337827, 52.344089042169202 ], [ 7.23897552390769, 52.345379906667702 ], [ 7.23900687761765, 52.345429557592396 ], [ 7.23902166683545, 52.3454527063912 ], [ 7.23934903510795, 52.345974417613 ], [ 7.24004342558007, 52.3471311992379 ], [ 7.23999321384684, 52.347235768593499 ], [ 7.24005779048649, 52.347325467787499 ], [ 7.24045033696313, 52.3479808252008 ], [ 7.24046570135263, 52.348006167300802 ], [ 7.2406476198643, 52.348137697939499 ], [ 7.24121204733893, 52.349061436899603 ], [ 7.2418038153358, 52.350021995347397 ], [ 7.24279368024909, 52.349938536204299 ], [ 7.24609975187252, 52.349640774671897 ], [ 7.24644448572093, 52.349626470681798 ], [ 7.24798986522779, 52.349496454513798 ], [ 7.2481161176114, 52.349485828680997 ], [ 7.24824685144489, 52.349476977549003 ], [ 7.25073225371529, 52.349260426027001 ], [ 7.25128201284333, 52.349043778186697 ], [ 7.25270611488541, 52.348458644581001 ], [ 7.25284090427246, 52.348387807143297 ], [ 7.25285887433066, 52.348360289233398 ], [ 7.253174600508, 52.348213721527799 ], [ 7.25522637197069, 52.3473967578376 ], [ 7.25528034344493, 52.347361714921099 ], [ 7.25536347628489, 52.347331076886803 ], [ 7.25542285795802, 52.3472995755262 ], [ 7.25578348637543, 52.3461895344916 ], [ 7.2559659553739, 52.345585932893897 ], [ 7.25599565266078, 52.3455103033886 ], [ 7.25603610925321, 52.345407498609397 ], [ 7.25644834172856, 52.344079877034403 ], [ 7.25665291219354, 52.343425259119201 ], [ 7.25686496611837, 52.342748182620603 ], [ 7.25686994207392, 52.342714987552398 ], [ 7.25690440842121, 52.342607598321699 ], [ 7.25699809852123, 52.342323231375403 ], [ 7.25742842680366, 52.340959862194303 ], [ 7.25744056135428, 52.340949557126798 ], [ 7.25745041814243, 52.340941178601497 ], [ 7.25766639316433, 52.340757782049998 ], [ 7.2597273235622, 52.3385257247675 ], [ 7.25992492251227, 52.338300971304697 ], [ 7.259865639421, 52.337791988997701 ], [ 7.25983708684692, 52.337580807876002 ], [ 7.25950228389213, 52.334971130104897 ], [ 7.25933846229805, 52.333678256866598 ], [ 7.25932684707859, 52.333622698088597 ], [ 7.25928140430744, 52.333180186325897 ], [ 7.25920794670315, 52.333043691818197 ], [ 7.25765261403633, 52.331048833657803 ], [ 7.25747362394438, 52.330815651105901 ], [ 7.25693845678113, 52.330115319078601 ], [ 7.25660687080641, 52.329687285097499 ], [ 7.25636076293492, 52.329377221745702 ], [ 7.25517050253161, 52.328490255814302 ], [ 7.25508590946785, 52.328469404633204 ], [ 7.25426128164977, 52.327895160007301 ], [ 7.25386468635578, 52.327639513346902 ], [ 7.25378335270415, 52.327580675316199 ], [ 7.25368389827647, 52.327508711446598 ], [ 7.25292639386628, 52.326959996457198 ], [ 7.25260442992114, 52.326743663276801 ], [ 7.25219681881564, 52.326432909727203 ], [ 7.25191883430602, 52.326247706655202 ], [ 7.25109441748724, 52.326756560252598 ], [ 7.25066551820435, 52.3270105578816 ], [ 7.24861507940748, 52.327839894788397 ], [ 7.24749890186424, 52.328324858337197 ], [ 7.24736156695753, 52.328380501104697 ], [ 7.24706508484737, 52.328497055166999 ], [ 7.24636429211512, 52.327831125758401 ], [ 7.24622428051713, 52.327735544068098 ], [ 7.24605703617254, 52.3275953285208 ], [ 7.24480647673357, 52.3265241226527 ], [ 7.24474226927288, 52.3264915812467 ], [ 7.24419213277338, 52.3260262571944 ], [ 7.24328555450607, 52.325259394580598 ], [ 7.24286567776629, 52.324945368715198 ], [ 7.24270273138905, 52.324806093341401 ], [ 7.24285052006617, 52.324153978711699 ], [ 7.24486783990958, 52.322956001673802 ], [ 7.24438140360545, 52.322692603251298 ], [ 7.24534205968746, 52.322627124522299 ], [ 7.24625248230736, 52.322573929797798 ], [ 7.24667458088549, 52.322497789466397 ], [ 7.24672778639847, 52.322488194103101 ], [ 7.24676737367462, 52.322481588549799 ], [ 7.24674840846965, 52.322463566735898 ], [ 7.24605487954161, 52.321804557679698 ], [ 7.24602014213726, 52.321822114765901 ], [ 7.24503704952393, 52.320874333795103 ], [ 7.24487625245584, 52.3206375710853 ], [ 7.24479298162094, 52.320124086060602 ], [ 7.24464983021623, 52.319992858087303 ], [ 7.24458577675317, 52.319980019240802 ], [ 7.2428331961855, 52.319762167310799 ], [ 7.24208739396226, 52.319617094746903 ], [ 7.24034620627239, 52.319390114020898 ], [ 7.23755112728443, 52.3190550146441 ], [ 7.23738260938714, 52.3190753382069 ], [ 7.23688566867963, 52.318997507720198 ], [ 7.23671093778298, 52.318783642757403 ], [ 7.23676741062596, 52.3186131970132 ], [ 7.23689663066699, 52.318565636737603 ], [ 7.23557066535783, 52.317699981512398 ], [ 7.23629535908604, 52.317209707545103 ], [ 7.23630041681691, 52.317082516740903 ], [ 7.23624578658954, 52.316933232468898 ], [ 7.23603254490453, 52.316638397798002 ], [ 7.23565512913428, 52.316366385358101 ], [ 7.23548743199475, 52.3163120975751 ], [ 7.23482147138102, 52.316304798017804 ], [ 7.234480746208, 52.315843671394099 ], [ 7.23465285095022, 52.315758756405302 ], [ 7.23494559128492, 52.315686236268299 ], [ 7.23535243092743, 52.315355600573497 ], [ 7.23472626790148, 52.315063853921203 ], [ 7.2343909089941, 52.315057536817903 ], [ 7.2341483233015, 52.3149947004108 ], [ 7.23462574647662, 52.314483061649398 ], [ 7.23458599961894, 52.3142862718258 ], [ 7.23463671945941, 52.313977684677099 ], [ 7.23474300730406, 52.3137068294579 ], [ 7.23449604153274, 52.313394079958897 ], [ 7.2339621623234, 52.313221713721603 ], [ 7.23350788897684, 52.313440283756499 ], [ 7.23300046151962, 52.313363754177502 ], [ 7.23308968900742, 52.312970045245301 ], [ 7.23294915617155, 52.312045282983298 ], [ 7.23252339172178, 52.311657120891198 ], [ 7.23210772142385, 52.311558097006198 ], [ 7.2316305404746, 52.311365591461403 ], [ 7.23166877679134, 52.311283747390497 ], [ 7.23186870650762, 52.311151516939098 ], [ 7.2322282737737, 52.311029642468696 ], [ 7.23230072331637, 52.310839827184097 ], [ 7.23192660383689, 52.310386770456503 ], [ 7.23173085262115, 52.310260780989999 ], [ 7.23192771905857, 52.309949833272697 ], [ 7.23187613493897, 52.309822234967498 ], [ 7.23260674226259, 52.309702326606804 ], [ 7.23244875095399, 52.309283634681698 ], [ 7.23233040837593, 52.3089416675585 ], [ 7.23224136156227, 52.308682924153899 ], [ 7.23212013602451, 52.308140590577999 ], [ 7.2320420630773, 52.307606518735902 ], [ 7.23204936532593, 52.306955728707401 ], [ 7.23212553083007, 52.306446813468497 ], [ 7.23226028930276, 52.3057141839531 ], [ 7.23240425025438, 52.305217693639499 ], [ 7.2326411575348, 52.304726406703601 ], [ 7.23291573813975, 52.304380321412999 ], [ 7.23244502538433, 52.304038313582602 ], [ 7.23146834411936, 52.303460332181601 ], [ 7.23119758358175, 52.303243113536197 ], [ 7.23106910276576, 52.303039454022901 ], [ 7.23096544064579, 52.302836157183101 ], [ 7.23046816778921, 52.3019151625126 ], [ 7.23029217061629, 52.301657487942698 ], [ 7.22997506900219, 52.3012937913917 ], [ 7.22981405353895, 52.301104101141298 ], [ 7.22968987141223, 52.300909540961001 ], [ 7.22979942935308, 52.300692310492799 ], [ 7.22975238390046, 52.3007065132375 ], [ 7.22937914969534, 52.300819237334899 ], [ 7.22928626093865, 52.300813087887597 ], [ 7.22925457750982, 52.300781187204102 ], [ 7.22915195628564, 52.300677845609599 ], [ 7.2291230536366, 52.300692410105498 ], [ 7.22906482961065, 52.300721739602601 ], [ 7.22910152734027, 52.300774629948101 ], [ 7.2287403570789, 52.300878649285799 ], [ 7.22841294035865, 52.301109253842299 ], [ 7.2280463690063, 52.301348801018797 ], [ 7.22797438616857, 52.301407505806402 ], [ 7.22795029322974, 52.301452929358803 ], [ 7.2276926819911, 52.301367725286802 ], [ 7.225744184917, 52.300839547945898 ], [ 7.2258008918701, 52.300774851373198 ], [ 7.22647522810879, 52.300196033031298 ], [ 7.22660582618969, 52.3000916240983 ], [ 7.22681705823585, 52.300014060913803 ], [ 7.22713539176911, 52.299816620191798 ], [ 7.22794647071893, 52.300009606741099 ], [ 7.22769725872246, 52.299836950668997 ], [ 7.22750204088478, 52.299672243891699 ], [ 7.22735223700722, 52.299536775819 ], [ 7.22717823277736, 52.299327186267597 ], [ 7.22708026317226, 52.299156799471497 ], [ 7.2270220531485, 52.298906040393398 ], [ 7.22711375839245, 52.298275327062399 ], [ 7.22719483098849, 52.2982059513851 ], [ 7.22741798200694, 52.297696394660498 ], [ 7.22753058995038, 52.297305539518902 ], [ 7.22753552705972, 52.297181907419002 ], [ 7.22753536065923, 52.297089120765101 ], [ 7.22738554483201, 52.296468331657699 ], [ 7.22704481765199, 52.295478295623298 ], [ 7.22697099527864, 52.295189321453101 ], [ 7.22691787327975, 52.295062434718503 ], [ 7.22688666651667, 52.2949691818988 ], [ 7.22685549898119, 52.294778397901801 ], [ 7.22685384447708, 52.294431036987099 ], [ 7.22692217567397, 52.294177502247202 ], [ 7.22701356471199, 52.294026620001901 ], [ 7.22713568000154, 52.293883329373898 ], [ 7.22768273242332, 52.293204000237502 ], [ 7.22799308485611, 52.292816121532098 ], [ 7.22813761909316, 52.292597043541001 ], [ 7.22818693051509, 52.292333709530901 ], [ 7.22818422911539, 52.292110039155901 ], [ 7.22809705993986, 52.291863692209802 ], [ 7.22811474783076, 52.291809234831398 ], [ 7.22795280005807, 52.291395232271803 ], [ 7.22785837030874, 52.291136880259998 ], [ 7.22778340987526, 52.290876446609197 ], [ 7.22773586787289, 52.2907068169404 ], [ 7.22771696238204, 52.290597096485101 ], [ 7.22769742302975, 52.290308946325602 ], [ 7.22771999632494, 52.289938157140298 ], [ 7.22776957704951, 52.2896676879162 ], [ 7.22791578913498, 52.289018027867201 ], [ 7.2280029302647, 52.288681512523603 ], [ 7.22811420131013, 52.288226409418399 ], [ 7.22808972614401, 52.288061891532003 ], [ 7.22842647932112, 52.2879836737701 ], [ 7.22863049998062, 52.288059234124802 ], [ 7.22859753260825, 52.287956478092603 ], [ 7.22864986461147, 52.2878300141791 ], [ 7.22878849837315, 52.287758344949602 ], [ 7.22887891924937, 52.287631229474599 ], [ 7.22875754281942, 52.287427259578699 ], [ 7.22866153757854, 52.287360270521901 ], [ 7.22857161422661, 52.287218023057001 ], [ 7.22824520308537, 52.286983569750603 ], [ 7.22823396552213, 52.286853652363199 ], [ 7.22814357773783, 52.286620222774999 ], [ 7.2278667893801, 52.286111711820801 ], [ 7.22783157358722, 52.286047001198199 ], [ 7.22770611931388, 52.285707753232003 ], [ 7.22769031360136, 52.2852441788174 ], [ 7.227748056348, 52.285145598506197 ], [ 7.22823438267021, 52.284943483376701 ], [ 7.22837919210262, 52.284827057222799 ], [ 7.22852906089719, 52.284249347790301 ], [ 7.22849176599732, 52.2842103041421 ], [ 7.22817969977212, 52.2839009228382 ], [ 7.22737627045192, 52.283271652031502 ], [ 7.22729703206935, 52.283236653859099 ], [ 7.22584507748323, 52.282691802016103 ], [ 7.22566361364385, 52.2826457443864 ], [ 7.22552282618851, 52.282662618681499 ], [ 7.22499674000464, 52.2823632653635 ], [ 7.22441408883643, 52.2821001313417 ], [ 7.22426095035679, 52.282091174300902 ], [ 7.22396393532006, 52.2819985707809 ], [ 7.22290862877749, 52.281425048829398 ], [ 7.22247785905956, 52.281235764400698 ], [ 7.22197896500062, 52.280708536655197 ], [ 7.22185093625938, 52.280460687768503 ], [ 7.22142314190947, 52.280032716811903 ], [ 7.21999388777281, 52.279133216487203 ], [ 7.21876453821229, 52.279599790369602 ], [ 7.21425695681476, 52.2759642213042 ], [ 7.2110667970458, 52.273404153504799 ], [ 7.21093530466589, 52.2732479542153 ], [ 7.21118742229999, 52.267153697589102 ], [ 7.21119175733493, 52.267048929684599 ], [ 7.2112838820812, 52.264821233417301 ], [ 7.21130034653419, 52.264424582530999 ], [ 7.21074089124843, 52.2644444363183 ], [ 7.21060040151905, 52.264449383119 ], [ 7.20920447143755, 52.264498843104398 ], [ 7.20780693717134, 52.264548388120502 ], [ 7.2060587825488, 52.2692555604417 ], [ 7.20551453889685, 52.270640103678197 ], [ 7.20549917992717, 52.270676717971099 ], [ 7.20450717190435, 52.273040931497803 ], [ 7.20448543613206, 52.273092752447099 ], [ 7.20443935186015, 52.273203008411102 ], [ 7.20413441447874, 52.273929570462002 ], [ 7.20412084031579, 52.273957148144497 ], [ 7.20409353454962, 52.274012570858901 ], [ 7.2040827470367, 52.274061860794298 ], [ 7.20406505888697, 52.274096928865198 ], [ 7.20404849423186, 52.274129586281603 ], [ 7.20402107896588, 52.274202576986802 ], [ 7.20375462892366, 52.274911884127697 ], [ 7.20369046292349, 52.275019706667798 ], [ 7.20365776112606, 52.275074417756898 ], [ 7.20296013325785, 52.276807279882597 ], [ 7.20274945528709, 52.277310490989599 ], [ 7.2027368471907, 52.277340591885498 ], [ 7.20270778267388, 52.277406777468599 ], [ 7.20267950511719, 52.277471626279201 ], [ 7.20140887179376, 52.280359901723898 ], [ 7.2013841210537, 52.280409967743402 ], [ 7.20135152817599, 52.280480640008697 ], [ 7.20133301422967, 52.2805207753592 ], [ 7.20103496092964, 52.281167471439097 ], [ 7.20125649892265, 52.281272668328597 ], [ 7.20081657767969, 52.281677772899201 ], [ 7.20067092353944, 52.282034229529003 ], [ 7.20008882831518, 52.283461428875199 ], [ 7.2000520219652, 52.283551665280498 ], [ 7.19963934670417, 52.284563316099103 ], [ 7.1995956847542, 52.284656612870499 ], [ 7.19957466466672, 52.284701340414301 ], [ 7.19918868727233, 52.285628965290698 ], [ 7.1991628827542, 52.285694030793998 ], [ 7.19913675594607, 52.285759810706203 ], [ 7.19850214691605, 52.2871919376568 ], [ 7.19846695414607, 52.287271516114998 ], [ 7.1984287218843, 52.287357342325798 ], [ 7.19792306940525, 52.288497587222302 ], [ 7.19795868378675, 52.288591913535299 ], [ 7.19778670144422, 52.288970893318997 ], [ 7.19776722211181, 52.289012604881897 ], [ 7.19640008236427, 52.291940066223198 ], [ 7.19586433221784, 52.293201229359397 ], [ 7.19551904082569, 52.294040446509698 ], [ 7.19542430117342, 52.294260642200101 ], [ 7.19503921955818, 52.295190784530803 ], [ 7.19484219257991, 52.295701104423003 ], [ 7.19446789264065, 52.296610728929501 ], [ 7.19447559507896, 52.296691771340001 ], [ 7.19447953498089, 52.297117674952801 ], [ 7.19448918132102, 52.297179774752003 ], [ 7.19451452052991, 52.297310360940202 ], [ 7.19435883113257, 52.297348532426597 ], [ 7.19435979393545, 52.2974640175931 ], [ 7.19436045341271, 52.2975451411222 ], [ 7.19436054339564, 52.297555186142702 ], [ 7.19439377475987, 52.297682835886199 ], [ 7.19445460713483, 52.297795352168201 ], [ 7.19452022622724, 52.297880337323001 ], [ 7.19458197602817, 52.297926689211103 ], [ 7.19486249199326, 52.298137245881399 ], [ 7.19619934377437, 52.298937159538397 ], [ 7.19665042264124, 52.298956547906101 ], [ 7.19682385576026, 52.298951014182002 ], [ 7.19693130451383, 52.298934312095099 ], [ 7.19706577872208, 52.298891722082402 ], [ 7.19787355477342, 52.298635878315302 ], [ 7.19800012474199, 52.298632235191903 ], [ 7.19814180757563, 52.298986059538002 ], [ 7.19813150811349, 52.299062735741103 ], [ 7.19809001294627, 52.299592410120901 ], [ 7.19804869199789, 52.299679241000398 ], [ 7.19798558751447, 52.299764354715798 ], [ 7.19778968749614, 52.299819963254897 ], [ 7.19776278362742, 52.299859826075 ], [ 7.19773325742071, 52.2999035871918 ], [ 7.19752267252423, 52.300215654840997 ], [ 7.19739816614491, 52.301023799907803 ], [ 7.19519577005882, 52.302250611567302 ], [ 7.19516552195311, 52.302309134243501 ], [ 7.1948757743047, 52.302510190598703 ], [ 7.19416949778195, 52.303000287560799 ], [ 7.19416330090474, 52.303296736317101 ], [ 7.19416171167041, 52.303523210833802 ], [ 7.19412363981507, 52.303667600422699 ], [ 7.1936823664776, 52.304481758631397 ] ], [ [ 7.1936823664776, 52.304481758631397 ], [ 7.19403498027978, 52.304489130189097 ], [ 7.19484198244123, 52.304511630243503 ], [ 7.19456384792934, 52.306979909709 ], [ 7.19314566777435, 52.306801386677897 ], [ 7.18990813433082, 52.3064843034592 ], [ 7.18992794017306, 52.306380672946602 ], [ 7.1900194715082, 52.30590173473 ], [ 7.19022381982944, 52.304826052349597 ], [ 7.19117854607744, 52.304923853326898 ], [ 7.19139833447997, 52.305620563492297 ], [ 7.19352838517211, 52.305767182177703 ], [ 7.19366999361383, 52.304584999917601 ], [ 7.1936823664776, 52.304481758631397 ] ] ] ] } },
{ "type": "Feature", "properties": { "BEZ_GEM": "Samern", "SCH_GEM": "03456020", "BEZ_KRS": "Grafschaft Bentheim" }, "geometry": { "type": "MultiPolygon", "coordinates": [ [ [ [ 7.27301182511897, 52.327996556896302 ], [ 7.27485362320406, 52.326567121706098 ], [ 7.27490870638823, 52.326524317540901 ], [ 7.27502013019327, 52.326425240269899 ], [ 7.27517181737452, 52.3263096850484 ], [ 7.27529310564425, 52.326217297380602 ], [ 7.27672500544105, 52.325079465330603 ], [ 7.27771156812306, 52.324275594548901 ], [ 7.2778417259016, 52.324169540695699 ], [ 7.27797418618578, 52.324057460010202 ], [ 7.27813572304808, 52.323948590441802 ], [ 7.2795539409241, 52.322796498355302 ], [ 7.27962619087503, 52.3227497160849 ], [ 7.28174908444546, 52.321022424760997 ], [ 7.28179391716669, 52.320986301825798 ], [ 7.28192675860282, 52.320928261137801 ], [ 7.28243436619456, 52.320328179473996 ], [ 7.28787120724498, 52.312737564624001 ], [ 7.28810325734355, 52.312467137735801 ], [ 7.28971498001512, 52.310740566327503 ], [ 7.29010344145207, 52.310325659537497 ], [ 7.29030667219727, 52.310116798422001 ], [ 7.29036891625856, 52.3100528349283 ], [ 7.29112534508802, 52.309224877232097 ], [ 7.29137057007561, 52.308959490050498 ], [ 7.2914060859913, 52.3089209808399 ], [ 7.29205964819726, 52.308214892135403 ], [ 7.29598106722473, 52.304084025445697 ], [ 7.29608005738864, 52.303981332369297 ], [ 7.29786855688523, 52.3020790801692 ], [ 7.29855804881027, 52.301340924617101 ], [ 7.30161541776081, 52.298422511016199 ], [ 7.30259566987059, 52.2970538043161 ], [ 7.30282765983836, 52.296705211867803 ], [ 7.30309731729946, 52.296314900261898 ], [ 7.30635003476147, 52.291564547777099 ], [ 7.3070991125055, 52.290518105832597 ], [ 7.30726835179682, 52.290281682064098 ], [ 7.30731106910431, 52.290231591407597 ], [ 7.30739191359371, 52.290136802087197 ], [ 7.30734341472526, 52.290139703428999 ], [ 7.29134784763826, 52.283974906254699 ], [ 7.29098476322498, 52.283839723537 ], [ 7.28864492505839, 52.282902100982 ], [ 7.28858717399803, 52.282878955868703 ], [ 7.28823389274168, 52.282756135149803 ], [ 7.28500261400719, 52.281535216783297 ], [ 7.28359188845302, 52.280995634296403 ], [ 7.28332050530238, 52.280958329935999 ], [ 7.28322374343095, 52.280871233551103 ], [ 7.28322162580227, 52.280785693213502 ], [ 7.28298541561573, 52.2805515352199 ], [ 7.2827308962127, 52.280404238446003 ], [ 7.28235002619691, 52.280332340261197 ], [ 7.28149448693163, 52.280307742459499 ], [ 7.28158668503731, 52.2801705337897 ], [ 7.2815306180621, 52.280143831049799 ], [ 7.28148124626887, 52.28020097297 ], [ 7.28122198700844, 52.280218760563997 ], [ 7.28107738209329, 52.280279739920502 ], [ 7.28061834510951, 52.280659332312901 ], [ 7.27971003040149, 52.281059981346601 ], [ 7.27946785277013, 52.281108962909897 ], [ 7.27916464563985, 52.281249847179701 ], [ 7.2788823314922, 52.281418998963197 ], [ 7.27872710914894, 52.281649715914703 ], [ 7.27853344486484, 52.281747318805103 ], [ 7.27818851137024, 52.281773129815598 ], [ 7.27755972580979, 52.281746694200599 ], [ 7.27747847326895, 52.281694652576 ], [ 7.27744376518629, 52.281629443019298 ], [ 7.27744420027298, 52.2815380952634 ], [ 7.27762503450887, 52.2814360539737 ], [ 7.27767126608343, 52.281364409424597 ], [ 7.27762111577608, 52.281297059439297 ], [ 7.27731172277671, 52.281193584397997 ], [ 7.27722527434058, 52.281143247097503 ], [ 7.27696845868351, 52.281021530219299 ], [ 7.2762910738877, 52.281242814951497 ], [ 7.2755719082872, 52.281282665544197 ], [ 7.27537533407357, 52.281365213891704 ], [ 7.27511637528664, 52.281794382827201 ], [ 7.27493575763426, 52.282884028077298 ], [ 7.27493104944323, 52.283114682371398 ], [ 7.2748741728916, 52.2832654487868 ], [ 7.27481365670722, 52.283342710048501 ], [ 7.27470354493395, 52.283421035854502 ], [ 7.27450084650151, 52.283486589180697 ], [ 7.27424263895446, 52.283542761845901 ], [ 7.2740309526957, 52.283599623041802 ], [ 7.27385859424168, 52.283842617407998 ], [ 7.27384141517617, 52.284045062678501 ], [ 7.27349857565127, 52.2842427371491 ], [ 7.27314387633398, 52.284505902436798 ], [ 7.2730116140319, 52.284555354540601 ], [ 7.27280215692133, 52.284435247563898 ], [ 7.27263776485833, 52.284472809947196 ], [ 7.27257618217275, 52.284500457100897 ], [ 7.27242518212289, 52.284672387000199 ], [ 7.2723657079452, 52.284645827884397 ], [ 7.27203205075513, 52.284846491818101 ], [ 7.27193709636051, 52.284951031477199 ], [ 7.27154656397769, 52.284381005229399 ], [ 7.27050759984262, 52.283482999899398 ], [ 7.27031715124198, 52.283257219420001 ], [ 7.2702828244467, 52.283050720056302 ], [ 7.27033030581159, 52.282829144514899 ], [ 7.2702774698576, 52.282638648676198 ], [ 7.27014064773236, 52.2824025039925 ], [ 7.27018618040837, 52.282249775233304 ], [ 7.27021586408539, 52.282150134156801 ], [ 7.27006257236239, 52.281952951223801 ], [ 7.26989930232488, 52.281951727651702 ], [ 7.26954051715095, 52.281949076957403 ], [ 7.26908438603185, 52.281991574270798 ], [ 7.26866915515933, 52.2820303536719 ], [ 7.26825243071433, 52.281926953207801 ], [ 7.26775418887384, 52.281850049229099 ], [ 7.26762947048192, 52.281800114419497 ], [ 7.26758200275603, 52.281551250915797 ], [ 7.26687720006, 52.281395513131699 ], [ 7.26607710143406, 52.280740598804002 ], [ 7.26474971049347, 52.279672949843501 ], [ 7.26373549626775, 52.278860576520898 ], [ 7.26259566583699, 52.277947618164703 ], [ 7.26072486297273, 52.2767721175207 ], [ 7.25691142083299, 52.274391550808701 ], [ 7.256821589968, 52.274320000155299 ], [ 7.25673844363091, 52.274253673340901 ], [ 7.25503829385012, 52.273488008603898 ], [ 7.25477457496873, 52.273421528784098 ], [ 7.2545292590347, 52.2732895919873 ], [ 7.25404767679173, 52.273030526296097 ], [ 7.25347385893056, 52.272836002368798 ], [ 7.2528830261505, 52.272470473555401 ], [ 7.25197796416725, 52.272059916970697 ], [ 7.25151630205027, 52.271850319695098 ], [ 7.25122946908493, 52.271786816382203 ], [ 7.25111627968691, 52.2717616715125 ], [ 7.25100700662469, 52.271737573631697 ], [ 7.24967660862409, 52.271442892473502 ], [ 7.24825178299588, 52.271127283252298 ], [ 7.24529431804183, 52.270477506060601 ], [ 7.24519784237787, 52.270456110629297 ], [ 7.24510062730329, 52.270434883958501 ], [ 7.24461136627596, 52.270327802862703 ], [ 7.24266116671693, 52.269901178417001 ], [ 7.24084271248011, 52.269490691588302 ], [ 7.23874866043442, 52.268864402438801 ], [ 7.23832584084459, 52.268738414889498 ], [ 7.237484939885, 52.268455844544697 ], [ 7.23528706068147, 52.267807711884103 ], [ 7.2348057687451, 52.267667350012204 ], [ 7.23437533407502, 52.267541773773097 ], [ 7.22985735564818, 52.267281510241098 ], [ 7.22977281948748, 52.267234106527098 ], [ 7.22966218977747, 52.2672030538249 ], [ 7.22058441181423, 52.266607540012103 ], [ 7.21928285195983, 52.265369743736599 ], [ 7.21835718481166, 52.264489386520502 ], [ 7.21810431537589, 52.264243442672601 ], [ 7.21805046788437, 52.264185119262002 ], [ 7.2165374839333, 52.264238842267403 ], [ 7.21600379140337, 52.264257734503097 ], [ 7.21502348550365, 52.264292548536602 ], [ 7.21351034834855, 52.264346239444301 ], [ 7.21228155200221, 52.264389786044497 ], [ 7.21199632888991, 52.264399906596303 ], [ 7.21130034653419, 52.264424582530999 ], [ 7.2112838820812, 52.264821233417301 ], [ 7.21119175733493, 52.267048929684599 ], [ 7.21118742229999, 52.267153697589102 ], [ 7.21093530466589, 52.2732479542153 ], [ 7.2110667970458, 52.273404153504799 ], [ 7.21425695681476, 52.2759642213042 ], [ 7.21876453821229, 52.279599790369602 ], [ 7.21999388777281, 52.279133216487203 ], [ 7.22142314190947, 52.280032716811903 ], [ 7.22185093625938, 52.280460687768503 ], [ 7.22197896500062, 52.280708536655197 ], [ 7.22247785905956, 52.281235764400698 ], [ 7.22290862877749, 52.281425048829398 ], [ 7.22396393532006, 52.2819985707809 ], [ 7.22426095035679, 52.282091174300902 ], [ 7.22441408883643, 52.2821001313417 ], [ 7.22499674000464, 52.2823632653635 ], [ 7.22552282618851, 52.282662618681499 ], [ 7.22566361364385, 52.2826457443864 ], [ 7.22584507748323, 52.282691802016103 ], [ 7.22729703206935, 52.283236653859099 ], [ 7.22737627045192, 52.283271652031502 ], [ 7.22817969977212, 52.2839009228382 ], [ 7.22849176599732, 52.2842103041421 ], [ 7.22852906089719, 52.284249347790301 ], [ 7.22837919210262, 52.284827057222799 ], [ 7.22823438267021, 52.284943483376701 ], [ 7.227748056348, 52.285145598506197 ], [ 7.22769031360136, 52.2852441788174 ], [ 7.22770611931388, 52.285707753232003 ], [ 7.22783157358722, 52.286047001198199 ], [ 7.2278667893801, 52.286111711820801 ], [ 7.22814357773783, 52.286620222774999 ], [ 7.22823396552213, 52.286853652363199 ], [ 7.22824520308537, 52.286983569750603 ], [ 7.22857161422661, 52.287218023057001 ], [ 7.22866153757854, 52.287360270521901 ], [ 7.22875754281942, 52.287427259578699 ], [ 7.22887891924937, 52.287631229474599 ], [ 7.22878849837315, 52.287758344949602 ], [ 7.22864986461147, 52.2878300141791 ], [ 7.22859753260825, 52.287956478092603 ], [ 7.22863049998062, 52.288059234124802 ], [ 7.22842647932112, 52.2879836737701 ], [ 7.22808972614401, 52.288061891532003 ], [ 7.22811420131013, 52.288226409418399 ], [ 7.2280029302647, 52.288681512523603 ], [ 7.22791578913498, 52.289018027867201 ], [ 7.22776957704951, 52.2896676879162 ], [ 7.22771999632494, 52.289938157140298 ], [ 7.22769742302975, 52.290308946325602 ], [ 7.22771696238204, 52.290597096485101 ], [ 7.22773586787289, 52.2907068169404 ], [ 7.22778340987526, 52.290876446609197 ], [ 7.22785837030874, 52.291136880259998 ], [ 7.22795280005807, 52.291395232271803 ], [ 7.22811474783076, 52.291809234831398 ], [ 7.22809705993986, 52.291863692209802 ], [ 7.22818422911539, 52.292110039155901 ], [ 7.22818693051509, 52.292333709530901 ], [ 7.22813761909316, 52.292597043541001 ], [ 7.22799308485611, 52.292816121532098 ], [ 7.22768273242332, 52.293204000237502 ], [ 7.22713568000154, 52.293883329373898 ], [ 7.22701356471199, 52.294026620001901 ], [ 7.22692217567397, 52.294177502247202 ], [ 7.22685384447708, 52.294431036987099 ], [ 7.22685549898119, 52.294778397901801 ], [ 7.22688666651667, 52.2949691818988 ], [ 7.22691787327975, 52.295062434718503 ], [ 7.22697099527864, 52.295189321453101 ], [ 7.22704481765199, 52.295478295623298 ], [ 7.22738554483201, 52.296468331657699 ], [ 7.22753536065923, 52.297089120765101 ], [ 7.22753552705972, 52.297181907419002 ], [ 7.22753058995038, 52.297305539518902 ], [ 7.22741798200694, 52.297696394660498 ], [ 7.22719483098849, 52.2982059513851 ], [ 7.22711375839245, 52.298275327062399 ], [ 7.2270220531485, 52.298906040393398 ], [ 7.22708026317226, 52.299156799471497 ], [ 7.22717823277736, 52.299327186267597 ], [ 7.22735223700722, 52.299536775819 ], [ 7.22750204088478, 52.299672243891699 ], [ 7.22769725872246, 52.299836950668997 ], [ 7.22794647071893, 52.300009606741099 ], [ 7.22713539176911, 52.299816620191798 ], [ 7.22681705823585, 52.300014060913803 ], [ 7.22660582618969, 52.3000916240983 ], [ 7.22647522810879, 52.300196033031298 ], [ 7.2258008918701, 52.300774851373198 ], [ 7.225744184917, 52.300839547945898 ], [ 7.2276926819911, 52.301367725286802 ], [ 7.22795029322974, 52.301452929358803 ], [ 7.22797438616857, 52.301407505806402 ], [ 7.2280463690063, 52.301348801018797 ], [ 7.22841294035865, 52.301109253842299 ], [ 7.2287403570789, 52.300878649285799 ], [ 7.22910152734027, 52.300774629948101 ], [ 7.22906482961065, 52.300721739602601 ], [ 7.2291230536366, 52.300692410105498 ], [ 7.22915195628564, 52.300677845609599 ], [ 7.22925457750982, 52.300781187204102 ], [ 7.22928626093865, 52.300813087887597 ], [ 7.22937914969534, 52.300819237334899 ], [ 7.22975238390046, 52.3007065132375 ], [ 7.22979942935308, 52.300692310492799 ], [ 7.22968987141223, 52.300909540961001 ], [ 7.22981405353895, 52.301104101141298 ], [ 7.22997506900219, 52.3012937913917 ], [ 7.23029217061629, 52.301657487942698 ], [ 7.23046816778921, 52.3019151625126 ], [ 7.23096544064579, 52.302836157183101 ], [ 7.23106910276576, 52.303039454022901 ], [ 7.23119758358175, 52.303243113536197 ], [ 7.23146834411936, 52.303460332181601 ], [ 7.23244502538433, 52.304038313582602 ], [ 7.23291573813975, 52.304380321412999 ], [ 7.2326411575348, 52.304726406703601 ], [ 7.23240425025438, 52.305217693639499 ], [ 7.23226028930276, 52.3057141839531 ], [ 7.23212553083007, 52.306446813468497 ], [ 7.23204936532593, 52.306955728707401 ], [ 7.2320420630773, 52.307606518735902 ], [ 7.23212013602451, 52.308140590577999 ], [ 7.23224136156227, 52.308682924153899 ], [ 7.23233040837593, 52.3089416675585 ], [ 7.23244875095399, 52.309283634681698 ], [ 7.23260674226259, 52.309702326606804 ], [ 7.23187613493897, 52.309822234967498 ], [ 7.23192771905857, 52.309949833272697 ], [ 7.23173085262115, 52.310260780989999 ], [ 7.23192660383689, 52.310386770456503 ], [ 7.23230072331637, 52.310839827184097 ], [ 7.2322282737737, 52.311029642468696 ], [ 7.23186870650762, 52.311151516939098 ], [ 7.23166877679134, 52.311283747390497 ], [ 7.2316305404746, 52.311365591461403 ], [ 7.23210772142385, 52.311558097006198 ], [ 7.23252339172178, 52.311657120891198 ], [ 7.23294915617155, 52.312045282983298 ], [ 7.23308968900742, 52.312970045245301 ], [ 7.23300046151962, 52.313363754177502 ], [ 7.23350788897684, 52.313440283756499 ], [ 7.2339621623234, 52.313221713721603 ], [ 7.23449604153274, 52.313394079958897 ], [ 7.23474300730406, 52.3137068294579 ], [ 7.23463671945941, 52.313977684677099 ], [ 7.23458599961894, 52.3142862718258 ], [ 7.23462574647662, 52.314483061649398 ], [ 7.2341483233015, 52.3149947004108 ], [ 7.2343909089941, 52.315057536817903 ], [ 7.23472626790148, 52.315063853921203 ], [ 7.23535243092743, 52.315355600573497 ], [ 7.23494559128492, 52.315686236268299 ], [ 7.23465285095022, 52.315758756405302 ], [ 7.234480746208, 52.315843671394099 ], [ 7.23482147138102, 52.316304798017804 ], [ 7.23548743199475, 52.3163120975751 ], [ 7.23565512913428, 52.316366385358101 ], [ 7.23603254490453, 52.316638397798002 ], [ 7.23624578658954, 52.316933232468898 ], [ 7.23630041681691, 52.317082516740903 ], [ 7.23629535908604, 52.317209707545103 ], [ 7.23557066535783, 52.317699981512398 ], [ 7.23689663066699, 52.318565636737603 ], [ 7.23676741062596, 52.3186131970132 ], [ 7.23671093778298, 52.318783642757403 ], [ 7.23688566867963, 52.318997507720198 ], [ 7.23738260938714, 52.3190753382069 ], [ 7.23755112728443, 52.3190550146441 ], [ 7.24034620627239, 52.319390114020898 ], [ 7.24208739396226, 52.319617094746903 ], [ 7.2428331961855, 52.319762167310799 ], [ 7.24458577675317, 52.319980019240802 ], [ 7.24464983021623, 52.319992858087303 ], [ 7.24479298162094, 52.320124086060602 ], [ 7.24487625245584, 52.3206375710853 ], [ 7.24503704952393, 52.320874333795103 ], [ 7.24602014213726, 52.321822114765901 ], [ 7.24605487954161, 52.321804557679698 ], [ 7.24674840846965, 52.322463566735898 ], [ 7.24676737367462, 52.322481588549799 ], [ 7.24672778639847, 52.322488194103101 ], [ 7.24667458088549, 52.322497789466397 ], [ 7.24625248230736, 52.322573929797798 ], [ 7.24534205968746, 52.322627124522299 ], [ 7.24438140360545, 52.322692603251298 ], [ 7.24486783990958, 52.322956001673802 ], [ 7.24285052006617, 52.324153978711699 ], [ 7.24270273138905, 52.324806093341401 ], [ 7.24286567776629, 52.324945368715198 ], [ 7.24328555450607, 52.325259394580598 ], [ 7.24419213277338, 52.3260262571944 ], [ 7.24474226927288, 52.3264915812467 ], [ 7.24480647673357, 52.3265241226527 ], [ 7.24605703617254, 52.3275953285208 ], [ 7.24622428051713, 52.327735544068098 ], [ 7.24636429211512, 52.327831125758401 ], [ 7.24706508484737, 52.328497055166999 ], [ 7.24736156695753, 52.328380501104697 ], [ 7.24749890186424, 52.328324858337197 ], [ 7.24861507940748, 52.327839894788397 ], [ 7.25066551820435, 52.3270105578816 ], [ 7.25109441748724, 52.326756560252598 ], [ 7.25191883430602, 52.326247706655202 ], [ 7.25219681881564, 52.326432909727203 ], [ 7.25260442992114, 52.326743663276801 ], [ 7.25292639386628, 52.326959996457198 ], [ 7.25368389827647, 52.327508711446598 ], [ 7.25378335270415, 52.327580675316199 ], [ 7.25386468635578, 52.327639513346902 ], [ 7.25426128164977, 52.327895160007301 ], [ 7.25508590946785, 52.328469404633204 ], [ 7.25517050253161, 52.328490255814302 ], [ 7.25636076293492, 52.329377221745702 ], [ 7.25660687080641, 52.329687285097499 ], [ 7.25693845678113, 52.330115319078601 ], [ 7.25747362394438, 52.330815651105901 ], [ 7.25765261403633, 52.331048833657803 ], [ 7.25920794670315, 52.333043691818197 ], [ 7.25928140430744, 52.333180186325897 ], [ 7.25932684707859, 52.333622698088597 ], [ 7.25933846229805, 52.333678256866598 ], [ 7.25950228389213, 52.334971130104897 ], [ 7.25983708684692, 52.337580807876002 ], [ 7.259865639421, 52.337791988997701 ], [ 7.25992492251227, 52.338300971304697 ], [ 7.26011736831116, 52.338091517056299 ], [ 7.26023056021062, 52.337971439514099 ], [ 7.26032912540017, 52.337853753979502 ], [ 7.26129255728009, 52.3371153517026 ], [ 7.26408016418511, 52.334983648711003 ], [ 7.26668550892013, 52.332986865988602 ], [ 7.26676354951989, 52.332950426755097 ], [ 7.26813820260626, 52.331857893816903 ], [ 7.27108743463387, 52.329489763252397 ], [ 7.27241285598177, 52.328461199268702 ], [ 7.27299480069895, 52.328009759234497 ], [ 7.27301182511897, 52.327996556896302 ] ] ] ] } },
{ "type": "Feature", "properties": { "BEZ_GEM": "Isterberg", "SCH_GEM": "03456010", "BEZ_KRS": "Grafschaft Bentheim" }, "geometry": { "type": "MultiPolygon", "coordinates": [ [ [ [ 7.1816578729276, 52.378192619740503 ], [ 7.18236224306742, 52.378203097093802 ], [ 7.18399098225358, 52.378376769724603 ], [ 7.18436555313391, 52.378407612114998 ], [ 7.18481589949727, 52.378364178477497 ], [ 7.18507574658999, 52.3783227626624 ], [ 7.18541905565854, 52.378241716557497 ], [ 7.18696558439181, 52.377614289648697 ], [ 7.18720120129193, 52.377543724540203 ], [ 7.18738891410731, 52.377505602848501 ], [ 7.18759742023095, 52.377479938349197 ], [ 7.1878515224294, 52.377474574273798 ], [ 7.18855191172533, 52.377485133558402 ], [ 7.18883373967442, 52.377473628595297 ], [ 7.18912142135113, 52.377423189470598 ], [ 7.18935154070918, 52.377321694930899 ], [ 7.18956497722168, 52.377189822748001 ], [ 7.18970096219357, 52.377083648265597 ], [ 7.18992765583188, 52.3768646708765 ], [ 7.19028860715543, 52.3764594669207 ], [ 7.19042247134274, 52.376225399714897 ], [ 7.1905648846725, 52.375943898127403 ], [ 7.19083108422915, 52.375142783487902 ], [ 7.19104512608516, 52.374851947841798 ], [ 7.19156358694769, 52.374316166695102 ], [ 7.19173366186082, 52.374065658234002 ], [ 7.1917586111025, 52.373926042045099 ], [ 7.19174109337564, 52.373714742930098 ], [ 7.19170374403395, 52.373550165968503 ], [ 7.19155568202323, 52.372506861315898 ], [ 7.19154509463172, 52.372356091234202 ], [ 7.19156167082745, 52.372266789352999 ], [ 7.1916527745566, 52.371989356505601 ], [ 7.19179022930782, 52.3716992355522 ], [ 7.19197121159366, 52.371443948300602 ], [ 7.19230831292642, 52.371146361490602 ], [ 7.19240521035948, 52.371065031954501 ], [ 7.19253023215152, 52.370960484859403 ], [ 7.19289003503031, 52.370732748175698 ], [ 7.19326226538713, 52.370387591293003 ], [ 7.19374991532524, 52.369028065411499 ], [ 7.19421732998609, 52.368207090394201 ], [ 7.19441198030513, 52.367633978010602 ], [ 7.19440108188049, 52.366881939876897 ], [ 7.19437580408627, 52.366759808277202 ], [ 7.19416042388897, 52.366296330096802 ], [ 7.1940230082728, 52.365732888490101 ], [ 7.19396655279322, 52.365212045282298 ], [ 7.19387935600166, 52.365059564712197 ], [ 7.19371682645884, 52.364881475428398 ], [ 7.1933969223995, 52.3645970374954 ], [ 7.19298392644425, 52.364319177371499 ], [ 7.19270462041737, 52.364177424650499 ], [ 7.19181093465948, 52.363780081874403 ], [ 7.19169158724221, 52.3637101893368 ], [ 7.19154929425649, 52.363601551595202 ], [ 7.19143868906398, 52.363493848322598 ], [ 7.19139579645028, 52.363328556683001 ], [ 7.19139359559594, 52.363227817773002 ], [ 7.19144457469615, 52.363080057953297 ], [ 7.19172423016931, 52.362641145603199 ], [ 7.19188349527625, 52.362492345437701 ], [ 7.19205144892672, 52.3623753282317 ], [ 7.19219147664551, 52.36225158941 ], [ 7.19229552395423, 52.362113363025401 ], [ 7.19236373791073, 52.361964248035697 ], [ 7.19235218079849, 52.361822814146997 ], [ 7.19230234344641, 52.3616441090725 ], [ 7.19208446647913, 52.3612788657774 ], [ 7.19197859048261, 52.361121628988499 ], [ 7.19158257891043, 52.360827703832598 ], [ 7.19159237627031, 52.360682739323799 ], [ 7.19179587143759, 52.360552626339398 ], [ 7.19219343600989, 52.360427865516201 ], [ 7.19235681656385, 52.360334875244099 ], [ 7.19246406432558, 52.360114514990201 ], [ 7.19248053731423, 52.359980793062903 ], [ 7.19244533810312, 52.359796107778401 ], [ 7.19232872891509, 52.359634184293697 ], [ 7.19211784232508, 52.359497253178397 ], [ 7.19181475937312, 52.359395506219201 ], [ 7.19157459826529, 52.359335363411802 ], [ 7.19134248425027, 52.359308342267802 ], [ 7.19104940566059, 52.359285332568902 ], [ 7.19011040311048, 52.3593240013724 ], [ 7.19003267860181, 52.3591847005208 ], [ 7.18994541864459, 52.358754107284099 ], [ 7.18998320843391, 52.358645169229803 ], [ 7.19027531867439, 52.358504880310598 ], [ 7.19062189964359, 52.358372078668303 ], [ 7.19101201627984, 52.358287957494802 ], [ 7.19154967282805, 52.358129575551601 ], [ 7.19161726627863, 52.358099859135301 ], [ 7.19169208785391, 52.358011808278803 ], [ 7.19165108136768, 52.357886737639802 ], [ 7.19177061424464, 52.3576387821183 ], [ 7.19163980626818, 52.356993974366397 ], [ 7.19141725382784, 52.356459796590599 ], [ 7.19131327240258, 52.356358263666401 ], [ 7.19092591200748, 52.356135897106498 ], [ 7.19089178184384, 52.356068711128799 ], [ 7.1906481866323, 52.355877416922802 ], [ 7.19053804469296, 52.355841562115899 ], [ 7.19048845214644, 52.355800969966801 ], [ 7.19037263005957, 52.355533945186302 ], [ 7.19035282800979, 52.355429160055699 ], [ 7.19036317304926, 52.355215499468699 ], [ 7.19031085629512, 52.355015175577201 ], [ 7.19018498100898, 52.354857693479097 ], [ 7.18983532706026, 52.354692646493099 ], [ 7.18979412219278, 52.354684012644697 ], [ 7.18947098398941, 52.353942203108403 ], [ 7.18930371676912, 52.353442091907603 ], [ 7.1893674429728, 52.353414520449299 ], [ 7.18945921102668, 52.353238703386602 ], [ 7.18937498818041, 52.353160247053097 ], [ 7.18919055883988, 52.353103749648703 ], [ 7.18910661915517, 52.352852803475301 ], [ 7.18923478808387, 52.352696759506202 ], [ 7.18917696154014, 52.352590815808497 ], [ 7.18905631164579, 52.352506199117698 ], [ 7.18900488424061, 52.352434107722203 ], [ 7.18896559489686, 52.352431113662902 ], [ 7.18886803796192, 52.352139415596596 ], [ 7.18957389278243, 52.352162373567801 ], [ 7.18963094020706, 52.352198287898197 ], [ 7.19021448124913, 52.352234860011897 ], [ 7.19022229337494, 52.352183458085101 ], [ 7.19030502942226, 52.351642714632099 ], [ 7.19030366172548, 52.351616887917999 ], [ 7.19028741974195, 52.351532109498699 ], [ 7.18975643420212, 52.351151112244203 ], [ 7.18947885453175, 52.351053085440903 ], [ 7.18733163399229, 52.350769068278701 ], [ 7.18666807394358, 52.350771265967197 ], [ 7.18652133719225, 52.3507717559132 ], [ 7.18646791465088, 52.350628752252597 ], [ 7.18620517921316, 52.350288928687696 ], [ 7.186156193467, 52.35015809563 ], [ 7.18616931478693, 52.349837631011198 ], [ 7.18635625060748, 52.349253621819599 ], [ 7.18638910028749, 52.349054468486202 ], [ 7.18499728311274, 52.349024019960503 ], [ 7.18468554309943, 52.3489163753745 ], [ 7.18448436044928, 52.348883027026098 ], [ 7.18430036715296, 52.348792468446099 ], [ 7.18400157699481, 52.348730401509002 ], [ 7.18369714663124, 52.348448870828598 ], [ 7.18297016802697, 52.348584460403998 ], [ 7.18286367814282, 52.348531390610503 ], [ 7.18276538000951, 52.348397459675397 ], [ 7.18269265054594, 52.348365400848202 ], [ 7.1824048258331, 52.348397280593403 ], [ 7.18233372963185, 52.348444588281197 ], [ 7.18217984973588, 52.348342387048397 ], [ 7.18142874384957, 52.348513759972001 ], [ 7.18128390919502, 52.3485070793893 ], [ 7.18120109440192, 52.348478577884997 ], [ 7.18093995862642, 52.3481261066595 ], [ 7.18043562136584, 52.347631850385497 ], [ 7.18001808840538, 52.3476949951379 ], [ 7.17924000303115, 52.347876620464099 ], [ 7.17886050334641, 52.348055970007401 ], [ 7.17744527261088, 52.348635482373602 ], [ 7.17714596528124, 52.348706492335403 ], [ 7.17624208226933, 52.3478636436854 ], [ 7.17613889936533, 52.347849956969199 ], [ 7.17475024195619, 52.348103794864997 ], [ 7.17349475950194, 52.347043739785498 ], [ 7.17334626649389, 52.346956068618603 ], [ 7.17125019244209, 52.346006747869602 ], [ 7.17097262235297, 52.345615047902101 ], [ 7.17083997017056, 52.345680547698599 ], [ 7.17048959426412, 52.345195105776803 ], [ 7.17051381127886, 52.344947106180697 ], [ 7.1699208979243, 52.3447437934974 ], [ 7.16974557771991, 52.3445869163859 ], [ 7.1685054431805, 52.344028136616203 ], [ 7.16809126475122, 52.344350015234703 ], [ 7.16796896843735, 52.344376666890497 ], [ 7.16393482294057, 52.343514840379299 ], [ 7.16112592384313, 52.344112715725402 ], [ 7.1599725786889, 52.344098217520397 ], [ 7.15962939325592, 52.344093887287997 ], [ 7.15765885278412, 52.344068987651603 ], [ 7.15718538157229, 52.344063004869597 ], [ 7.15719040414969, 52.343959185202202 ], [ 7.15720353692921, 52.343687187144901 ], [ 7.15720730555994, 52.3436092797062 ], [ 7.15748051261494, 52.343187222444698 ], [ 7.15748623252886, 52.343062022597103 ], [ 7.15735994940365, 52.342621028457899 ], [ 7.15718220114894, 52.342313404048902 ], [ 7.16070447932908, 52.341943358759302 ], [ 7.16063668783582, 52.341815251763599 ], [ 7.16029277188373, 52.341481702279602 ], [ 7.16055782201635, 52.341271380219602 ], [ 7.16059119454165, 52.341107533332497 ], [ 7.16035891836843, 52.340047492043901 ], [ 7.16034812499218, 52.340009388347198 ], [ 7.15747582694497, 52.339572243175098 ], [ 7.15593796944308, 52.339658095041699 ], [ 7.15547750243626, 52.338596980116399 ], [ 7.15428674940557, 52.335809967495301 ], [ 7.15366623541232, 52.336611799411003 ], [ 7.1536032177011, 52.336693231542199 ], [ 7.15349214900652, 52.337460099075997 ], [ 7.15113500175214, 52.336911081738201 ], [ 7.15105920372579, 52.337017956604598 ], [ 7.15096597528395, 52.336993388741099 ], [ 7.15062279955486, 52.336933167156303 ], [ 7.14764929537632, 52.336135861763097 ], [ 7.14540065505877, 52.335532934181899 ], [ 7.14308844988846, 52.334903607604602 ], [ 7.14103881661765, 52.334346255014097 ], [ 7.14064512541118, 52.3342394416673 ], [ 7.1396524377793, 52.333970102266697 ], [ 7.1395094590143, 52.3339313081417 ], [ 7.13820946536389, 52.333588113583303 ], [ 7.13338554325475, 52.3328992849641 ], [ 7.13223515037176, 52.333076037813697 ], [ 7.13208829508837, 52.333098802135098 ], [ 7.12864747638325, 52.333632570448401 ], [ 7.12628790869561, 52.332819001927398 ], [ 7.12518734528351, 52.332445449599597 ], [ 7.12768806096971, 52.330473125475699 ], [ 7.12615223181297, 52.329842316890598 ], [ 7.12518642778886, 52.329442416263603 ], [ 7.12480537253688, 52.328567591736402 ], [ 7.12495299290786, 52.328464013563298 ], [ 7.12510067299208, 52.328300012132999 ], [ 7.12514961699333, 52.3281976546373 ], [ 7.12519397600157, 52.327554735014097 ], [ 7.12514911640887, 52.327372085427697 ], [ 7.12514639976392, 52.3273610185134 ], [ 7.12505411695788, 52.327116400753098 ], [ 7.12491997928479, 52.327002972288298 ], [ 7.12423943043322, 52.3267263717849 ], [ 7.12424565165166, 52.3264440421232 ], [ 7.12347621806454, 52.326098641776703 ], [ 7.12335869007568, 52.325996193458799 ], [ 7.12326437863025, 52.325918715171397 ], [ 7.12317265692292, 52.325960687416597 ], [ 7.12245864599282, 52.326287425677499 ], [ 7.12227449773447, 52.326479068945702 ], [ 7.12187886637322, 52.326618901912802 ], [ 7.12186472756646, 52.326595838214402 ], [ 7.12150289154987, 52.326511226600999 ], [ 7.12127884866633, 52.326523847905897 ], [ 7.12086413084901, 52.326694952650698 ], [ 7.12053038277507, 52.326832645619596 ], [ 7.12037723763068, 52.326879150128498 ], [ 7.1200451438585, 52.326923768228603 ], [ 7.11981408612168, 52.327134271874499 ], [ 7.11967703245025, 52.327187838354902 ], [ 7.11922050846985, 52.3272263728512 ], [ 7.11858510113266, 52.327420867151403 ], [ 7.11826604699622, 52.327382874626601 ], [ 7.11816163975291, 52.327370510986803 ], [ 7.11822161933993, 52.327447626196502 ], [ 7.11763623266178, 52.328556413156399 ], [ 7.11736777738343, 52.328788615412002 ], [ 7.11549886753581, 52.329763000882899 ], [ 7.11566652095975, 52.329874466155601 ], [ 7.11666497833748, 52.330538314092699 ], [ 7.11676977832523, 52.330645934110798 ], [ 7.11627260624114, 52.331877058857501 ], [ 7.11455926580582, 52.332323581866902 ], [ 7.11429439137516, 52.332443078765202 ], [ 7.11299183413798, 52.332762070992601 ], [ 7.11285224145275, 52.332872596354498 ], [ 7.1125929752773, 52.3331683620601 ], [ 7.11250991531566, 52.333263119826903 ], [ 7.11276477704137, 52.3334734795136 ], [ 7.1136462765465, 52.3342010328493 ], [ 7.11218626049538, 52.336023787419997 ], [ 7.11058891355344, 52.335962099692701 ], [ 7.11007844424363, 52.335929835153003 ], [ 7.10996406590927, 52.335947786641299 ], [ 7.10955294364536, 52.336416552365698 ], [ 7.10920209881807, 52.337750651687003 ], [ 7.1091045559313, 52.337945018842198 ], [ 7.1088539555136, 52.338079748355099 ], [ 7.10401287510383, 52.338789270950997 ], [ 7.10209438413326, 52.338751491524697 ], [ 7.10146301804163, 52.338779155037102 ], [ 7.10000306321882, 52.339027228522497 ], [ 7.09731100546442, 52.339360358169699 ], [ 7.09720215066989, 52.339373099237001 ], [ 7.09710055641802, 52.339414352936203 ], [ 7.09698767507142, 52.339506497509099 ], [ 7.09680905852085, 52.340633605462799 ], [ 7.09639906260041, 52.342994420528697 ], [ 7.09589694877257, 52.345690397424299 ], [ 7.09494564372253, 52.351195861914597 ], [ 7.09653381132824, 52.351011957210801 ], [ 7.0967211152113, 52.351037274514702 ], [ 7.09928163484273, 52.350784563451697 ], [ 7.09948667606896, 52.350714760109398 ], [ 7.10326800241401, 52.350346182824197 ], [ 7.10614570175385, 52.350030708499702 ], [ 7.113736919136, 52.349863265467697 ], [ 7.11472140198275, 52.349946778455802 ], [ 7.11480062563888, 52.351031716844602 ], [ 7.11748516450834, 52.350960873384203 ], [ 7.11767689034949, 52.350956339597303 ], [ 7.11731028495197, 52.351538119684101 ], [ 7.11739039377478, 52.351542408575703 ], [ 7.11527088647447, 52.355554889587999 ], [ 7.11499869336116, 52.355492181941102 ], [ 7.11270757137157, 52.356336639626598 ], [ 7.11226475356719, 52.356844336396499 ], [ 7.11209017951637, 52.356939915337598 ], [ 7.11145742061814, 52.356997418911099 ], [ 7.10599661580396, 52.357906181371902 ], [ 7.10603239639471, 52.358061950964199 ], [ 7.10334817087772, 52.358704681068701 ], [ 7.10260627315584, 52.357757455609097 ], [ 7.10203128747511, 52.357007756160201 ], [ 7.10060970808729, 52.355134873721397 ], [ 7.09948237992683, 52.356940792238802 ], [ 7.09887547674062, 52.357637412320202 ], [ 7.09804182845385, 52.358518035106997 ], [ 7.09977906090354, 52.359657629915297 ], [ 7.0999152385276, 52.359656852948604 ], [ 7.1193133661524, 52.361561823390197 ], [ 7.12807485953052, 52.365825839591203 ], [ 7.12826518552696, 52.365918447408802 ], [ 7.12838725261674, 52.365939173650801 ], [ 7.12851514954124, 52.365960981189502 ], [ 7.13052904909904, 52.366337872783099 ], [ 7.13337588846888, 52.366871740034497 ], [ 7.13357913251563, 52.366909856314599 ], [ 7.13453182728131, 52.3670847731224 ], [ 7.13534838560448, 52.367230891620501 ], [ 7.13548169448504, 52.367264223287698 ], [ 7.13826126584924, 52.367767840522802 ], [ 7.14066297561119, 52.368211226769098 ], [ 7.14429128368517, 52.3693208252608 ], [ 7.16560374303292, 52.375935408838799 ], [ 7.16955845115407, 52.377193692809797 ], [ 7.170960448874, 52.377621173206698 ], [ 7.1717207481438, 52.377861252717302 ], [ 7.17221603975506, 52.378017545299301 ], [ 7.17302765734764, 52.378273677729901 ], [ 7.17550468201753, 52.379064721565904 ], [ 7.17557356909005, 52.379086645549997 ], [ 7.17682411295706, 52.379492313251802 ], [ 7.17750666254852, 52.379052006963001 ], [ 7.1778316483003, 52.378888337746901 ], [ 7.17801666649767, 52.378812514796302 ], [ 7.17831555629186, 52.378718755671002 ], [ 7.17855492029177, 52.378654020048003 ], [ 7.17881156123872, 52.37860501566 ], [ 7.18113052337511, 52.378232788022203 ], [ 7.1816578729276, 52.378192619740503 ] ], [ [ 7.14833105419329, 52.361257166163803 ], [ 7.15108395880284, 52.359649460142002 ], [ 7.1546138937442, 52.357587895557401 ], [ 7.15821994231015, 52.353312200042303 ], [ 7.15930595939992, 52.352012667477503 ], [ 7.15938001006797, 52.351948002806999 ], [ 7.16227863144166, 52.348450352904599 ], [ 7.16230136031736, 52.348422742631399 ], [ 7.16379921981521, 52.3481728701408 ], [ 7.16478625179409, 52.348008196720002 ], [ 7.16669301897059, 52.347690189252603 ], [ 7.16679887715958, 52.347672500153699 ], [ 7.16693450982382, 52.347560807344699 ], [ 7.16980359746886, 52.3486493874099 ], [ 7.16982383412321, 52.348749165845703 ], [ 7.16991407922726, 52.348727725338897 ], [ 7.16998435774433, 52.349148406356001 ], [ 7.16956537900841, 52.349316891269297 ], [ 7.16855276136601, 52.349787641232702 ], [ 7.16845848349543, 52.349834104710403 ], [ 7.1683771611057, 52.349869079927799 ], [ 7.16830680862861, 52.349902238044102 ], [ 7.16760816444012, 52.3502441879996 ], [ 7.16635406691599, 52.351486059263799 ], [ 7.16625173178296, 52.351514898315699 ], [ 7.16521407963272, 52.352525203119697 ], [ 7.1651331234306, 52.352579513731499 ], [ 7.16511690463508, 52.3526094735467 ], [ 7.16266858556474, 52.355028371598301 ], [ 7.16260610423559, 52.3550902510189 ], [ 7.16256862849953, 52.3551263538181 ], [ 7.16135345433086, 52.356300720871303 ], [ 7.15984487926293, 52.357745198864301 ], [ 7.15983117948324, 52.357831034943302 ], [ 7.15909954397509, 52.358537344942697 ], [ 7.15895024439734, 52.358652538438697 ], [ 7.15888167118481, 52.358677005908604 ], [ 7.15706586442276, 52.360392522462703 ], [ 7.15707249797481, 52.360444867049203 ], [ 7.15707606151633, 52.360486283927699 ], [ 7.1562471166238, 52.361298238241801 ], [ 7.15611378730164, 52.361382206892898 ], [ 7.15602078627379, 52.361386509990098 ], [ 7.1544822365889, 52.362858056870401 ], [ 7.15417379786145, 52.363164617014597 ], [ 7.14665544557263, 52.362467812274801 ], [ 7.14633462948953, 52.362433772276297 ], [ 7.14693345627377, 52.362081218561201 ], [ 7.14833105419329, 52.361257166163803 ] ] ] ] } },
{ "type": "Feature", "properties": { "BEZ_GEM": "Quendorf", "SCH_GEM": "03456018", "BEZ_KRS": "Grafschaft Bentheim" }, "geometry": { "type": "MultiPolygon", "coordinates": [ [ [ [ 7.16998435774433, 52.349148406356001 ], [ 7.16991407922726, 52.348727725338897 ], [ 7.16982383412321, 52.348749165845703 ], [ 7.16980359746886, 52.3486493874099 ], [ 7.16693450982382, 52.347560807344699 ], [ 7.16679887715958, 52.347672500153699 ], [ 7.16669301897059, 52.347690189252603 ], [ 7.16478625179409, 52.348008196720002 ], [ 7.16379921981521, 52.3481728701408 ], [ 7.16230136031736, 52.348422742631399 ], [ 7.16227863144166, 52.348450352904599 ], [ 7.15938001006797, 52.351948002806999 ], [ 7.15930595939992, 52.352012667477503 ], [ 7.15821994231015, 52.353312200042303 ], [ 7.1546138937442, 52.357587895557401 ], [ 7.15108395880284, 52.359649460142002 ], [ 7.14833105419329, 52.361257166163803 ], [ 7.14693345627377, 52.362081218561201 ], [ 7.14633462948953, 52.362433772276297 ], [ 7.14665544557263, 52.362467812274801 ], [ 7.15417379786145, 52.363164617014597 ], [ 7.1544822365889, 52.362858056870401 ], [ 7.15602078627379, 52.361386509990098 ], [ 7.15611378730164, 52.361382206892898 ], [ 7.1562471166238, 52.361298238241801 ], [ 7.15707606151633, 52.360486283927699 ], [ 7.15707249797481, 52.360444867049203 ], [ 7.15706586442276, 52.360392522462703 ], [ 7.15888167118481, 52.358677005908604 ], [ 7.15895024439734, 52.358652538438697 ], [ 7.15909954397509, 52.358537344942697 ], [ 7.15983117948324, 52.357831034943302 ], [ 7.15984487926293, 52.357745198864301 ], [ 7.16135345433086, 52.356300720871303 ], [ 7.16256862849953, 52.3551263538181 ], [ 7.16260610423559, 52.3550902510189 ], [ 7.16266858556474, 52.355028371598301 ], [ 7.16511690463508, 52.3526094735467 ], [ 7.1651331234306, 52.352579513731499 ], [ 7.16521407963272, 52.352525203119697 ], [ 7.16625173178296, 52.351514898315699 ], [ 7.16635406691599, 52.351486059263799 ], [ 7.16760816444012, 52.3502441879996 ], [ 7.16830680862861, 52.349902238044102 ], [ 7.1683771611057, 52.349869079927799 ], [ 7.16845848349543, 52.349834104710403 ], [ 7.16855276136601, 52.349787641232702 ], [ 7.16956537900841, 52.349316891269297 ], [ 7.16998435774433, 52.349148406356001 ] ] ], [ [ [ 7.11270757137157, 52.356336639626598 ], [ 7.11499869336116, 52.355492181941102 ], [ 7.11527088647447, 52.355554889587999 ], [ 7.11739039377478, 52.351542408575703 ], [ 7.11731028495197, 52.351538119684101 ], [ 7.11767689034949, 52.350956339597303 ], [ 7.11748516450834, 52.350960873384203 ], [ 7.11480062563888, 52.351031716844602 ], [ 7.11472140198275, 52.349946778455802 ], [ 7.113736919136, 52.349863265467697 ], [ 7.10614570175385, 52.350030708499702 ], [ 7.10326800241401, 52.350346182824197 ], [ 7.09948667606896, 52.350714760109398 ], [ 7.09928163484273, 52.350784563451697 ], [ 7.0967211152113, 52.351037274514702 ], [ 7.09653381132824, 52.351011957210801 ], [ 7.09494564372253, 52.351195861914597 ], [ 7.09466174306182, 52.352819541120297 ], [ 7.09443342415347, 52.354125280162499 ], [ 7.09442584894151, 52.354168578767798 ], [ 7.09454304674852, 52.354209223316502 ], [ 7.09795777975435, 52.358471184115601 ], [ 7.09804182845385, 52.358518035106997 ], [ 7.09887547674062, 52.357637412320202 ], [ 7.09948237992683, 52.356940792238802 ], [ 7.10060970808729, 52.355134873721397 ], [ 7.10203128747511, 52.357007756160201 ], [ 7.10260627315584, 52.357757455609097 ], [ 7.10334817087772, 52.358704681068701 ], [ 7.10603239639471, 52.358061950964199 ], [ 7.10599661580396, 52.357906181371902 ], [ 7.11145742061814, 52.356997418911099 ], [ 7.11209017951637, 52.356939915337598 ], [ 7.11226475356719, 52.356844336396499 ], [ 7.11270757137157, 52.356336639626598 ] ] ], [ [ [ 7.20107193627598, 52.3541388470491 ], [ 7.20755821501008, 52.352633168906699 ], [ 7.21248105511722, 52.351515212602798 ], [ 7.22388718178369, 52.348818416022901 ], [ 7.22395182261735, 52.348802843480598 ], [ 7.22422214429557, 52.348747563265 ], [ 7.22625651573776, 52.348961733203701 ], [ 7.22924327918855, 52.349292291193102 ], [ 7.23067307239411, 52.349447238215902 ], [ 7.23241485097727, 52.349628865552503 ], [ 7.2349115018777, 52.349887745956103 ], [ 7.23587410766214, 52.3499876338227 ], [ 7.23665379259693, 52.350068419049201 ], [ 7.2390883125017, 52.3503297811056 ], [ 7.24076819962367, 52.350144507321602 ], [ 7.2418038153358, 52.350021995347397 ], [ 7.24121204733893, 52.349061436899603 ], [ 7.2406476198643, 52.348137697939499 ], [ 7.24046570135263, 52.348006167300802 ], [ 7.24045033696313, 52.3479808252008 ], [ 7.24005779048649, 52.347325467787499 ], [ 7.23999321384684, 52.347235768593499 ], [ 7.24004342558007, 52.3471311992379 ], [ 7.23934903510795, 52.345974417613 ], [ 7.23902166683545, 52.3454527063912 ], [ 7.23900687761765, 52.345429557592396 ], [ 7.23897552390769, 52.345379906667702 ], [ 7.23568247337827, 52.344089042169202 ], [ 7.23242330693059, 52.342810999736997 ], [ 7.23216667082222, 52.342745207770697 ], [ 7.23167689157361, 52.3425547197442 ], [ 7.23125251832065, 52.342388137389797 ], [ 7.22856035248671, 52.341331664106498 ], [ 7.22591828186748, 52.340299438675501 ], [ 7.22460253089468, 52.3397863051201 ], [ 7.2242338115349, 52.339642562864498 ], [ 7.22307597257863, 52.339200930716402 ], [ 7.22237685832429, 52.338847834429799 ], [ 7.22186242038979, 52.338578887458702 ], [ 7.21763663414718, 52.336368289047002 ], [ 7.21722246234395, 52.336151546640799 ], [ 7.21655900003105, 52.335808484296102 ], [ 7.21623044734156, 52.3356346618936 ], [ 7.21579381626198, 52.335418294518497 ], [ 7.21544991545234, 52.335510621599497 ], [ 7.21467560089535, 52.335772389458299 ], [ 7.21434742117485, 52.335567636483901 ], [ 7.21422686500327, 52.335510515895002 ], [ 7.21472484197788, 52.335173037884203 ], [ 7.21492488951275, 52.334976628797499 ], [ 7.21494074795182, 52.334801533288697 ], [ 7.21487869823481, 52.334713107781603 ], [ 7.21469370571405, 52.334626870252599 ], [ 7.21270284325661, 52.3344032639449 ], [ 7.21248556733451, 52.334364279549398 ], [ 7.2123112374056, 52.334254012334 ], [ 7.21199238768854, 52.333894918973201 ], [ 7.21109169260592, 52.3335219785845 ], [ 7.21057276076736, 52.333843838312099 ], [ 7.21021268763018, 52.334105162163802 ], [ 7.20986725037536, 52.334221681969403 ], [ 7.20944408737075, 52.334309966947004 ], [ 7.20881258002689, 52.334400890698902 ], [ 7.2081878769849, 52.3345576246004 ], [ 7.20786054256583, 52.334616444632701 ], [ 7.20733224507318, 52.334528771589 ], [ 7.20722860191538, 52.3344783743837 ], [ 7.20682682470717, 52.334355304350701 ], [ 7.20677768299575, 52.3343709049525 ], [ 7.20665863965099, 52.334282877544297 ], [ 7.2060503254659, 52.333557615165901 ], [ 7.20592038211452, 52.333126842968099 ], [ 7.20565921644372, 52.332239059186001 ], [ 7.20562945579373, 52.332058371197903 ], [ 7.20569553167065, 52.331830674596198 ], [ 7.20551835008196, 52.331807823750701 ], [ 7.20551248249262, 52.331771849276201 ], [ 7.20428656271547, 52.331590371386199 ], [ 7.20376128881857, 52.331459559520098 ], [ 7.20318280588507, 52.331432148111801 ], [ 7.20290768689406, 52.3313868710284 ], [ 7.20278233610618, 52.331361765502102 ], [ 7.20267145377876, 52.331330945575303 ], [ 7.20255421446227, 52.331192669484501 ], [ 7.2025659478799, 52.331077036650299 ], [ 7.20247458488547, 52.330930432430499 ], [ 7.20226991943798, 52.330758455839401 ], [ 7.20193211968036, 52.330474755048897 ], [ 7.20133990330228, 52.330272509152699 ], [ 7.20120642323393, 52.330154143436999 ], [ 7.20190096716963, 52.3301272331775 ], [ 7.20126160168555, 52.330006694783798 ], [ 7.20075826168251, 52.329912178667399 ], [ 7.20049579547881, 52.329759765219102 ], [ 7.20036604256285, 52.329446275236698 ], [ 7.20032461709057, 52.328622915060599 ], [ 7.20043919819774, 52.328551559415899 ], [ 7.20068712207719, 52.3285431979848 ], [ 7.20150977527901, 52.328440365739802 ], [ 7.2028608701998, 52.328265994254899 ], [ 7.20267570299225, 52.328091167861999 ], [ 7.20222369636295, 52.3275190783338 ], [ 7.20162104235492, 52.326710372765397 ], [ 7.20155350009454, 52.326678683036199 ], [ 7.2012977521768, 52.326659502764102 ], [ 7.20123090259247, 52.3266707941373 ], [ 7.19998052780795, 52.325096929699299 ], [ 7.19954897841561, 52.324506888140803 ], [ 7.19902654309014, 52.3244856152008 ], [ 7.19863086645516, 52.324465104462298 ], [ 7.19844604170397, 52.3244523945854 ], [ 7.19822955827693, 52.324442348502899 ], [ 7.19828907900701, 52.323508401628096 ], [ 7.19822943226892, 52.323445090094303 ], [ 7.19707275333894, 52.323464303877401 ], [ 7.19718906252536, 52.322440678902502 ], [ 7.19733797112498, 52.322433178005703 ], [ 7.1972101445862, 52.322246962273503 ], [ 7.19657529650272, 52.3221735824538 ], [ 7.19381308378861, 52.3217256076396 ], [ 7.19365214880652, 52.321699498392199 ], [ 7.19380532654756, 52.321585696726302 ], [ 7.19404201053174, 52.3213396826607 ], [ 7.19421198863454, 52.320750904753297 ], [ 7.19428395384752, 52.320522269902703 ], [ 7.19410146587565, 52.3205362039512 ], [ 7.19370019212357, 52.320566842940003 ], [ 7.19262357611886, 52.320646761546797 ], [ 7.19248717708341, 52.320569594243302 ], [ 7.19241568732598, 52.3204299396007 ], [ 7.19183470147518, 52.319629066085596 ], [ 7.19172237022487, 52.319544713404802 ], [ 7.19165597822943, 52.319488128754699 ], [ 7.19155972296652, 52.319406090135701 ], [ 7.19103177789956, 52.319071789402997 ], [ 7.19098530882137, 52.319004162129502 ], [ 7.19089714927166, 52.318875868289297 ], [ 7.19076245267162, 52.318792781551601 ], [ 7.19055578691581, 52.318673003251703 ], [ 7.18983634747891, 52.319356489399397 ], [ 7.18970430301215, 52.319370560381103 ], [ 7.18879193627046, 52.3186376030772 ], [ 7.18903722549229, 52.318433748590998 ], [ 7.18948700254993, 52.318118169976302 ], [ 7.18964158911177, 52.3180097092959 ], [ 7.18961286416779, 52.317983732808599 ], [ 7.18928228869883, 52.3177717679892 ], [ 7.18885504424329, 52.317318603579203 ], [ 7.18852134073428, 52.317003814539802 ], [ 7.18849777205025, 52.316959394154502 ], [ 7.18844972719671, 52.316914328564302 ], [ 7.1891017949596, 52.316719410539797 ], [ 7.18927090506188, 52.316648991738397 ], [ 7.18918133669647, 52.316555436453797 ], [ 7.18860332057976, 52.316318562938498 ], [ 7.18826554116979, 52.316236683073697 ], [ 7.18732056340565, 52.316102773621097 ], [ 7.18493419751116, 52.316561108694501 ], [ 7.18424068540727, 52.317051190571597 ], [ 7.18417460089982, 52.317088478748801 ], [ 7.18414563376562, 52.317115098099798 ], [ 7.18369110280618, 52.317426411362597 ], [ 7.18393813537056, 52.3182804570068 ], [ 7.18425985320794, 52.318446623355499 ], [ 7.18595072344446, 52.319318628285899 ], [ 7.18600690840821, 52.319347635019398 ], [ 7.18603385658352, 52.319384734685499 ], [ 7.18523392634106, 52.320183308242001 ], [ 7.18511510796761, 52.320261327826103 ], [ 7.18503630912325, 52.320219456833399 ], [ 7.18392416370807, 52.319628533762 ], [ 7.18340908334265, 52.319604786742303 ], [ 7.18218690168787, 52.319542155830597 ], [ 7.18204485639771, 52.319534880095098 ], [ 7.18194228331155, 52.319531502772797 ], [ 7.181866116171, 52.319528262135002 ], [ 7.18172768676343, 52.319522624207103 ], [ 7.18165159265649, 52.319789582429799 ], [ 7.17942226905687, 52.319704524298302 ], [ 7.17865396902844, 52.321195068485501 ], [ 7.17891340476913, 52.321273178067997 ], [ 7.17897269541932, 52.321512369986102 ], [ 7.17887478558957, 52.321602574681201 ], [ 7.17819310702688, 52.322058186325897 ], [ 7.17574519750094, 52.323092739892303 ], [ 7.17569364715962, 52.323111635248402 ], [ 7.17493364415109, 52.323885850095003 ], [ 7.17482958822681, 52.323993130489299 ], [ 7.17436896330068, 52.324467997512002 ], [ 7.17426347931696, 52.324576747947802 ], [ 7.17353214566957, 52.325330626469899 ], [ 7.17316734524443, 52.325672060590598 ], [ 7.16788881912141, 52.326837612523299 ], [ 7.16769505910478, 52.326852859670304 ], [ 7.16746269824696, 52.326942767417002 ], [ 7.16076025385201, 52.328372220731502 ], [ 7.16055953901261, 52.3283320224511 ], [ 7.15787694602774, 52.327514450821297 ], [ 7.15543913165712, 52.326771395848802 ], [ 7.15543049175329, 52.326858075129799 ], [ 7.15495555468176, 52.331623126350202 ], [ 7.15466076309673, 52.332523977797301 ], [ 7.15486019795242, 52.333053643125297 ], [ 7.1546603565642, 52.334063877186402 ], [ 7.15459076397447, 52.334737701176302 ], [ 7.154710472015, 52.335278709127401 ], [ 7.15428674940557, 52.335809967495301 ], [ 7.15547750243626, 52.338596980116399 ], [ 7.15593796944308, 52.339658095041699 ], [ 7.15747582694497, 52.339572243175098 ], [ 7.16034812499218, 52.340009388347198 ], [ 7.16035891836843, 52.340047492043901 ], [ 7.16059119454165, 52.341107533332497 ], [ 7.16055782201635, 52.341271380219602 ], [ 7.16029277188373, 52.341481702279602 ], [ 7.16063668783582, 52.341815251763599 ], [ 7.16070447932908, 52.341943358759302 ], [ 7.15718220114894, 52.342313404048902 ], [ 7.15735994940365, 52.342621028457899 ], [ 7.15748623252886, 52.343062022597103 ], [ 7.15748051261494, 52.343187222444698 ], [ 7.15720730555994, 52.3436092797062 ], [ 7.15720353692921, 52.343687187144901 ], [ 7.15719040414969, 52.343959185202202 ], [ 7.15718538157229, 52.344063004869597 ], [ 7.15765885278412, 52.344068987651603 ], [ 7.15962939325592, 52.344093887287997 ], [ 7.1599725786889, 52.344098217520397 ], [ 7.16112592384313, 52.344112715725402 ], [ 7.16393482294057, 52.343514840379299 ], [ 7.16796896843735, 52.344376666890497 ], [ 7.16809126475122, 52.344350015234703 ], [ 7.1685054431805, 52.344028136616203 ], [ 7.16974557771991, 52.3445869163859 ], [ 7.1699208979243, 52.3447437934974 ], [ 7.17051381127886, 52.344947106180697 ], [ 7.17048959426412, 52.345195105776803 ], [ 7.17083997017056, 52.345680547698599 ], [ 7.17097262235297, 52.345615047902101 ], [ 7.17125019244209, 52.346006747869602 ], [ 7.17334626649389, 52.346956068618603 ], [ 7.17349475950194, 52.347043739785498 ], [ 7.17475024195619, 52.348103794864997 ], [ 7.17613889936533, 52.347849956969199 ], [ 7.17624208226933, 52.3478636436854 ], [ 7.17714596528124, 52.348706492335403 ], [ 7.17744527261088, 52.348635482373602 ], [ 7.17886050334641, 52.348055970007401 ], [ 7.17924000303115, 52.347876620464099 ], [ 7.18001808840538, 52.3476949951379 ], [ 7.18043562136584, 52.347631850385497 ], [ 7.18093995862642, 52.3481261066595 ], [ 7.18120109440192, 52.348478577884997 ], [ 7.18128390919502, 52.3485070793893 ], [ 7.18142874384957, 52.348513759972001 ], [ 7.18217984973588, 52.348342387048397 ], [ 7.18233372963185, 52.348444588281197 ], [ 7.1824048258331, 52.348397280593403 ], [ 7.18269265054594, 52.348365400848202 ], [ 7.18276538000951, 52.348397459675397 ], [ 7.18286367814282, 52.348531390610503 ], [ 7.18297016802697, 52.348584460403998 ], [ 7.18369714663124, 52.348448870828598 ], [ 7.18400157699481, 52.348730401509002 ], [ 7.18430036715296, 52.348792468446099 ], [ 7.18448436044928, 52.348883027026098 ], [ 7.18468554309943, 52.3489163753745 ], [ 7.18499728311274, 52.349024019960503 ], [ 7.18638910028749, 52.349054468486202 ], [ 7.18635625060748, 52.349253621819599 ], [ 7.18616931478693, 52.349837631011198 ], [ 7.186156193467, 52.35015809563 ], [ 7.18620517921316, 52.350288928687696 ], [ 7.18646791465088, 52.350628752252597 ], [ 7.18652133719225, 52.3507717559132 ], [ 7.18666807394358, 52.350771265967197 ], [ 7.18733163399229, 52.350769068278701 ], [ 7.18947885453175, 52.351053085440903 ], [ 7.18975643420212, 52.351151112244203 ], [ 7.19028741974195, 52.351532109498699 ], [ 7.19030366172548, 52.351616887917999 ], [ 7.19112073230717, 52.351494708271503 ], [ 7.19172740758437, 52.351395288269799 ], [ 7.19181949735144, 52.351437879158098 ], [ 7.19189876224746, 52.351488536920797 ], [ 7.1919479305762, 52.351676502576197 ], [ 7.19202705614132, 52.352033149632902 ], [ 7.19213607145963, 52.352636083039002 ], [ 7.19244604137428, 52.353806886354597 ], [ 7.19254196337294, 52.353832712075402 ], [ 7.1929070104722, 52.353778547771 ], [ 7.1931245108847, 52.353815745747099 ], [ 7.19320532774224, 52.353724099098599 ], [ 7.19419883154803, 52.353629664689002 ], [ 7.19482942001296, 52.353837241868597 ], [ 7.19524490368832, 52.353831406306099 ], [ 7.19578302957785, 52.3537452236774 ], [ 7.19632082704363, 52.353605749700797 ], [ 7.19655901560463, 52.353618521459801 ], [ 7.19705932676895, 52.353728167049098 ], [ 7.19722787597255, 52.353680494485303 ], [ 7.19749130305094, 52.353806322521002 ], [ 7.19769420252251, 52.353830737084003 ], [ 7.19772457995072, 52.353817497408201 ], [ 7.19798714284876, 52.353964621092302 ], [ 7.19812560956745, 52.353922575655197 ], [ 7.19819601287148, 52.354025667483498 ], [ 7.19856195041372, 52.354076925134002 ], [ 7.19860538633673, 52.354170461092103 ], [ 7.19932806356988, 52.354315470381202 ], [ 7.19949386083807, 52.354451449796798 ], [ 7.19961008820927, 52.354478577266697 ], [ 7.20107193627598, 52.3541388470491 ] ] ] ] } },
{ "type": "Feature", "properties": { "BEZ_GEM": "Nordhorn", "SCH_GEM": "03456015", "BEZ_KRS": "Grafschaft Bentheim" }, "geometry": { "type": "MultiPolygon", "coordinates": [ [ [ [ 7.07441795280272, 52.521925063289999 ], [ 7.07477783370812, 52.5219270533253 ], [ 7.07552254297082, 52.5220077734893 ], [ 7.07585664487249, 52.522019501295503 ], [ 7.07625788609532, 52.521955442715601 ], [ 7.07667138123538, 52.521874048607998 ], [ 7.07694508071639, 52.521770240119501 ], [ 7.07726660859599, 52.521617575335199 ], [ 7.07770671620836, 52.521368829270699 ], [ 7.07812922507403, 52.521178689859099 ], [ 7.07869828547618, 52.521045147390303 ], [ 7.07936703494723, 52.520917266648397 ], [ 7.07920373274209, 52.520251225071704 ], [ 7.07891927717905, 52.518548027949002 ], [ 7.07657260561199, 52.518564569812298 ], [ 7.07577784754785, 52.518562553505802 ], [ 7.07554325840126, 52.518663920301996 ], [ 7.07551751678002, 52.518561888916302 ], [ 7.07560605098834, 52.518323616187502 ], [ 7.07568559879192, 52.517990786718201 ], [ 7.07575131625596, 52.5178900720353 ], [ 7.07587940005062, 52.517836470893798 ], [ 7.07631445110089, 52.517793849377803 ], [ 7.07670869328016, 52.517596233186801 ], [ 7.07746620480222, 52.517512794558698 ], [ 7.07876252754658, 52.517407881488701 ], [ 7.0789727196102, 52.517377216829502 ], [ 7.08157783781089, 52.517201983163197 ], [ 7.08178438236479, 52.517600057586698 ], [ 7.08238354820315, 52.518300225178102 ], [ 7.08306388933414, 52.518026760017399 ], [ 7.08316482973169, 52.517949450334498 ], [ 7.08342130285599, 52.517909978637199 ], [ 7.08358464763866, 52.5178127113765 ], [ 7.08350990929022, 52.517691716438101 ], [ 7.08350240734391, 52.517550842488802 ], [ 7.08453379009118, 52.5173064236022 ], [ 7.08484461830307, 52.517356358804101 ], [ 7.08500390946351, 52.517244745545199 ], [ 7.08492874630761, 52.517143615776902 ], [ 7.08517702958804, 52.517253005322097 ], [ 7.08573499245004, 52.517327950678997 ], [ 7.08898925214064, 52.517174645006598 ], [ 7.08898349142584, 52.517100561229903 ], [ 7.08897693189012, 52.517000056629101 ], [ 7.08893039451529, 52.516378417564603 ], [ 7.08894673230845, 52.516271620128201 ], [ 7.08901656646414, 52.516153395445599 ], [ 7.08922513097296, 52.515895004562097 ], [ 7.08938560186432, 52.515647804300698 ], [ 7.08958942178957, 52.515264264925598 ], [ 7.08979241822029, 52.514867008915701 ], [ 7.09000730135143, 52.514442304699202 ], [ 7.09030053115357, 52.513954306044198 ], [ 7.09069422140232, 52.513389162746897 ], [ 7.09131887699492, 52.512619142605601 ], [ 7.09141441279683, 52.512458477850899 ], [ 7.0915780627609, 52.512021704954599 ], [ 7.09164568415138, 52.511882798639199 ], [ 7.09172557230606, 52.5117770888194 ], [ 7.09181676449947, 52.511713191748697 ], [ 7.09354748219982, 52.510549455290999 ], [ 7.09396937230148, 52.510182298154596 ], [ 7.09424186575006, 52.509885743719003 ], [ 7.09467448548328, 52.509106768093801 ], [ 7.09494752284459, 52.508361277015197 ], [ 7.09518782870628, 52.507714793792502 ], [ 7.09527279386081, 52.507464041114098 ], [ 7.09533787895441, 52.507345862164499 ], [ 7.09623287464978, 52.506351605584904 ], [ 7.09674835718649, 52.505504991322503 ], [ 7.0968996306578, 52.505281199667799 ], [ 7.09693188331339, 52.505213383369799 ], [ 7.09681815541561, 52.505137733868096 ], [ 7.09614258452871, 52.504976795968297 ], [ 7.09565940474514, 52.504888635232597 ], [ 7.09498869418698, 52.504785853811903 ], [ 7.09416450138696, 52.504685271597197 ], [ 7.09408181751049, 52.504665327169199 ], [ 7.09419430231113, 52.504384717255199 ], [ 7.09499244908882, 52.5031384970791 ], [ 7.09571633236926, 52.502027656606103 ], [ 7.09674174308646, 52.500593564584698 ], [ 7.09736963029111, 52.4991243879225 ], [ 7.09742733539407, 52.498989373942599 ], [ 7.0978487799485, 52.498944144804298 ], [ 7.09832623158125, 52.498882344114499 ], [ 7.10212405530468, 52.498390541037999 ], [ 7.10803583363488, 52.497598772645503 ], [ 7.10989253880101, 52.497345313050701 ], [ 7.11006162255009, 52.497322299023402 ], [ 7.11439561708538, 52.496736525636102 ], [ 7.11690503816605, 52.496406951211902 ], [ 7.12214481781948, 52.495714915309897 ], [ 7.15414945283682, 52.491336209698098 ], [ 7.15440977645743, 52.491316273631199 ], [ 7.15732615313946, 52.481899907572803 ], [ 7.15750805675702, 52.4802099269438 ], [ 7.15751787419843, 52.479954202045597 ], [ 7.1586998547879, 52.479139158343898 ], [ 7.15910633757794, 52.4788588573238 ], [ 7.15911463983204, 52.478815198331198 ], [ 7.16162958637012, 52.4770959001278 ], [ 7.16596513953804, 52.474136484433103 ], [ 7.16721633473613, 52.473206926424801 ], [ 7.16775540283161, 52.472909921572601 ], [ 7.16999321283628, 52.471385556915699 ], [ 7.1758556194392, 52.467407420901303 ], [ 7.17642638231529, 52.465783921993904 ], [ 7.17657724192215, 52.465439359353098 ], [ 7.17760111441838, 52.463101908444202 ], [ 7.17795966151903, 52.462318975876798 ], [ 7.17803498831137, 52.462184545869803 ], [ 7.18054137131155, 52.456060047635397 ], [ 7.18267463721556, 52.454867294403698 ], [ 7.19058193853191, 52.450512340842401 ], [ 7.19179915094992, 52.449845131572097 ], [ 7.19408739639578, 52.448605973285801 ], [ 7.20224625375144, 52.444139171894797 ], [ 7.20308111824529, 52.443692032992999 ], [ 7.19915329685281, 52.441097692053802 ], [ 7.19000551943305, 52.435257615033997 ], [ 7.18754051850316, 52.433610832375201 ], [ 7.18726258769102, 52.433572403701902 ], [ 7.17700325103496, 52.426923993130998 ], [ 7.17548249209844, 52.4259586665124 ], [ 7.17547393126114, 52.425953337315498 ], [ 7.17462486823855, 52.425424820738201 ], [ 7.17463035438659, 52.425396699199197 ], [ 7.16583171385378, 52.419754815735601 ], [ 7.16443756154713, 52.418768181119297 ], [ 7.16442564687962, 52.418759750902602 ], [ 7.16435847495792, 52.4187589146132 ], [ 7.16397927251066, 52.4185343252094 ], [ 7.16277462795342, 52.417701428053199 ], [ 7.16220269419287, 52.417306082683403 ], [ 7.16220356387839, 52.4172498094132 ], [ 7.16220401488934, 52.4172248200544 ], [ 7.16107853061273, 52.416410129667199 ], [ 7.16076263312096, 52.416170536552002 ], [ 7.16021531356611, 52.415818525632197 ], [ 7.15697914973958, 52.4135529724497 ], [ 7.15690088466651, 52.4134981716753 ], [ 7.15612496136909, 52.412926618249102 ], [ 7.15315449419667, 52.410834852098901 ], [ 7.15313163444228, 52.410850589734999 ], [ 7.1528804383359, 52.410676832625697 ], [ 7.1507472247161, 52.409201128348599 ], [ 7.15061189794018, 52.409139307263899 ], [ 7.14873462059469, 52.407791490982902 ], [ 7.14872121696477, 52.407806117068397 ], [ 7.14861070176661, 52.407729162871703 ], [ 7.1464379918427, 52.406216146095197 ], [ 7.14626093942563, 52.406122464899298 ], [ 7.13936188984027, 52.401320110263903 ], [ 7.13728319708754, 52.400948385119598 ], [ 7.13315380182736, 52.4002372764594 ], [ 7.1329412715285, 52.4002260965012 ], [ 7.13173215276358, 52.400011512421003 ], [ 7.13156028589893, 52.4000329827348 ], [ 7.13016130798099, 52.399766790348302 ], [ 7.12944037943601, 52.399983767902903 ], [ 7.12921434424975, 52.399886713812002 ], [ 7.12842982647591, 52.399632869224597 ], [ 7.12776569131886, 52.399372474405403 ], [ 7.12718315761682, 52.3992818889418 ], [ 7.12663134809975, 52.399270769571899 ], [ 7.12645933699683, 52.399291834548798 ], [ 7.12618647526682, 52.399104323338399 ], [ 7.12717962715812, 52.398695384767301 ], [ 7.1274429857042, 52.398575204416701 ], [ 7.13026510127633, 52.396973079970103 ], [ 7.13255676494919, 52.396051532060604 ], [ 7.13646253572091, 52.394877833896103 ], [ 7.13810445725658, 52.394364849071401 ], [ 7.13873229311835, 52.394310449193199 ], [ 7.13921680891888, 52.3943437050509 ], [ 7.14202153230949, 52.394804232349003 ], [ 7.14238459779032, 52.394751224901803 ], [ 7.14283291985248, 52.394593006219097 ], [ 7.14341776248785, 52.394295223726203 ], [ 7.14497687690672, 52.393973891739101 ], [ 7.14532007094247, 52.393840718410097 ], [ 7.14559901313069, 52.3936203968169 ], [ 7.14609845830909, 52.392855588566597 ], [ 7.14633356844431, 52.392734024242898 ], [ 7.14687613726651, 52.392640749020501 ], [ 7.14720300295842, 52.392609278469799 ], [ 7.14746133273573, 52.392568370531997 ], [ 7.14793049084186, 52.3927153628767 ], [ 7.14881919333793, 52.393123926348103 ], [ 7.14923903607714, 52.393206300912297 ], [ 7.1496424647334, 52.3932524507767 ], [ 7.15014587599319, 52.393276606474203 ], [ 7.15079067114949, 52.393248213896896 ], [ 7.15126135736273, 52.393158649183 ], [ 7.15162289930915, 52.3930078515342 ], [ 7.15201639603741, 52.392813314069898 ], [ 7.15226107064113, 52.392634791292103 ], [ 7.1528570969278, 52.392239489208002 ], [ 7.1534767249243, 52.391954519552201 ], [ 7.15494912847694, 52.391442609733502 ], [ 7.15516099676741, 52.391373625346603 ], [ 7.15540980995997, 52.391292719005897 ], [ 7.15620132210873, 52.3908817489895 ], [ 7.15971715229782, 52.388350853482898 ], [ 7.16029175716811, 52.387937557397002 ], [ 7.16062683052682, 52.387735877915603 ], [ 7.1611896418914, 52.387570560532602 ], [ 7.16672178905196, 52.386812657490303 ], [ 7.16712203034151, 52.386785777152703 ], [ 7.16800776218151, 52.386802568863502 ], [ 7.168313029485, 52.386826362999599 ], [ 7.1686441030362, 52.386784108840502 ], [ 7.16898593748417, 52.386755238046298 ], [ 7.16927733919849, 52.386712816995399 ], [ 7.1697658441181, 52.386609068727701 ], [ 7.17034703592117, 52.386346344622297 ], [ 7.17062125523231, 52.386168511514299 ], [ 7.17106090833851, 52.385739047701499 ], [ 7.17241317137764, 52.384496928567899 ], [ 7.17282190330168, 52.384093055522001 ], [ 7.17294463919764, 52.383882213591598 ], [ 7.1737845593691, 52.382743291725703 ], [ 7.17520145670297, 52.3806957793213 ], [ 7.17540904026358, 52.3804400286148 ], [ 7.17566004927401, 52.380242853476098 ], [ 7.17682411295706, 52.379492313251802 ], [ 7.17557356909005, 52.379086645549997 ], [ 7.17550468201753, 52.379064721565904 ], [ 7.17302765734764, 52.378273677729901 ], [ 7.17221603975506, 52.378017545299301 ], [ 7.1717207481438, 52.377861252717302 ], [ 7.170960448874, 52.377621173206698 ], [ 7.16955845115407, 52.377193692809797 ], [ 7.16560374303292, 52.375935408838799 ], [ 7.14429128368517, 52.3693208252608 ], [ 7.14066297561119, 52.368211226769098 ], [ 7.13826126584924, 52.367767840522802 ], [ 7.13548169448504, 52.367264223287698 ], [ 7.13534838560448, 52.367230891620501 ], [ 7.13453182728131, 52.3670847731224 ], [ 7.13357913251563, 52.366909856314599 ], [ 7.13337588846888, 52.366871740034497 ], [ 7.13052904909904, 52.366337872783099 ], [ 7.12851514954124, 52.365960981189502 ], [ 7.12838725261674, 52.365939173650801 ], [ 7.12826518552696, 52.365918447408802 ], [ 7.12807485953052, 52.365825839591203 ], [ 7.1193133661524, 52.361561823390197 ], [ 7.0999152385276, 52.359656852948604 ], [ 7.09977906090354, 52.359657629915297 ], [ 7.09656776842147, 52.360462389953 ], [ 7.09155278958271, 52.362735682482999 ], [ 7.08616801741419, 52.365196005901097 ], [ 7.08485788916814, 52.364256995701297 ], [ 7.08147547205785, 52.363200318338698 ], [ 7.08133533859264, 52.3631565370194 ], [ 7.08055170854318, 52.362914502181098 ], [ 7.07848998019185, 52.362277663285198 ], [ 7.07848863686932, 52.362670757902301 ], [ 7.07846084892618, 52.363696886506297 ], [ 7.07845960182419, 52.363742543973899 ], [ 7.07833898721708, 52.364186479734599 ], [ 7.07844210376471, 52.364391090216202 ], [ 7.07853507775771, 52.3645755920884 ], [ 7.07854227460621, 52.364677135308597 ], [ 7.07843056556566, 52.364905685341 ], [ 7.07840713325931, 52.366447287543302 ], [ 7.07840265987895, 52.366736477113598 ], [ 7.07830853398378, 52.366989239837103 ], [ 7.07813092814594, 52.367542144539399 ], [ 7.07797349123978, 52.368180869941597 ], [ 7.07800095957636, 52.368492159088802 ], [ 7.07803144330391, 52.369275344487797 ], [ 7.078051493855, 52.369756824227203 ], [ 7.07806797038228, 52.370063150898503 ], [ 7.07809474387022, 52.370560664184602 ], [ 7.07809744252167, 52.370610162291896 ], [ 7.0780565340812, 52.370622930405702 ], [ 7.07805588252216, 52.370627109927099 ], [ 7.07734458209802, 52.370839825452002 ], [ 7.07728369835574, 52.370823755640203 ], [ 7.07715857067956, 52.370877764427497 ], [ 7.07672641731861, 52.371275895459597 ], [ 7.07661256124659, 52.371603946609603 ], [ 7.07643347638672, 52.371881301661404 ], [ 7.07593197820824, 52.372428524762903 ], [ 7.07579179225665, 52.372546937052597 ], [ 7.07559272549072, 52.372614639234897 ], [ 7.07522529060885, 52.3726545206043 ], [ 7.07471328923547, 52.372710100507 ], [ 7.07457058708804, 52.372722467497702 ], [ 7.0742098237154, 52.372730524994701 ], [ 7.0742081793861, 52.3727088911942 ], [ 7.07420475635658, 52.3726639849177 ], [ 7.07304931579554, 52.3727736465246 ], [ 7.07238267611036, 52.372787661371198 ], [ 7.07221736707069, 52.372786456912998 ], [ 7.07221446211841, 52.372829542601202 ], [ 7.07217937867708, 52.373350352676503 ], [ 7.07216224972534, 52.373604645594703 ], [ 7.0717601205625, 52.3744311715908 ], [ 7.07148174399675, 52.375003039743 ], [ 7.07141742238038, 52.3751355702288 ], [ 7.0709006824881, 52.376197674714703 ], [ 7.07003853230113, 52.377969495298103 ], [ 7.06926723464259, 52.379554382598897 ], [ 7.06924207359145, 52.379604028113803 ], [ 7.06917938263033, 52.3797349025795 ], [ 7.0683935714174, 52.381349552212498 ], [ 7.06834977713444, 52.381438564196102 ], [ 7.06832534054274, 52.381489740951302 ], [ 7.06830655095524, 52.381528358734499 ], [ 7.0679391427624, 52.382283209186497 ], [ 7.0679004346293, 52.382367421687803 ], [ 7.06787363571229, 52.382417822405301 ], [ 7.06753930774941, 52.383105640097597 ], [ 7.06746564409508, 52.383256034954002 ], [ 7.06720165382341, 52.383793663197203 ], [ 7.06661959057517, 52.384994348026503 ], [ 7.06655904476878, 52.385120832293197 ], [ 7.06594225739221, 52.3863855417694 ], [ 7.06575484192755, 52.386770473687299 ], [ 7.06499497726375, 52.388331692237301 ], [ 7.06490159643496, 52.388523555895901 ], [ 7.06489802819599, 52.388530879622998 ], [ 7.0648032571004, 52.388725948445902 ], [ 7.06471976549308, 52.388896978366098 ], [ 7.06421693274079, 52.389929599798002 ], [ 7.06410134459783, 52.390166650821897 ], [ 7.06400418313055, 52.390366472400899 ], [ 7.06258015941674, 52.391905679096702 ], [ 7.06229812323907, 52.392210503045099 ], [ 7.06215825316606, 52.392361670267697 ], [ 7.06187599486782, 52.392666732358599 ], [ 7.06118135694367, 52.393417444519898 ], [ 7.0611455924937, 52.393456106372199 ], [ 7.06111078940653, 52.393493624062003 ], [ 7.0610895619388, 52.393514496113802 ], [ 7.06106697359753, 52.3935409296584 ], [ 7.06106339281904, 52.393544827240397 ], [ 7.0610410517677, 52.393568971962601 ], [ 7.0596193992478, 52.395105296173 ], [ 7.05891260269496, 52.395869031322697 ], [ 7.05889336104862, 52.395889818712902 ], [ 7.05886208753372, 52.395914814385698 ], [ 7.05866889608438, 52.396069327782399 ], [ 7.05860262971871, 52.396120993294097 ], [ 7.05855749300525, 52.396158421410597 ], [ 7.05853023997678, 52.396180219071397 ], [ 7.05870479057784, 52.396217659486801 ], [ 7.05881929635663, 52.396268841712001 ], [ 7.05889131602634, 52.3963010908857 ], [ 7.05900459136909, 52.396473082713001 ], [ 7.05902518540289, 52.396602667146098 ], [ 7.05910959444167, 52.397133320809203 ], [ 7.05892683558583, 52.3975138585796 ], [ 7.05892729603769, 52.397588092325897 ], [ 7.05892733235179, 52.397595636928102 ], [ 7.05892989449062, 52.397996716186597 ], [ 7.05901724706523, 52.398184386218503 ], [ 7.05881750041694, 52.3990455368589 ], [ 7.05877730610252, 52.399219440759197 ], [ 7.05873434229208, 52.399407200259802 ], [ 7.05810326750131, 52.399675555959597 ], [ 7.05763014712251, 52.399880092069999 ], [ 7.05724520855511, 52.400040452239502 ], [ 7.05611542411298, 52.400520885007403 ], [ 7.05597811868739, 52.400579185355198 ], [ 7.05532180913121, 52.401041502057197 ], [ 7.05488942197347, 52.400950377283998 ], [ 7.05480131848313, 52.400932094802499 ], [ 7.05430094960262, 52.4008264872949 ], [ 7.05383538207403, 52.400674712064301 ], [ 7.05376429839888, 52.400700606389698 ], [ 7.05342072941445, 52.400501456286499 ], [ 7.0530327487852, 52.400337486235003 ], [ 7.05177193917088, 52.399959946024303 ], [ 7.05174408277715, 52.399951601111901 ], [ 7.05165310043654, 52.399924331078402 ], [ 7.05164858151482, 52.399929471747797 ], [ 7.05141120870666, 52.400198590228001 ], [ 7.05138526122665, 52.400229318538599 ], [ 7.0513090683306, 52.400316090675403 ], [ 7.05127835201609, 52.400345283679201 ], [ 7.05119037777139, 52.400428858257598 ], [ 7.05107721073868, 52.4005386956092 ], [ 7.05101849549388, 52.400590445493002 ], [ 7.05093316194607, 52.4006471064042 ], [ 7.05089296278952, 52.400668311172801 ], [ 7.05080209701347, 52.400702734266702 ], [ 7.05073075539589, 52.400723767022498 ], [ 7.05061294980445, 52.400749716068503 ], [ 7.05047078469376, 52.400771019098201 ], [ 7.050364049408, 52.400781603913501 ], [ 7.05034736494371, 52.400783261880299 ], [ 7.05021201216447, 52.400788420041501 ], [ 7.05000060094279, 52.400789220986297 ], [ 7.04917603111122, 52.400789540858 ], [ 7.04834334553355, 52.4007882193415 ], [ 7.0481776205698, 52.400787739358201 ], [ 7.04794617869039, 52.400787072859998 ], [ 7.04717317849275, 52.400787367331603 ], [ 7.04700614912333, 52.400794785816998 ], [ 7.04687422237815, 52.400807900455497 ], [ 7.04671740555973, 52.400836707664702 ], [ 7.04656393943583, 52.400876512920497 ], [ 7.04650696678376, 52.400891684287799 ], [ 7.04616024590389, 52.400999094919001 ], [ 7.04565446928651, 52.401157617646199 ], [ 7.04490969181894, 52.4013885330221 ], [ 7.04415111612698, 52.401626121004597 ], [ 7.04408437703555, 52.401646686442596 ], [ 7.04404793683633, 52.401657925395597 ], [ 7.04397809684184, 52.401679464504802 ], [ 7.04388765124893, 52.401707873846199 ], [ 7.04380905579419, 52.401731596784302 ], [ 7.04318243905755, 52.401926943853802 ], [ 7.04273713764049, 52.402066134316101 ], [ 7.04258470985435, 52.402125805272597 ], [ 7.04244768610623, 52.402197474316999 ], [ 7.042283381944, 52.402283311777701 ], [ 7.04211412401708, 52.402358501722802 ], [ 7.04179367930263, 52.4024778892719 ], [ 7.04160453421817, 52.402525755955203 ], [ 7.04137716802301, 52.402566946508301 ], [ 7.04114466749769, 52.402590292956702 ], [ 7.04104719420973, 52.402600051807497 ], [ 7.04091590454811, 52.4026059231009 ], [ 7.0407137180254, 52.402614979886401 ], [ 7.04055305421256, 52.402621218009898 ], [ 7.04050820508192, 52.4026241250411 ], [ 7.04003740566804, 52.402643059495702 ], [ 7.03996223784462, 52.402646416628698 ], [ 7.03970831906014, 52.402656780718402 ], [ 7.03892654972547, 52.402696915961798 ], [ 7.03870684251061, 52.402701911072498 ], [ 7.03845954721406, 52.402701475487 ], [ 7.03814342506104, 52.402699312415201 ], [ 7.03785187522476, 52.402691361190797 ], [ 7.03773227026383, 52.402681705478898 ], [ 7.03749884795947, 52.402662831481102 ], [ 7.03676062508208, 52.402586990385203 ], [ 7.03658836661825, 52.402572592405903 ], [ 7.03643644063621, 52.402572406164701 ], [ 7.03631705512176, 52.402581985881397 ], [ 7.03624393084262, 52.402596919931199 ], [ 7.03617615220729, 52.402620251082901 ], [ 7.03610111572866, 52.402655726252398 ], [ 7.03609070997114, 52.402660633639499 ], [ 7.03600992638368, 52.402706012006497 ], [ 7.03596823870759, 52.402733382286897 ], [ 7.035911941761, 52.4027758945413 ], [ 7.03559676648803, 52.403032988748897 ], [ 7.03538903332527, 52.403191278205099 ], [ 7.03535671038016, 52.403215980555501 ], [ 7.03527529310229, 52.4032765708222 ], [ 7.03523011146338, 52.403312739574801 ], [ 7.03519934465435, 52.403336163958201 ], [ 7.03504374373736, 52.403454659084503 ], [ 7.03501990420599, 52.403478342463004 ], [ 7.03500093994769, 52.403497188442302 ], [ 7.03489496672963, 52.4036021847431 ], [ 7.03487721316507, 52.403623226822099 ], [ 7.03480703675256, 52.403706401974901 ], [ 7.03472657542484, 52.403832098597 ], [ 7.03471447375341, 52.403851004697401 ], [ 7.03468374464779, 52.403909614051898 ], [ 7.03463219745538, 52.404007926182899 ], [ 7.03457075074335, 52.404138102054901 ], [ 7.03423348821583, 52.404852520269401 ], [ 7.03419290424608, 52.404942283629303 ], [ 7.03388775041707, 52.405587998924702 ], [ 7.03380760450117, 52.405757040104 ], [ 7.03358767120159, 52.406220894791304 ], [ 7.03354658056161, 52.406296208849497 ], [ 7.0335160863667, 52.4063521063199 ], [ 7.03343536225311, 52.406481861939703 ], [ 7.03334376121037, 52.406611544412698 ], [ 7.03324069685925, 52.406728555595699 ], [ 7.03313230644367, 52.406837709237898 ], [ 7.03300427250747, 52.406949188406401 ], [ 7.03287102234037, 52.407056947978298 ], [ 7.03277486078366, 52.407122533305902 ], [ 7.03273099531502, 52.407152446832399 ], [ 7.03258493917947, 52.407228135383399 ], [ 7.03251041720933, 52.407334390449499 ], [ 7.03218260524623, 52.407801167290899 ], [ 7.03151661706854, 52.408750721711499 ], [ 7.03150450753068, 52.408767100692799 ], [ 7.03150436729899, 52.408767278191 ], [ 7.0303695465567, 52.410384714996603 ], [ 7.03008950679482, 52.410784475919897 ], [ 7.02930705991981, 52.411899232433299 ], [ 7.02810694697022, 52.413609962878297 ], [ 7.02809443003367, 52.413627503637798 ], [ 7.02808632477343, 52.413639435253998 ], [ 7.02802190421598, 52.413694459593003 ], [ 7.02728837949502, 52.414768333707897 ], [ 7.02708528112644, 52.415085371445898 ], [ 7.02671419368499, 52.415667700439997 ], [ 7.02668573490834, 52.415707966639602 ], [ 7.02665737231743, 52.415752334645902 ], [ 7.02647595253794, 52.416035187231699 ], [ 7.02559611534168, 52.417406921178497 ], [ 7.02503551438011, 52.4182843962353 ], [ 7.02501652695285, 52.418310757300901 ], [ 7.0244142133688, 52.419249656006997 ], [ 7.02311505160709, 52.4212567822061 ], [ 7.02296834116314, 52.421483049853002 ], [ 7.02214967295145, 52.422745678430203 ], [ 7.02199446358491, 52.422981855375802 ], [ 7.01988994373867, 52.424138261028098 ], [ 7.01812253567865, 52.425108759423402 ], [ 7.0171499637771, 52.425642956033499 ], [ 7.01664912399246, 52.4259180345815 ], [ 7.01485898256691, 52.426901204326597 ], [ 7.01343908201661, 52.427681324423901 ], [ 7.01204431921632, 52.428447589639298 ], [ 7.01107192148853, 52.428981793835298 ], [ 7.01080125834921, 52.429130475910803 ], [ 7.0101075186367, 52.431142963602198 ], [ 7.00874380171466, 52.435097265240302 ], [ 7.00844814496164, 52.435954731017901 ], [ 7.00841684210343, 52.436045316384003 ], [ 7.00793597559896, 52.437440806887103 ], [ 7.00720948679997, 52.439409070426002 ], [ 7.00719979433502, 52.439435396531998 ], [ 7.00652311388853, 52.441268505153197 ], [ 7.00579641310322, 52.443329775048703 ], [ 7.00510751434646, 52.4452836881511 ], [ 7.00454194520141, 52.446333605826403 ], [ 7.00364753521923, 52.447993934280397 ], [ 7.00166358484522, 52.451676200169302 ], [ 7.00110099683278, 52.452720271335401 ], [ 7.00002801557702, 52.4547113782873 ], [ 6.99896488614965, 52.456158466607 ], [ 6.99984936898117, 52.456899247943902 ], [ 7.00013534916218, 52.457136276918298 ], [ 7.00154756283035, 52.458306698400499 ], [ 7.01019617561862, 52.465490061009604 ], [ 7.01187448298248, 52.466932781828802 ], [ 7.01236278208339, 52.467306230449601 ], [ 7.01268120007706, 52.468032351321597 ], [ 7.01286930241203, 52.468085865438297 ], [ 7.0132263300444, 52.468909563212399 ], [ 7.01351263293401, 52.469097262677202 ], [ 7.0133362419022, 52.469681542821903 ], [ 7.01329705802916, 52.470565480958903 ], [ 7.01340968832459, 52.471108219454699 ], [ 7.01363414044518, 52.471811358437797 ], [ 7.01404495011565, 52.472823161926797 ], [ 7.01420322694186, 52.473045754883501 ], [ 7.01412024917508, 52.4732894731684 ], [ 7.01351651354711, 52.474345919836203 ], [ 7.01271454994859, 52.475555846503397 ], [ 7.01461708383479, 52.476735689155703 ], [ 7.01428360105055, 52.476802814517399 ], [ 7.01396128695795, 52.476900176491398 ], [ 7.01377360919044, 52.477141057174698 ], [ 7.01377728344778, 52.477360244619703 ], [ 7.0138476472129, 52.477494861940599 ], [ 7.0140227191329, 52.477665315800699 ], [ 7.01425350755283, 52.477788869507499 ], [ 7.01450413090498, 52.477927519984298 ], [ 7.01456964812099, 52.4780413118186 ], [ 7.01527656241191, 52.478954056081498 ], [ 7.0155260988662, 52.479363441514998 ], [ 7.01669421203849, 52.481003593993997 ], [ 7.01683904278198, 52.481349232325698 ], [ 7.01676524734339, 52.481519734617102 ], [ 7.0159293269951, 52.482036731854201 ], [ 7.01560974408676, 52.482169490317403 ], [ 7.01529845248514, 52.482169068470597 ], [ 7.01479658507951, 52.482090187322903 ], [ 7.01425279924079, 52.482101676263802 ], [ 7.01390456017674, 52.482139752897297 ], [ 7.01365410145454, 52.482191123888001 ], [ 7.01333453773443, 52.482374912964197 ], [ 7.0133530124741, 52.482734267340803 ], [ 7.01332009767655, 52.482812337105699 ], [ 7.01321368861649, 52.482946997343902 ], [ 7.01310214742596, 52.483009251740697 ], [ 7.01301120399222, 52.483018055270001 ], [ 7.01272260449198, 52.4830459987989 ], [ 7.01258401611009, 52.483056114459401 ], [ 7.01231610258821, 52.483182512083403 ], [ 7.0121415099588, 52.48334306324 ], [ 7.01219710052959, 52.483367070042597 ], [ 7.01225231581696, 52.483390908662201 ], [ 7.01229920047857, 52.483418221878203 ], [ 7.01239792048325, 52.483475745825103 ], [ 7.01242056636798, 52.483488939440797 ], [ 7.01253977980413, 52.483558406837901 ], [ 7.01261048593451, 52.483660399924197 ], [ 7.01301420620644, 52.483944124744497 ], [ 7.01283640515332, 52.484428392908796 ], [ 7.01289120184665, 52.484640274706798 ], [ 7.01290137244143, 52.484679631016299 ], [ 7.01266987140975, 52.485208224485902 ], [ 7.01250946761883, 52.485267894956799 ], [ 7.01202595226002, 52.485416942275599 ], [ 7.01192442259538, 52.485380483133902 ], [ 7.01183839052396, 52.485407962997698 ], [ 7.01179735197667, 52.485487415363401 ], [ 7.01189201951948, 52.485559114275198 ], [ 7.01188054948518, 52.485592343285198 ], [ 7.01119915725058, 52.485548904399003 ], [ 7.01127411517548, 52.486303589795703 ], [ 7.01194754587576, 52.487070476020399 ], [ 7.01157864037968, 52.4879696216572 ], [ 7.01105223485597, 52.488667232388899 ], [ 7.01099714815459, 52.488730173428003 ], [ 7.01103301007697, 52.489973874986198 ], [ 7.01093484804377, 52.490117816338397 ], [ 7.01061893294721, 52.490293630183601 ], [ 7.0093612092276, 52.490787922321402 ], [ 7.00921752905675, 52.490862589160898 ], [ 7.00885790965371, 52.491161998703902 ], [ 7.00844104378747, 52.491486141310403 ], [ 7.00837591335217, 52.491582109051201 ], [ 7.0082108917326, 52.492755630175402 ], [ 7.00831734228768, 52.492774452776402 ], [ 7.00824709855672, 52.493211979358797 ], [ 7.00892501968855, 52.493506952054403 ], [ 7.00881304745411, 52.493707764873001 ], [ 7.00869140621464, 52.494122522856401 ], [ 7.00876593958621, 52.494556948042103 ], [ 7.00913728338528, 52.494564727336403 ], [ 7.00937260715853, 52.494711807182803 ], [ 7.00955181072528, 52.494937670713703 ], [ 7.01002820811524, 52.495164389040298 ], [ 7.01069436643846, 52.495684608649498 ], [ 7.01089834823938, 52.495893110356398 ], [ 7.0109984955535, 52.495940471706703 ], [ 7.01112783878003, 52.495948742866901 ], [ 7.01127128447861, 52.496064646618102 ], [ 7.01187627345463, 52.496199889747402 ], [ 7.0124806258127, 52.4963209123365 ], [ 7.0131911727331, 52.496606912975601 ], [ 7.01428658541967, 52.496869689470898 ], [ 7.0144693784284, 52.496948314250602 ], [ 7.0153178084105, 52.497295960780598 ], [ 7.01566372976679, 52.497375450352997 ], [ 7.01605703744178, 52.497366815869803 ], [ 7.0160968892274, 52.4974512319125 ], [ 7.01611589551301, 52.4977218018375 ], [ 7.01623481522019, 52.497712376934402 ], [ 7.01623973240114, 52.498236336226299 ], [ 7.01666004848353, 52.498590765295802 ], [ 7.01691304061069, 52.498619643848798 ], [ 7.01733482276806, 52.4988395449503 ], [ 7.01818114680604, 52.498939866605703 ], [ 7.01871830233448, 52.499071240278901 ], [ 7.01939862452125, 52.4992101338974 ], [ 7.01968663701212, 52.4992948640812 ], [ 7.02019548202872, 52.499493490590197 ], [ 7.02089151557069, 52.499997876383603 ], [ 7.02153876070623, 52.500772088376898 ], [ 7.02199156256618, 52.500633502668698 ], [ 7.02324771674074, 52.500723061417197 ], [ 7.02349101136098, 52.500975024472297 ], [ 7.02290522164761, 52.501516148936503 ], [ 7.02283084300952, 52.501689522125503 ], [ 7.02257131609097, 52.503110546056099 ], [ 7.02256495559445, 52.503257164189002 ], [ 7.02271477077655, 52.503678136114701 ], [ 7.02290455634837, 52.5040687549278 ], [ 7.02310633828907, 52.504359587624002 ], [ 7.02466668246418, 52.50538668387 ], [ 7.02474003192077, 52.505433405957596 ], [ 7.02482556680318, 52.505487704538197 ], [ 7.02485668279194, 52.505570955453898 ], [ 7.02491991114667, 52.506206536807802 ], [ 7.02504969616374, 52.507249117323099 ], [ 7.02505127579128, 52.507351917247703 ], [ 7.02500947971344, 52.507426299019102 ], [ 7.02505130331674, 52.507571491645699 ], [ 7.02497824274908, 52.507719361001598 ], [ 7.02483555302797, 52.508245790413902 ], [ 7.02481947966181, 52.508309452048103 ], [ 7.02490416608489, 52.508855664614401 ], [ 7.02514554519584, 52.509530131943002 ], [ 7.02641619377644, 52.508713035564298 ], [ 7.02682572886983, 52.508762460016499 ], [ 7.02688644250011, 52.508743718205999 ], [ 7.02696467165855, 52.508780045058501 ], [ 7.02699805324762, 52.508870427450297 ], [ 7.02712305745005, 52.508753751688602 ], [ 7.0282857845704, 52.509420744203297 ], [ 7.0282428151192, 52.509579673084303 ], [ 7.02809678562447, 52.509865778086201 ], [ 7.02810964487186, 52.509931738671703 ], [ 7.0286024616748, 52.510158815406299 ], [ 7.02949380195392, 52.510336439385902 ], [ 7.02990736660765, 52.510449382510899 ], [ 7.03014015282418, 52.510562695008403 ], [ 7.03026356223025, 52.510593297995101 ], [ 7.03042695399197, 52.510688802136499 ], [ 7.03075281056441, 52.5107753484575 ], [ 7.03166445114597, 52.511092420041798 ], [ 7.03179374111109, 52.511165937000499 ], [ 7.03203895024879, 52.5110011100356 ], [ 7.03250580057892, 52.511199199128903 ], [ 7.03233201828832, 52.511431761496901 ], [ 7.03230876527782, 52.511507569107799 ], [ 7.03288566424306, 52.511955455787302 ], [ 7.03311972737562, 52.512118066172597 ], [ 7.03332808940814, 52.512257257457598 ], [ 7.0338144002249, 52.512281993067802 ], [ 7.03415699142873, 52.512521304539703 ], [ 7.03444817863292, 52.512427181818701 ], [ 7.03488044903267, 52.512457201358401 ], [ 7.0348223035499, 52.512769743583902 ], [ 7.03490707173996, 52.513072997653303 ], [ 7.03500615144776, 52.513323079598102 ], [ 7.03513360633679, 52.513578038561199 ], [ 7.03519300781782, 52.513792574153797 ], [ 7.03516622651539, 52.513897330382697 ], [ 7.03509996757578, 52.514028045905597 ], [ 7.03473042359181, 52.514329868007998 ], [ 7.03466891754957, 52.514365936383797 ], [ 7.03478852139376, 52.514482115724903 ], [ 7.03463710231286, 52.514729394347803 ], [ 7.03472763551133, 52.515147233461498 ], [ 7.03479796540539, 52.515284003097101 ], [ 7.03499072430657, 52.515308595679898 ], [ 7.03522968760023, 52.5152569157882 ], [ 7.03538115249808, 52.515358400931397 ], [ 7.03607354580112, 52.515362280830601 ], [ 7.0360964870471, 52.515827047479497 ], [ 7.03596581554001, 52.5160989402887 ], [ 7.03622932767694, 52.516599683147902 ], [ 7.03639407464594, 52.516989134434503 ], [ 7.03632667489052, 52.517359554913703 ], [ 7.03639196032646, 52.5178759971323 ], [ 7.03653377400517, 52.518227869520999 ], [ 7.03657727739123, 52.518461391207403 ], [ 7.03669503714125, 52.518600439263501 ], [ 7.03662109867647, 52.518724482293997 ], [ 7.03660873638702, 52.518951124461097 ], [ 7.03650257281144, 52.519068293612598 ], [ 7.03662053174699, 52.519134486660299 ], [ 7.03793031943113, 52.518885003524602 ], [ 7.03796727921107, 52.518930816861499 ], [ 7.03792984727119, 52.519070562854502 ], [ 7.03725173856519, 52.519147333451897 ], [ 7.03683313774569, 52.519264102828402 ], [ 7.03665722515557, 52.519361097670199 ], [ 7.03629190522253, 52.519507288418502 ], [ 7.03622352452949, 52.519631252607397 ], [ 7.03631352882517, 52.519721762608803 ], [ 7.03692235722555, 52.5199745292853 ], [ 7.03799364138607, 52.520439546755298 ], [ 7.03810984466544, 52.520437436492699 ], [ 7.03817616165705, 52.520364985455799 ], [ 7.03846590999191, 52.520187351472899 ], [ 7.038850240097, 52.519851954757101 ], [ 7.03889272959797, 52.519728665904601 ], [ 7.03959856987645, 52.5199451903351 ], [ 7.03979074775544, 52.520071738168298 ], [ 7.04021815016173, 52.520775122052797 ], [ 7.04023096419751, 52.520854819363898 ], [ 7.04015741330437, 52.520960690082703 ], [ 7.0406436146504, 52.520942757284303 ], [ 7.04072693587287, 52.520845859757003 ], [ 7.04170383014435, 52.5209674134504 ], [ 7.0418827138607, 52.5209788261296 ], [ 7.04285431041316, 52.520682536634098 ], [ 7.04347115787856, 52.520853174429703 ], [ 7.04357925229483, 52.520798378263997 ], [ 7.04439322010979, 52.520327102234099 ], [ 7.04567265697685, 52.521018110754397 ], [ 7.0472570042131, 52.519827448688801 ], [ 7.05037043159709, 52.521321211583398 ], [ 7.04865344876055, 52.522545064105799 ], [ 7.05157554756319, 52.523371075476902 ], [ 7.052112486987, 52.523522881239401 ], [ 7.05559758717634, 52.524441410684503 ], [ 7.05601976570911, 52.524495283363599 ], [ 7.0570295477087, 52.524751510880598 ], [ 7.05745193268173, 52.524885657854398 ], [ 7.05771239901962, 52.524939566849802 ], [ 7.05657324675629, 52.526675416710198 ], [ 7.05666090624423, 52.526715115264203 ], [ 7.0585134172216, 52.527012843436701 ], [ 7.06164124433195, 52.527510012166204 ], [ 7.06304736489101, 52.526988064842698 ], [ 7.06359677601708, 52.526740980009002 ], [ 7.0642203055319, 52.526400694707498 ], [ 7.06445737626584, 52.526227683566098 ], [ 7.06520035053744, 52.525535828934899 ], [ 7.0652584756295, 52.525376236477001 ], [ 7.06545869334131, 52.5251955894174 ], [ 7.06556308340694, 52.5248295445274 ], [ 7.0657350686582, 52.524458310540403 ], [ 7.0660310711913, 52.5241800073414 ], [ 7.06662493820728, 52.5237821288463 ], [ 7.0670999526699, 52.523438592546903 ], [ 7.0673892216707, 52.523293160023997 ], [ 7.06748056792709, 52.523247266915497 ], [ 7.06791860372753, 52.523101115820303 ], [ 7.06810300661583, 52.523057640906003 ], [ 7.06851356955391, 52.523027541667098 ], [ 7.06915505458658, 52.522950641555298 ], [ 7.07029433761199, 52.522844246423297 ], [ 7.07127426889538, 52.522737760469703 ], [ 7.07157428843032, 52.522639248743097 ], [ 7.07202797736796, 52.522451617217598 ], [ 7.07240729693759, 52.522306021403601 ], [ 7.07300968637675, 52.522112266719098 ], [ 7.07404610054045, 52.521944007258199 ], [ 7.07441795280272, 52.521925063289999 ] ] ] ] } },
{ "type": "Feature", "properties": { "BEZ_GEM": "Engden", "SCH_GEM": "03456003", "BEZ_KRS": "Grafschaft Bentheim" }, "geometry": { "type": "MultiPolygon", "coordinates": [ [ [ [ 7.22310990932728, 52.4260943525315 ], [ 7.22788266232504, 52.4169018187471 ], [ 7.23194945050786, 52.408913238804701 ], [ 7.23207167813572, 52.408675265774903 ], [ 7.23217904560679, 52.408466202579703 ], [ 7.2346808761338, 52.403608393101699 ], [ 7.23456432426779, 52.403552883506798 ], [ 7.23346877387406, 52.403031106122498 ], [ 7.23184578669834, 52.402244849582203 ], [ 7.23182561185542, 52.4022350707939 ], [ 7.2324668419305, 52.401238520614399 ], [ 7.23257068090996, 52.401049544988403 ], [ 7.23321148547403, 52.400103246547197 ], [ 7.23368877474682, 52.399293868304603 ], [ 7.23673549610385, 52.394420867190298 ], [ 7.23808517983717, 52.392262820562699 ], [ 7.23811719838424, 52.392204314067698 ], [ 7.23846153027699, 52.391658631404702 ], [ 7.23908688338085, 52.390658122356598 ], [ 7.23916393337385, 52.390535278439799 ], [ 7.23918164986629, 52.3904963307373 ], [ 7.24106482114301, 52.3863132417288 ], [ 7.24158717660856, 52.384939210262303 ], [ 7.24350183761514, 52.379676847966302 ], [ 7.24353216788066, 52.379645648901203 ], [ 7.24358482076255, 52.379544378574202 ], [ 7.24381219494828, 52.3789315739036 ], [ 7.24386503480266, 52.378781122992002 ], [ 7.24387431110528, 52.3787169360115 ], [ 7.24389851584648, 52.378549425335002 ], [ 7.24550598883506, 52.374584416644701 ], [ 7.24552599437682, 52.374527438122499 ], [ 7.24554927244317, 52.374471290443303 ], [ 7.24565020658164, 52.374208350366601 ], [ 7.24693889914794, 52.371127591338599 ], [ 7.24768293337823, 52.369340039549698 ], [ 7.2485936832932, 52.367557678700997 ], [ 7.24867374148197, 52.367565006545398 ], [ 7.24869054358181, 52.367566541369399 ], [ 7.24871861482731, 52.367506363990699 ], [ 7.24890242791369, 52.3671124120484 ], [ 7.24916718683983, 52.366540531429301 ], [ 7.2498323040704, 52.365103839120003 ], [ 7.25001533328139, 52.364695757210399 ], [ 7.25074578474936, 52.362716187628102 ], [ 7.25116410443391, 52.3614064793681 ], [ 7.25121139969567, 52.361250188428201 ], [ 7.2534436711852, 52.3538388121789 ], [ 7.25349700664035, 52.353692769900199 ], [ 7.25366620634156, 52.353140587082798 ], [ 7.25371344836387, 52.352985553066297 ], [ 7.2538814820056, 52.352434125942899 ], [ 7.25413523696787, 52.351601345327801 ], [ 7.2541491636823, 52.351549760237198 ], [ 7.25413866860869, 52.351488193355998 ], [ 7.25422386926085, 52.351214538052702 ], [ 7.25472234745373, 52.3496132830957 ], [ 7.25488696070551, 52.349105898085497 ], [ 7.25515891540451, 52.348195481741598 ], [ 7.2553828597996, 52.347451804030698 ], [ 7.25542285795802, 52.3472995755262 ], [ 7.25536347628489, 52.347331076886803 ], [ 7.25528034344493, 52.347361714921099 ], [ 7.25522637197069, 52.3473967578376 ], [ 7.253174600508, 52.348213721527799 ], [ 7.25285887433066, 52.348360289233398 ], [ 7.25284090427246, 52.348387807143297 ], [ 7.25270611488541, 52.348458644581001 ], [ 7.25128201284333, 52.349043778186697 ], [ 7.25073225371529, 52.349260426027001 ], [ 7.24824685144489, 52.349476977549003 ], [ 7.2481161176114, 52.349485828680997 ], [ 7.24798986522779, 52.349496454513798 ], [ 7.24644448572093, 52.349626470681798 ], [ 7.24609975187252, 52.349640774671897 ], [ 7.24279368024909, 52.349938536204299 ], [ 7.2418038153358, 52.350021995347397 ], [ 7.24076819962367, 52.350144507321602 ], [ 7.2390883125017, 52.3503297811056 ], [ 7.23665379259693, 52.350068419049201 ], [ 7.23587410766214, 52.3499876338227 ], [ 7.2349115018777, 52.349887745956103 ], [ 7.23241485097727, 52.349628865552503 ], [ 7.23067307239411, 52.349447238215902 ], [ 7.22924327918855, 52.349292291193102 ], [ 7.22625651573776, 52.348961733203701 ], [ 7.22422214429557, 52.348747563265 ], [ 7.22395182261735, 52.348802843480598 ], [ 7.22388718178369, 52.348818416022901 ], [ 7.21248105511722, 52.351515212602798 ], [ 7.20755821501008, 52.352633168906699 ], [ 7.20107193627598, 52.3541388470491 ], [ 7.19961008820927, 52.354478577266697 ], [ 7.19949386083807, 52.354451449796798 ], [ 7.19932806356988, 52.354315470381202 ], [ 7.19860538633673, 52.354170461092103 ], [ 7.19856195041372, 52.354076925134002 ], [ 7.19819601287148, 52.354025667483498 ], [ 7.19812560956745, 52.353922575655197 ], [ 7.19798714284876, 52.353964621092302 ], [ 7.19772457995072, 52.353817497408201 ], [ 7.19769420252251, 52.353830737084003 ], [ 7.19749130305094, 52.353806322521002 ], [ 7.19722787597255, 52.353680494485303 ], [ 7.19705932676895, 52.353728167049098 ], [ 7.19655901560463, 52.353618521459801 ], [ 7.19632082704363, 52.353605749700797 ], [ 7.19578302957785, 52.3537452236774 ], [ 7.19524490368832, 52.353831406306099 ], [ 7.19482942001296, 52.353837241868597 ], [ 7.19419883154803, 52.353629664689002 ], [ 7.19320532774224, 52.353724099098599 ], [ 7.1931245108847, 52.353815745747099 ], [ 7.1929070104722, 52.353778547771 ], [ 7.19254196337294, 52.353832712075402 ], [ 7.19244604137428, 52.353806886354597 ], [ 7.19213607145963, 52.352636083039002 ], [ 7.19202705614132, 52.352033149632902 ], [ 7.1919479305762, 52.351676502576197 ], [ 7.19189876224746, 52.351488536920797 ], [ 7.19181949735144, 52.351437879158098 ], [ 7.19172740758437, 52.351395288269799 ], [ 7.19112073230717, 52.351494708271503 ], [ 7.19030366172548, 52.351616887917999 ], [ 7.19030502942226, 52.351642714632099 ], [ 7.19022229337494, 52.352183458085101 ], [ 7.19021448124913, 52.352234860011897 ], [ 7.18963094020706, 52.352198287898197 ], [ 7.18957389278243, 52.352162373567801 ], [ 7.18886803796192, 52.352139415596596 ], [ 7.18896559489686, 52.352431113662902 ], [ 7.18900488424061, 52.352434107722203 ], [ 7.18905631164579, 52.352506199117698 ], [ 7.18917696154014, 52.352590815808497 ], [ 7.18923478808387, 52.352696759506202 ], [ 7.18910661915517, 52.352852803475301 ], [ 7.18919055883988, 52.353103749648703 ], [ 7.18937498818041, 52.353160247053097 ], [ 7.18945921102668, 52.353238703386602 ], [ 7.1893674429728, 52.353414520449299 ], [ 7.18930371676912, 52.353442091907603 ], [ 7.18947098398941, 52.353942203108403 ], [ 7.18979412219278, 52.354684012644697 ], [ 7.18983532706026, 52.354692646493099 ], [ 7.19018498100898, 52.354857693479097 ], [ 7.19031085629512, 52.355015175577201 ], [ 7.19036317304926, 52.355215499468699 ], [ 7.19035282800979, 52.355429160055699 ], [ 7.19037263005957, 52.355533945186302 ], [ 7.19048845214644, 52.355800969966801 ], [ 7.19053804469296, 52.355841562115899 ], [ 7.1906481866323, 52.355877416922802 ], [ 7.19089178184384, 52.356068711128799 ], [ 7.19092591200748, 52.356135897106498 ], [ 7.19131327240258, 52.356358263666401 ], [ 7.19141725382784, 52.356459796590599 ], [ 7.19163980626818, 52.356993974366397 ], [ 7.19177061424464, 52.3576387821183 ], [ 7.19165108136768, 52.357886737639802 ], [ 7.19169208785391, 52.358011808278803 ], [ 7.19161726627863, 52.358099859135301 ], [ 7.19154967282805, 52.358129575551601 ], [ 7.19101201627984, 52.358287957494802 ], [ 7.19062189964359, 52.358372078668303 ], [ 7.19027531867439, 52.358504880310598 ], [ 7.18998320843391, 52.358645169229803 ], [ 7.18994541864459, 52.358754107284099 ], [ 7.19003267860181, 52.3591847005208 ], [ 7.19011040311048, 52.3593240013724 ], [ 7.19104940566059, 52.359285332568902 ], [ 7.19134248425027, 52.359308342267802 ], [ 7.19157459826529, 52.359335363411802 ], [ 7.19181475937312, 52.359395506219201 ], [ 7.19211784232508, 52.359497253178397 ], [ 7.19232872891509, 52.359634184293697 ], [ 7.19244533810312, 52.359796107778401 ], [ 7.19248053731423, 52.359980793062903 ], [ 7.19246406432558, 52.360114514990201 ], [ 7.19235681656385, 52.360334875244099 ], [ 7.19219343600989, 52.360427865516201 ], [ 7.19179587143759, 52.360552626339398 ], [ 7.19159237627031, 52.360682739323799 ], [ 7.19158257891043, 52.360827703832598 ], [ 7.19197859048261, 52.361121628988499 ], [ 7.19208446647913, 52.3612788657774 ], [ 7.19230234344641, 52.3616441090725 ], [ 7.19235218079849, 52.361822814146997 ], [ 7.19236373791073, 52.361964248035697 ], [ 7.19229552395423, 52.362113363025401 ], [ 7.19219147664551, 52.36225158941 ], [ 7.19205144892672, 52.3623753282317 ], [ 7.19188349527625, 52.362492345437701 ], [ 7.19172423016931, 52.362641145603199 ], [ 7.19144457469615, 52.363080057953297 ], [ 7.19139359559594, 52.363227817773002 ], [ 7.19139579645028, 52.363328556683001 ], [ 7.19143868906398, 52.363493848322598 ], [ 7.19154929425649, 52.363601551595202 ], [ 7.19169158724221, 52.3637101893368 ], [ 7.19181093465948, 52.363780081874403 ], [ 7.19270462041737, 52.364177424650499 ], [ 7.19298392644425, 52.364319177371499 ], [ 7.1933969223995, 52.3645970374954 ], [ 7.19371682645884, 52.364881475428398 ], [ 7.19387935600166, 52.365059564712197 ], [ 7.19396655279322, 52.365212045282298 ], [ 7.1940230082728, 52.365732888490101 ], [ 7.19416042388897, 52.366296330096802 ], [ 7.19437580408627, 52.366759808277202 ], [ 7.19440108188049, 52.366881939876897 ], [ 7.19441198030513, 52.367633978010602 ], [ 7.19421732998609, 52.368207090394201 ], [ 7.19374991532524, 52.369028065411499 ], [ 7.19326226538713, 52.370387591293003 ], [ 7.19289003503031, 52.370732748175698 ], [ 7.19253023215152, 52.370960484859403 ], [ 7.19240521035948, 52.371065031954501 ], [ 7.19230831292642, 52.371146361490602 ], [ 7.19197121159366, 52.371443948300602 ], [ 7.19179022930782, 52.3716992355522 ], [ 7.1916527745566, 52.371989356505601 ], [ 7.19156167082745, 52.372266789352999 ], [ 7.19154509463172, 52.372356091234202 ], [ 7.19155568202323, 52.372506861315898 ], [ 7.19170374403395, 52.373550165968503 ], [ 7.19174109337564, 52.373714742930098 ], [ 7.1917586111025, 52.373926042045099 ], [ 7.19173366186082, 52.374065658234002 ], [ 7.19156358694769, 52.374316166695102 ], [ 7.19104512608516, 52.374851947841798 ], [ 7.19083108422915, 52.375142783487902 ], [ 7.1905648846725, 52.375943898127403 ], [ 7.19042247134274, 52.376225399714897 ], [ 7.19028860715543, 52.3764594669207 ], [ 7.18992765583188, 52.3768646708765 ], [ 7.18970096219357, 52.377083648265597 ], [ 7.18956497722168, 52.377189822748001 ], [ 7.18935154070918, 52.377321694930899 ], [ 7.18912142135113, 52.377423189470598 ], [ 7.18883373967442, 52.377473628595297 ], [ 7.18855191172533, 52.377485133558402 ], [ 7.1878515224294, 52.377474574273798 ], [ 7.18759742023095, 52.377479938349197 ], [ 7.18738891410731, 52.377505602848501 ], [ 7.18720120129193, 52.377543724540203 ], [ 7.18696558439181, 52.377614289648697 ], [ 7.18541905565854, 52.378241716557497 ], [ 7.18507574658999, 52.3783227626624 ], [ 7.18481589949727, 52.378364178477497 ], [ 7.18436555313391, 52.378407612114998 ], [ 7.18399098225358, 52.378376769724603 ], [ 7.18236224306742, 52.378203097093802 ], [ 7.1816578729276, 52.378192619740503 ], [ 7.18113052337511, 52.378232788022203 ], [ 7.17881156123872, 52.37860501566 ], [ 7.17855492029177, 52.378654020048003 ], [ 7.17831555629186, 52.378718755671002 ], [ 7.17801666649767, 52.378812514796302 ], [ 7.1778316483003, 52.378888337746901 ], [ 7.17750666254852, 52.379052006963001 ], [ 7.17682411295706, 52.379492313251802 ], [ 7.17566004927401, 52.380242853476098 ], [ 7.17540904026358, 52.3804400286148 ], [ 7.17520145670297, 52.3806957793213 ], [ 7.1737845593691, 52.382743291725703 ], [ 7.17294463919764, 52.383882213591598 ], [ 7.17282190330168, 52.384093055522001 ], [ 7.17241317137764, 52.384496928567899 ], [ 7.17106090833851, 52.385739047701499 ], [ 7.17062125523231, 52.386168511514299 ], [ 7.17034703592117, 52.386346344622297 ], [ 7.1697658441181, 52.386609068727701 ], [ 7.16927733919849, 52.386712816995399 ], [ 7.16898593748417, 52.386755238046298 ], [ 7.1686441030362, 52.386784108840502 ], [ 7.168313029485, 52.386826362999599 ], [ 7.16800776218151, 52.386802568863502 ], [ 7.16712203034151, 52.386785777152703 ], [ 7.16672178905196, 52.386812657490303 ], [ 7.1611896418914, 52.387570560532602 ], [ 7.16062683052682, 52.387735877915603 ], [ 7.16029175716811, 52.387937557397002 ], [ 7.15971715229782, 52.388350853482898 ], [ 7.15620132210873, 52.3908817489895 ], [ 7.15540980995997, 52.391292719005897 ], [ 7.15516099676741, 52.391373625346603 ], [ 7.15494912847694, 52.391442609733502 ], [ 7.1534767249243, 52.391954519552201 ], [ 7.1528570969278, 52.392239489208002 ], [ 7.15226107064113, 52.392634791292103 ], [ 7.15201639603741, 52.392813314069898 ], [ 7.15162289930915, 52.3930078515342 ], [ 7.15126135736273, 52.393158649183 ], [ 7.15079067114949, 52.393248213896896 ], [ 7.15014587599319, 52.393276606474203 ], [ 7.1496424647334, 52.3932524507767 ], [ 7.14923903607714, 52.393206300912297 ], [ 7.14881919333793, 52.393123926348103 ], [ 7.14793049084186, 52.3927153628767 ], [ 7.14746133273573, 52.392568370531997 ], [ 7.14720300295842, 52.392609278469799 ], [ 7.14687613726651, 52.392640749020501 ], [ 7.14633356844431, 52.392734024242898 ], [ 7.14609845830909, 52.392855588566597 ], [ 7.14559901313069, 52.3936203968169 ], [ 7.14532007094247, 52.393840718410097 ], [ 7.14497687690672, 52.393973891739101 ], [ 7.14341776248785, 52.394295223726203 ], [ 7.14283291985248, 52.394593006219097 ], [ 7.14238459779032, 52.394751224901803 ], [ 7.14202153230949, 52.394804232349003 ], [ 7.13921680891888, 52.3943437050509 ], [ 7.13873229311835, 52.394310449193199 ], [ 7.13810445725658, 52.394364849071401 ], [ 7.13646253572091, 52.394877833896103 ], [ 7.13255676494919, 52.396051532060604 ], [ 7.13026510127633, 52.396973079970103 ], [ 7.1274429857042, 52.398575204416701 ], [ 7.12717962715812, 52.398695384767301 ], [ 7.12618647526682, 52.399104323338399 ], [ 7.12645933699683, 52.399291834548798 ], [ 7.12663134809975, 52.399270769571899 ], [ 7.12718315761682, 52.3992818889418 ], [ 7.12776569131886, 52.399372474405403 ], [ 7.12842982647591, 52.399632869224597 ], [ 7.12921434424975, 52.399886713812002 ], [ 7.12944037943601, 52.399983767902903 ], [ 7.13016130798099, 52.399766790348302 ], [ 7.13156028589893, 52.4000329827348 ], [ 7.13173215276358, 52.400011512421003 ], [ 7.1329412715285, 52.4002260965012 ], [ 7.13315380182736, 52.4002372764594 ], [ 7.13728319708754, 52.400948385119598 ], [ 7.13936188984027, 52.401320110263903 ], [ 7.14626093942563, 52.406122464899298 ], [ 7.1464379918427, 52.406216146095197 ], [ 7.14861070176661, 52.407729162871703 ], [ 7.14872121696477, 52.407806117068397 ], [ 7.14873462059469, 52.407791490982902 ], [ 7.15061189794018, 52.409139307263899 ], [ 7.1507472247161, 52.409201128348599 ], [ 7.1528804383359, 52.410676832625697 ], [ 7.15313163444228, 52.410850589734999 ], [ 7.15315449419667, 52.410834852098901 ], [ 7.15612496136909, 52.412926618249102 ], [ 7.15690088466651, 52.4134981716753 ], [ 7.15697914973958, 52.4135529724497 ], [ 7.16021531356611, 52.415818525632197 ], [ 7.16076263312096, 52.416170536552002 ], [ 7.16107853061273, 52.416410129667199 ], [ 7.16220401488934, 52.4172248200544 ], [ 7.16220356387839, 52.4172498094132 ], [ 7.16220269419287, 52.417306082683403 ], [ 7.16277462795342, 52.417701428053199 ], [ 7.16397927251066, 52.4185343252094 ], [ 7.16435847495792, 52.4187589146132 ], [ 7.16442564687962, 52.418759750902602 ], [ 7.16443756154713, 52.418768181119297 ], [ 7.16583171385378, 52.419754815735601 ], [ 7.17463035438659, 52.425396699199197 ], [ 7.17462486823855, 52.425424820738201 ], [ 7.17547393126114, 52.425953337315498 ], [ 7.17548249209844, 52.4259586665124 ], [ 7.17700325103496, 52.426923993130998 ], [ 7.18726258769102, 52.433572403701902 ], [ 7.18754051850316, 52.433610832375201 ], [ 7.19000551943305, 52.435257615033997 ], [ 7.19915329685281, 52.441097692053802 ], [ 7.20308111824529, 52.443692032992999 ], [ 7.21140089128913, 52.448970341718301 ], [ 7.21255368441587, 52.446717509730497 ], [ 7.21848402967412, 52.435237996625801 ], [ 7.21863153038179, 52.435100762469901 ], [ 7.21943669180896, 52.433378269585702 ], [ 7.21939221215508, 52.433354042200598 ], [ 7.21941384135334, 52.433312701783997 ], [ 7.22065976750168, 52.430931240187398 ], [ 7.22113416424336, 52.429890250859998 ], [ 7.22128592727549, 52.429840114403497 ], [ 7.22310990932728, 52.4260943525315 ] ] ] ] } },
{ "type": "Feature", "properties": { "BEZ_GEM": "Wielen", "SCH_GEM": "03456024", "BEZ_KRS": "Grafschaft Bentheim" }, "geometry": { "type": "MultiPolygon", "coordinates": [ [ [ [ 6.71525053166713, 52.496973295356597 ], [ 6.72051267638041, 52.496072938328901 ], [ 6.72326352731176, 52.495604026940399 ], [ 6.72250075303196, 52.492974547092501 ], [ 6.72142234697391, 52.4892346221461 ], [ 6.72089250184261, 52.4873968781896 ], [ 6.72112939945294, 52.487486139461602 ], [ 6.7209894883733, 52.487288270967298 ], [ 6.73262536291906, 52.492316190629701 ], [ 6.73786855213626, 52.494636452008997 ], [ 6.73796929058853, 52.494614100337202 ], [ 6.73850566792383, 52.492338498876698 ], [ 6.73599146922238, 52.491253796562397 ], [ 6.73456571807241, 52.490581586804403 ], [ 6.72994615823394, 52.488566554524702 ], [ 6.72996567441808, 52.487858806710399 ], [ 6.72992564491754, 52.487303319910502 ], [ 6.72900699531873, 52.480289877007998 ], [ 6.72902507664677, 52.479964622379804 ], [ 6.72912438521561, 52.479741602522701 ], [ 6.72937161934209, 52.479420981931703 ], [ 6.72934286578638, 52.479368770531401 ], [ 6.72408047794419, 52.477044897010003 ], [ 6.72396634864085, 52.477056566098703 ], [ 6.7239207826838, 52.477045195326603 ], [ 6.72377784245903, 52.477016187127902 ], [ 6.72197062519958, 52.477104954673301 ], [ 6.7204632307498, 52.477179251626701 ], [ 6.71773473252919, 52.478123122758198 ], [ 6.71722008319833, 52.478334204769197 ], [ 6.7171170385238, 52.4783762945994 ], [ 6.71705530756427, 52.4784018002848 ], [ 6.71345774014793, 52.479877020923901 ], [ 6.71341124331756, 52.479896084241297 ], [ 6.71030913828535, 52.481167542981296 ], [ 6.71023543799881, 52.481197911904601 ], [ 6.70910245864799, 52.481662412681501 ], [ 6.70871902823416, 52.4818179383741 ], [ 6.70857632704437, 52.481876867953702 ], [ 6.7070151605856, 52.4825080999573 ], [ 6.70623665953325, 52.482823425009698 ], [ 6.7049327338263, 52.483351732303099 ], [ 6.70282443123244, 52.484205904086899 ], [ 6.70204821386842, 52.484520329117601 ], [ 6.70163782384931, 52.484686566377498 ], [ 6.69839894344715, 52.485998652311402 ], [ 6.69832845189, 52.486026774393601 ], [ 6.69778096321695, 52.486248481839098 ], [ 6.69752890894499, 52.486350544533799 ], [ 6.69797617553705, 52.488451170154597 ], [ 6.69864361666087, 52.491583440672102 ], [ 6.69866041419802, 52.491660092289102 ], [ 6.69869373246377, 52.491818416696802 ], [ 6.69935016400422, 52.4948992568279 ], [ 6.69948484006726, 52.494911282272298 ], [ 6.69956627835131, 52.494904575656797 ], [ 6.70298593654898, 52.494626654373498 ], [ 6.7054709232065, 52.494424633520701 ], [ 6.70880405048489, 52.494153578957402 ], [ 6.7089149207142, 52.494602452157999 ], [ 6.70934274923884, 52.4966064537645 ], [ 6.70935709724633, 52.496673650513102 ], [ 6.71031920504053, 52.496606667069202 ], [ 6.71034481455328, 52.496604618104499 ], [ 6.71035127390895, 52.496650422775303 ], [ 6.71035724828556, 52.496701874056903 ], [ 6.71024102042677, 52.4967126084426 ], [ 6.70968057981615, 52.496770258330002 ], [ 6.7098894873237, 52.497705457539503 ], [ 6.71199115629782, 52.4975282201464 ], [ 6.71444320416136, 52.497108583355903 ], [ 6.71525053166713, 52.496973295356597 ] ] ], [ [ [ 6.73477969837831, 52.561759695799402 ], [ 6.73485344637947, 52.561760495910697 ], [ 6.73492735908556, 52.561762108401901 ], [ 6.73500127019049, 52.561764611017097 ], [ 6.73507505536777, 52.561767839522197 ], [ 6.73514901583662, 52.5617719615365 ], [ 6.73522311663801, 52.561776796552401 ], [ 6.73529708643178, 52.561782456271899 ], [ 6.73537122188085, 52.561788910404601 ], [ 6.73544522216502, 52.561796270088898 ], [ 6.7355193876501, 52.561804433169101 ], [ 6.73559371239309, 52.561813228684699 ], [ 6.73782810808115, 52.562104766471101 ], [ 6.73790375308422, 52.562113729634198 ], [ 6.73797924347832, 52.562121970439797 ], [ 6.73805539514732, 52.562133991451297 ], [ 6.73812990644274, 52.5621363147458 ], [ 6.73820491732219, 52.562142406164597 ], [ 6.73828006885027, 52.562147771878003 ], [ 6.7383549073028, 52.562152340271297 ], [ 6.73842958650128, 52.562156276139298 ], [ 6.73850425846984, 52.562159492468197 ], [ 6.73857876521876, 52.562161905311697 ], [ 6.73865327484885, 52.562163688728802 ], [ 6.73872745756798, 52.562164656579696 ], [ 6.7388016426991, 52.562165003987502 ], [ 6.7388756630575, 52.562164538927803 ], [ 6.73894967108041, 52.562163453143498 ], [ 6.73902336691768, 52.562161552075899 ], [ 6.73909705549554, 52.562158931470002 ], [ 6.73917073172755, 52.562155690140003 ], [ 6.73924411050321, 52.562151633809101 ], [ 6.73925824777898, 52.5621507349205 ], [ 6.73933145579446, 52.5621456951542 ], [ 6.7394046464148, 52.562139845737697 ], [ 6.73947767726892, 52.562133372781801 ], [ 6.73955054331517, 52.562126087360298 ], [ 6.739623264791, 52.5621181696986 ], [ 6.73969596423718, 52.562109532217903 ], [ 6.73976850302198, 52.562100001424398 ], [ 6.73984089214468, 52.562089937205201 ], [ 6.73991324910587, 52.562079063054902 ], [ 6.73998546609889, 52.562067466834201 ], [ 6.74005751363929, 52.562055147980303 ], [ 6.74012940600224, 52.562042115757997 ], [ 6.74020128643259, 52.562028453830202 ], [ 6.74027300155688, 52.562013988421803 ], [ 6.74034456657364, 52.561998710831503 ], [ 6.74041595704036, 52.561982809423199 ], [ 6.74048734017932, 52.561966188478799 ], [ 6.74055856858219, 52.561948845183998 ], [ 6.74062964178385, 52.561930788522197 ], [ 6.74492880202112, 52.560774680840197 ], [ 6.74903366343405, 52.559669708490802 ], [ 6.75061217938788, 52.559246485068698 ], [ 6.75068517614349, 52.559229304224601 ], [ 6.75075818028946, 52.5592128428287 ], [ 6.75083120197264, 52.559197190992897 ], [ 6.75090423105368, 52.559182258605503 ], [ 6.75097726294007, 52.559168135498098 ], [ 6.75105031697147, 52.559154732119197 ], [ 6.75112354100752, 52.559142042286602 ], [ 6.75119676786034, 52.559130161733997 ], [ 6.75127001686918, 52.559119000909703 ], [ 6.75134311070248, 52.559108565436098 ], [ 6.75141638565329, 52.559099203395498 ], [ 6.75148966707809, 52.559090291028099 ], [ 6.75156296607868, 52.5590821882207 ], [ 6.75163641022518, 52.559074708567202 ], [ 6.75170973929828, 52.559068035953402 ], [ 6.75178320801075, 52.559062094291299 ], [ 6.75185669477376, 52.559056953206202 ], [ 6.75193020372608, 52.559052531849296 ], [ 6.7520037205911, 52.5590488209575 ], [ 6.75207724445362, 52.559045838497298 ], [ 6.7521509480584, 52.5590436686768 ], [ 6.75221284813735, 52.559042371630703 ], [ 6.7522747648717, 52.559041614382799 ], [ 6.75234848532748, 52.559041422978197 ], [ 6.75242222386335, 52.559042032150302 ], [ 6.75249598507636, 52.559043352067498 ], [ 6.75256973857226, 52.559045400136199 ], [ 6.75264351429325, 52.559048167933199 ], [ 6.75271745550595, 52.559051739106003 ], [ 6.75279140421165, 52.559056029726896 ], [ 6.75286521255844, 52.559061045980499 ], [ 6.75293918640858, 52.559066865609701 ], [ 6.75301316776291, 52.559073404686998 ], [ 6.75308717136473, 52.559080663492502 ], [ 6.75316132574197, 52.559088725393302 ], [ 6.75323535451865, 52.559097513207 ], [ 6.75330940142179, 52.559107101597398 ], [ 6.75338358850478, 52.559117411954503 ], [ 6.75345780244512, 52.559128352207701 ], [ 6.7535320340642, 52.559140102020699 ], [ 6.75360626862645, 52.5591526611137 ], [ 6.75368052546623, 52.5591659399348 ], [ 6.75375478525704, 52.559180028035897 ], [ 6.75382920044922, 52.559194829399701 ], [ 6.7562628237754, 52.559767461043499 ], [ 6.75878772926438, 52.560359601710701 ], [ 6.76367091273825, 52.561509288302801 ], [ 6.76374152225744, 52.561525369228697 ], [ 6.76381227660323, 52.561540634587402 ], [ 6.76388331358031, 52.561555275811699 ], [ 6.76395449492015, 52.561569110451302 ], [ 6.76402579719565, 52.561582308909003 ], [ 6.76409722954331, 52.561594691519502 ], [ 6.76416896381996, 52.561606360440202 ], [ 6.76424096082693, 52.561617216019201 ], [ 6.76431294974634, 52.561627361042703 ], [ 6.76438522675771, 52.5616367741301 ], [ 6.76445763290919, 52.561645389334998 ], [ 6.7645303180078, 52.561653452267898 ], [ 6.76460314183395, 52.5616605286694 ], [ 6.76463165847844, 52.561663225351502 ], [ 6.76470476433088, 52.561669398837303 ], [ 6.76477799976418, 52.561674765455798 ], [ 6.76485137037858, 52.561679505150401 ], [ 6.76492501842965, 52.561683431777901 ], [ 6.76499880622296, 52.561686641648002 ], [ 6.76507271947108, 52.561689125499001 ], [ 6.76514692442827, 52.561690805543101 ], [ 6.76522126500592, 52.561691849678098 ], [ 6.76529573970539, 52.561691997110998 ], [ 6.76537049742444, 52.5616915114176 ], [ 6.76544538012306, 52.561690308686401 ], [ 6.76552040710509, 52.561688299362899 ], [ 6.76669348402265, 52.561637823602901 ], [ 6.76704839205341, 52.561628883574599 ], [ 6.7680584645832, 52.561638072958601 ], [ 6.76813656121578, 52.5606190218721 ], [ 6.76772414411949, 52.560438050955597 ], [ 6.76760265684566, 52.5604319468151 ], [ 6.76758017841688, 52.5603824181551 ], [ 6.76761961079851, 52.560270107107797 ], [ 6.7677188490299, 52.560197751066198 ], [ 6.76771163276539, 52.560155362119197 ], [ 6.76751947660597, 52.5600649478341 ], [ 6.76750005271889, 52.5598202001621 ], [ 6.76746921403657, 52.5598002049447 ], [ 6.76724243185867, 52.5598381794291 ], [ 6.76718052292818, 52.559802752355502 ], [ 6.7672499529818, 52.559542551461902 ], [ 6.76715585572869, 52.559476825903403 ], [ 6.76715367649079, 52.559445951633798 ], [ 6.76727510502859, 52.559416267471804 ], [ 6.76727169117794, 52.5593728082574 ], [ 6.76716462393519, 52.559341097065499 ], [ 6.76715706061351, 52.559305553338099 ], [ 6.76725361412706, 52.559249134595802 ], [ 6.76729148237163, 52.559118522632502 ], [ 6.76713415317432, 52.5590803421331 ], [ 6.7671152232937, 52.559053342033202 ], [ 6.76718888892181, 52.558955758287802 ], [ 6.76703582955459, 52.558894818835398 ], [ 6.76712773125657, 52.558807101610903 ], [ 6.76707778582691, 52.5586529466052 ], [ 6.76695011220569, 52.558523014736899 ], [ 6.76698048958457, 52.558355152018997 ], [ 6.76676357265619, 52.558260645469502 ], [ 6.76691475772875, 52.558204502617997 ], [ 6.76687623559642, 52.5580714961539 ], [ 6.76708979639538, 52.558015963598798 ], [ 6.76600130281335, 52.557360548928301 ], [ 6.76596345314018, 52.5573377593456 ], [ 6.76590612828926, 52.557313244321598 ], [ 6.76577952357839, 52.557259087910502 ], [ 6.76571641048252, 52.557138592043998 ], [ 6.76553222289364, 52.557039189046201 ], [ 6.76552990851853, 52.556985454803097 ], [ 6.76563830270411, 52.556834468502402 ], [ 6.76529737565355, 52.556306762515298 ], [ 6.76512468010032, 52.555948591525102 ], [ 6.76496596162778, 52.555495460130302 ], [ 6.76510150591288, 52.555043390157998 ], [ 6.76525614176879, 52.554778711829201 ], [ 6.76562175460001, 52.554458490667699 ], [ 6.76599558296057, 52.554188418391803 ], [ 6.76661182525814, 52.5538362384507 ], [ 6.76711979688949, 52.553669583248897 ], [ 6.76722820215244, 52.553579686611798 ], [ 6.76781938508495, 52.553043997830997 ], [ 6.76858608037351, 52.552566511285598 ], [ 6.76878050334582, 52.5525200924343 ], [ 6.76916441187537, 52.552507098561101 ], [ 6.76971950003465, 52.552196281470302 ], [ 6.76977793296881, 52.552067989515699 ], [ 6.76970737981137, 52.551943740759903 ], [ 6.76963438515397, 52.551792020690797 ], [ 6.76968226299383, 52.551546095817599 ], [ 6.77006087821379, 52.551043930708303 ], [ 6.77032667122999, 52.550756693798 ], [ 6.77055924939261, 52.550379109508199 ], [ 6.77074003158609, 52.549076875488801 ], [ 6.77090446321943, 52.547892405511 ], [ 6.77109505053626, 52.546519364379201 ], [ 6.77124972180043, 52.546273022523998 ], [ 6.77140455753795, 52.546134586244897 ], [ 6.7722088408467, 52.545071423791498 ], [ 6.77218770124149, 52.544950084874799 ], [ 6.77216560742125, 52.544803910369197 ], [ 6.77206410324407, 52.544184346286599 ], [ 6.77166299705141, 52.542558702291899 ], [ 6.77153273027776, 52.542527447982103 ], [ 6.76434675396758, 52.541526180486002 ], [ 6.7559742923058, 52.540356002747998 ], [ 6.75601222588836, 52.5402724049124 ], [ 6.75626548513234, 52.536979851372799 ], [ 6.75629552370811, 52.536379310753702 ], [ 6.75633680095664, 52.535399344031198 ], [ 6.75639131540856, 52.534492282969097 ], [ 6.7564691425373, 52.532712430524299 ], [ 6.75664211900888, 52.532644143679597 ], [ 6.75677423076919, 52.532559193060798 ], [ 6.75680887577995, 52.5324421725267 ], [ 6.75381238840947, 52.528817636066499 ], [ 6.74919093503361, 52.523318843953703 ], [ 6.74765957696759, 52.521505775243803 ], [ 6.73598515122505, 52.525095886333702 ], [ 6.73383807469402, 52.525749156320302 ], [ 6.73220109757487, 52.526207662359298 ], [ 6.72542526066743, 52.528311785524103 ], [ 6.72342864482873, 52.525886907425303 ], [ 6.72558032962024, 52.5265751769101 ], [ 6.72722624161518, 52.5260671988841 ], [ 6.72755853309692, 52.525964689146697 ], [ 6.7296073350785, 52.525344913005803 ], [ 6.73172575195414, 52.524697662187698 ], [ 6.7291240535924, 52.515878671166 ], [ 6.72846979388242, 52.5136098372272 ], [ 6.72417898523087, 52.514397969727803 ], [ 6.72355119573584, 52.5145130370014 ], [ 6.72327085180319, 52.5145644711369 ], [ 6.72175566196613, 52.514835272535201 ], [ 6.71946145285925, 52.515246060970703 ], [ 6.71994992133641, 52.512997474529598 ], [ 6.71999961800954, 52.512407764925101 ], [ 6.71994549046924, 52.512029092915299 ], [ 6.71971762480205, 52.511310158881699 ], [ 6.71953179455171, 52.511022428657498 ], [ 6.71891196067138, 52.509994558883903 ], [ 6.71870518217648, 52.509513993986303 ], [ 6.71859918146491, 52.509187607357703 ], [ 6.71852495641692, 52.508657534738397 ], [ 6.71852683226544, 52.508083699996298 ], [ 6.70278021442697, 52.509412065630499 ], [ 6.70260095290283, 52.5093890982875 ], [ 6.70255510061323, 52.5093939806059 ], [ 6.70305579442989, 52.5116459609713 ], [ 6.70342767170365, 52.513300910439703 ], [ 6.70345272996757, 52.513412196871698 ], [ 6.70364047863251, 52.514246571436999 ], [ 6.70365031958721, 52.514290463790999 ], [ 6.70367663512934, 52.514407619383803 ], [ 6.70394061114725, 52.515582796554902 ], [ 6.70395025246915, 52.515625722847901 ], [ 6.70445585335274, 52.5175871308778 ], [ 6.70447341093194, 52.517655217572504 ], [ 6.7046314669297, 52.518268447992902 ], [ 6.70533829445214, 52.521013454149703 ], [ 6.70533511949791, 52.5210175199053 ], [ 6.70531477223099, 52.521044182236103 ], [ 6.70529157562208, 52.521074601913099 ], [ 6.70527292157525, 52.521099040082198 ], [ 6.70489182805684, 52.521598896438299 ], [ 6.70436723188121, 52.522286966659898 ], [ 6.70413819124225, 52.522587360616697 ], [ 6.70360209732416, 52.523296704337099 ], [ 6.7029242238748, 52.524193600119297 ], [ 6.70213214042988, 52.525240706670203 ], [ 6.70159731190147, 52.525947701222698 ], [ 6.70115317502881, 52.526536547046099 ], [ 6.70101120942686, 52.526724293450101 ], [ 6.70019325103064, 52.527806007402802 ], [ 6.69946390158406, 52.528770501374197 ], [ 6.696519070049, 52.532666304328899 ], [ 6.69434958438273, 52.535531635939698 ], [ 6.69181653788056, 52.5388765214228 ], [ 6.69007245141188, 52.541179215937497 ], [ 6.69005370514326, 52.541203955699899 ], [ 6.68954376193739, 52.541877177387498 ], [ 6.68680133876143, 52.545499329189099 ], [ 6.68675233862427, 52.545564984188303 ], [ 6.68566256117252, 52.5470034219694 ], [ 6.68393024025946, 52.549289767156502 ], [ 6.68391484702486, 52.549310084580497 ], [ 6.68378745362819, 52.549479320748702 ], [ 6.68276859182273, 52.5508240300206 ], [ 6.68274739456447, 52.550852011742101 ], [ 6.68274259054634, 52.550858355957203 ], [ 6.68236420591141, 52.551358122822798 ], [ 6.68160636343384, 52.552359043745597 ], [ 6.68158659091644, 52.552385155860897 ], [ 6.68156607812127, 52.552413276675203 ], [ 6.68130484846434, 52.552757111842602 ], [ 6.68124402505336, 52.552837405762403 ], [ 6.68087965017939, 52.553318424396899 ], [ 6.68271312524728, 52.553070770462497 ], [ 6.68326054900453, 52.552996820342102 ], [ 6.68339270947429, 52.552978968849096 ], [ 6.68340685352844, 52.552977069676402 ], [ 6.68355019925712, 52.552957755471802 ], [ 6.68397900221617, 52.552900264241899 ], [ 6.68452129463168, 52.552827026160799 ], [ 6.68454565011837, 52.552895095760597 ], [ 6.68478825610222, 52.552861878327697 ], [ 6.68476567267857, 52.5527946077734 ], [ 6.68479733845822, 52.552790254735001 ], [ 6.68502843467322, 52.552758484140199 ], [ 6.68506968528374, 52.552813602932801 ], [ 6.68534972161415, 52.552741614645797 ], [ 6.68533490143902, 52.552718251230502 ], [ 6.68591796708272, 52.552638781553803 ], [ 6.68597302148523, 52.552630371586602 ], [ 6.68942651230305, 52.552160492105898 ], [ 6.68954101011103, 52.552144878596103 ], [ 6.68974659748549, 52.552116961893802 ], [ 6.69174848284864, 52.551845327564699 ], [ 6.69559596633498, 52.551323867177103 ], [ 6.70117553193, 52.550567020392798 ], [ 6.70605880932406, 52.549906441734599 ], [ 6.70613715301371, 52.549896522652297 ], [ 6.70618496507796, 52.549889374678997 ], [ 6.70622066360998, 52.549884545598402 ], [ 6.706749869043, 52.5498141356261 ], [ 6.71034490152428, 52.549326537314499 ], [ 6.71046466618202, 52.549310331171 ], [ 6.71228164108924, 52.549064446805097 ], [ 6.71318065214898, 52.548942754285498 ], [ 6.71615557874719, 52.548538012934301 ], [ 6.71626101885803, 52.548525732723398 ], [ 6.71594799786731, 52.549182309746399 ], [ 6.71599057259084, 52.549279921143999 ], [ 6.71612622696349, 52.549489390829898 ], [ 6.71623647884137, 52.549732710432799 ], [ 6.716239929747, 52.549781576475503 ], [ 6.71625488563367, 52.549993482222703 ], [ 6.71625694395625, 52.550125964721701 ], [ 6.71624447206224, 52.550201652241299 ], [ 6.71621569218487, 52.550275505375801 ], [ 6.71623320782253, 52.550327646179298 ], [ 6.7163941929399, 52.550381206984 ], [ 6.71686617644932, 52.550521705199799 ], [ 6.71740775245144, 52.550689611662897 ], [ 6.71742449476867, 52.550694448584203 ], [ 6.71792961803696, 52.550841732247299 ], [ 6.71812988893059, 52.550881948873197 ], [ 6.71817619130498, 52.550891366122499 ], [ 6.71817893505347, 52.550922917898099 ], [ 6.71818330186759, 52.550973222250398 ], [ 6.7187677805794, 52.551210594356597 ], [ 6.7189180708342, 52.551271669591898 ], [ 6.71909331033524, 52.551334655261101 ], [ 6.71912969769402, 52.551347253003797 ], [ 6.71915540759784, 52.551353260633903 ], [ 6.71918874419706, 52.551363245836903 ], [ 6.71931144613265, 52.551408475490497 ], [ 6.71946431759439, 52.551463611117498 ], [ 6.71955044618245, 52.551501256813403 ], [ 6.71955143104387, 52.551501608495698 ], [ 6.71961701424345, 52.551525253358101 ], [ 6.71963235738054, 52.5515311959862 ], [ 6.71999124366357, 52.5516700775011 ], [ 6.71997811277327, 52.551715063076003 ], [ 6.71991143782216, 52.551869770993903 ], [ 6.71989049587862, 52.551918310742998 ], [ 6.71992470713775, 52.551981419130698 ], [ 6.72014527458795, 52.552154376078498 ], [ 6.7201977097817, 52.552195481462597 ], [ 6.72013551969651, 52.552413624286203 ], [ 6.72012348746669, 52.5524886282316 ], [ 6.72016822948798, 52.552573412235503 ], [ 6.7202297342014, 52.552588408821798 ], [ 6.72035599945158, 52.552561869201597 ], [ 6.72049924189724, 52.552563252818103 ], [ 6.72057839179276, 52.552580774169698 ], [ 6.72070884694751, 52.552670607936498 ], [ 6.72095357113302, 52.5529502596344 ], [ 6.72099266446616, 52.553051848394801 ], [ 6.72108719474612, 52.553183063230001 ], [ 6.7211234292062, 52.553215727452198 ], [ 6.72115114511199, 52.553271858491001 ], [ 6.72111612859473, 52.553304778122303 ], [ 6.72111261969651, 52.553342305938202 ], [ 6.72117365228469, 52.553426207317699 ], [ 6.72118165647972, 52.553469873555201 ], [ 6.72117746696284, 52.553498333360501 ], [ 6.72123038124506, 52.553574929761197 ], [ 6.72139105291133, 52.553899881892498 ], [ 6.72139815629814, 52.553939871037002 ], [ 6.72147695961473, 52.554078848479001 ], [ 6.72157404897077, 52.554241880742602 ], [ 6.72166712493147, 52.554440524732101 ], [ 6.72171743026079, 52.554515407146397 ], [ 6.72171037228107, 52.554538587411301 ], [ 6.72185273861417, 52.554705044823201 ], [ 6.72187198839532, 52.554727580581797 ], [ 6.72189980355135, 52.554787525918599 ], [ 6.72199234694928, 52.554892292317497 ], [ 6.72200741861678, 52.554939376595101 ], [ 6.72210344122028, 52.555084916465297 ], [ 6.72210378653892, 52.555132634437598 ], [ 6.72218598848026, 52.5552989223984 ], [ 6.72221140570379, 52.555329139045099 ], [ 6.72224429421479, 52.555401375034798 ], [ 6.72229323233374, 52.555472786942097 ], [ 6.7222738534122, 52.555504272447799 ], [ 6.72228709649443, 52.5555653039779 ], [ 6.72234484062528, 52.555598022118403 ], [ 6.72239052319801, 52.555722028215499 ], [ 6.72245324169047, 52.555797131207598 ], [ 6.72251511749299, 52.555955995995802 ], [ 6.72260629851666, 52.556073180512001 ], [ 6.72261137521848, 52.5560796984674 ], [ 6.72270524139566, 52.556273501071203 ], [ 6.72273348707858, 52.556377577988201 ], [ 6.72281341973453, 52.556467857746803 ], [ 6.72287869282059, 52.556624692559602 ], [ 6.72288971400783, 52.556651170129399 ], [ 6.72289256883595, 52.5566903310703 ], [ 6.72300433742938, 52.556824807274602 ], [ 6.72301281452106, 52.556927748412001 ], [ 6.7231019483466, 52.557048346022903 ], [ 6.72310346474767, 52.557049831895299 ], [ 6.72318501859548, 52.557132490418603 ], [ 6.72319777885787, 52.557209428285702 ], [ 6.72324208970948, 52.557258585564099 ], [ 6.72333936117235, 52.557444279419599 ], [ 6.72332864875741, 52.557473647862103 ], [ 6.72335484518371, 52.5575070893549 ], [ 6.7234039242148, 52.557630270126197 ], [ 6.72346223001792, 52.557697221856799 ], [ 6.72350213402741, 52.557779069916499 ], [ 6.72352007162453, 52.557815589597702 ], [ 6.72351523379132, 52.557871687238503 ], [ 6.72357950920623, 52.557977787800397 ], [ 6.72372732164455, 52.558295556131696 ], [ 6.7237631967749, 52.558351231953502 ], [ 6.7238028604061, 52.5584588282167 ], [ 6.72389479921809, 52.558606275123601 ], [ 6.72400606938036, 52.558862797415998 ], [ 6.7241247319327, 52.559093115339202 ], [ 6.72418659721965, 52.5591782898722 ], [ 6.72431301269481, 52.559449544152201 ], [ 6.72438504212072, 52.559569533021197 ], [ 6.72447874310028, 52.559725771458098 ], [ 6.72448209921069, 52.559804299722899 ], [ 6.72456675809488, 52.559930582886999 ], [ 6.72464252133043, 52.560071387791503 ], [ 6.72477161146366, 52.560298767271398 ], [ 6.72482699026995, 52.560375625061901 ], [ 6.72491976183944, 52.5605458906564 ], [ 6.72493853342097, 52.560611380187197 ], [ 6.72494270828222, 52.560658713118798 ], [ 6.72502992915407, 52.560796842596098 ], [ 6.72503789910874, 52.560859795549398 ], [ 6.72504432606737, 52.560910085157502 ], [ 6.72517621165328, 52.561083251484398 ], [ 6.72521265034698, 52.561191405640002 ], [ 6.7253392183109, 52.561417459078001 ], [ 6.72539471090444, 52.561473916038103 ], [ 6.72541527167697, 52.561521959525699 ], [ 6.72544121699866, 52.561601955962402 ], [ 6.72553728244653, 52.561784792103097 ], [ 6.72557105485593, 52.561945353877398 ], [ 6.72553862051951, 52.562150987715398 ], [ 6.72554823798669, 52.562358616663097 ], [ 6.72557755234862, 52.562472748271396 ], [ 6.72559127247445, 52.562589124896398 ], [ 6.72561700053841, 52.562673622062199 ], [ 6.72568447531916, 52.562812504471502 ], [ 6.7257687093036, 52.562956582525501 ], [ 6.72586398606255, 52.563064913937097 ], [ 6.72589005331444, 52.563094962355798 ], [ 6.72594363543709, 52.563154745297297 ], [ 6.7259580805731, 52.563172719001003 ], [ 6.72597437070523, 52.5631915374287 ], [ 6.72601852153845, 52.563242533825303 ], [ 6.7260818421263, 52.563219049621502 ], [ 6.72614591310179, 52.563196461011898 ], [ 6.72621088778585, 52.563174941787899 ], [ 6.726276312937, 52.563154411304701 ], [ 6.72634264645111, 52.563134860374497 ], [ 6.72640973581263, 52.563116384977299 ], [ 6.72644100304284, 52.5631081016179 ], [ 6.72650884903146, 52.563090971507499 ], [ 6.72657760884303, 52.563075000889398 ], [ 6.72664695645594, 52.563059931724901 ], [ 6.72671706504528, 52.563045839274899 ], [ 6.72678793959879, 52.5630329124645 ], [ 6.72685970235514, 52.563020784970902 ], [ 6.73025085249816, 52.562435251178599 ], [ 6.73298120644051, 52.561963139321897 ], [ 6.73364278559024, 52.5618496178298 ], [ 6.73371603695852, 52.5618380182595 ], [ 6.73378929545705, 52.561827138135101 ], [ 6.73386255645789, 52.561817067287102 ], [ 6.73393583470547, 52.561807805997901 ], [ 6.73400913020384, 52.5617993542674 ], [ 6.73408245352944, 52.561791793225602 ], [ 6.73415591620492, 52.561784963152697 ], [ 6.73422939197562, 52.561779023485997 ], [ 6.73430275698104, 52.561773801007597 ], [ 6.73437640921436, 52.561769303336803 ], [ 6.73444993679863, 52.5617657923462 ], [ 6.7345234715522, 52.561763000801498 ], [ 6.73452867265824, 52.561762857583197 ], [ 6.73459717145555, 52.561761012654202 ], [ 6.7346322487833, 52.561760344309 ], [ 6.73470067442312, 52.561759918644299 ], [ 6.73470597230422, 52.561759615415902 ], [ 6.73477969837831, 52.561759695799402 ] ] ] ] } },
{ "type": "Feature", "properties": { "BEZ_GEM": "Getelo", "SCH_GEM": "03456006", "BEZ_KRS": "Grafschaft Bentheim" }, "geometry": { "type": "MultiPolygon", "coordinates": [ [ [ [ 6.86646053923747, 52.482619755440197 ], [ 6.86674317515128, 52.480994456070803 ], [ 6.86693517156715, 52.475979219088501 ], [ 6.86754686496569, 52.473811619506698 ], [ 6.8693667084963, 52.468155826908799 ], [ 6.86782985128242, 52.467133537525399 ], [ 6.86452118123537, 52.4649896997756 ], [ 6.8637880172178, 52.4644911663271 ], [ 6.86372872429103, 52.464450890634097 ], [ 6.86325422021125, 52.4642050219244 ], [ 6.86284937964004, 52.463995118957698 ], [ 6.86145639376407, 52.463299860359797 ], [ 6.86139708314945, 52.463272171744499 ], [ 6.86120355358448, 52.463170749944503 ], [ 6.86079271923319, 52.462960371666 ], [ 6.8593359465346, 52.462230933305399 ], [ 6.85743785869036, 52.4612656266372 ], [ 6.85606161797609, 52.460568538201102 ], [ 6.85497865127942, 52.460010733053103 ], [ 6.85430345451142, 52.459699511215497 ], [ 6.85430523023577, 52.459709308615302 ], [ 6.85224117058455, 52.459597569615802 ], [ 6.85107208464318, 52.459534263650802 ], [ 6.85013538261961, 52.459483534117602 ], [ 6.84799677814904, 52.459367694786501 ], [ 6.84474098627663, 52.459191326702502 ], [ 6.84287523635715, 52.459302422613199 ], [ 6.84042641437222, 52.459448178007897 ], [ 6.83933833805115, 52.459512922235596 ], [ 6.83929748652715, 52.4595153768229 ], [ 6.83739628330611, 52.4596296140436 ], [ 6.83653685644287, 52.459681025165899 ], [ 6.83650343146052, 52.459683021212399 ], [ 6.83648193399283, 52.459684336311497 ], [ 6.83640620574502, 52.459688966181801 ], [ 6.83632331670642, 52.459694031454703 ], [ 6.83631063382719, 52.459694806456703 ], [ 6.83626581252633, 52.459697457110003 ], [ 6.83612529350259, 52.459705810690899 ], [ 6.83473950179553, 52.459788145968098 ], [ 6.834612093454, 52.459795694786699 ], [ 6.83427937088538, 52.4598153896291 ], [ 6.83365510059588, 52.459852329806999 ], [ 6.83302993235655, 52.459889546970402 ], [ 6.83256871808981, 52.459917222717998 ], [ 6.83234849692727, 52.459930144321298 ], [ 6.83179475214586, 52.4599631343347 ], [ 6.82970535779583, 52.4599323631723 ], [ 6.82745339383766, 52.459899161478099 ], [ 6.82476827583113, 52.459859486392602 ], [ 6.82406345345769, 52.459848801413798 ], [ 6.82287231043558, 52.459831226580597 ], [ 6.81830787029539, 52.459763618900901 ], [ 6.81604639024667, 52.4597290259902 ], [ 6.81601127824699, 52.459728503312903 ], [ 6.81593906835218, 52.459727430235397 ], [ 6.8158937772866, 52.459726755462199 ], [ 6.81365051236715, 52.459692695928801 ], [ 6.81040308584462, 52.459643311074402 ], [ 6.80448459738942, 52.459553179026898 ], [ 6.80427781687563, 52.459553511390197 ], [ 6.80202007070791, 52.459557168809503 ], [ 6.80187392787122, 52.459557419279101 ], [ 6.79906889360044, 52.459562120233599 ], [ 6.79773657737063, 52.4595643326087 ], [ 6.79598240558047, 52.459566732679498 ], [ 6.79481950799728, 52.459568626262701 ], [ 6.79474082153363, 52.459568732258099 ], [ 6.79473671429324, 52.4595687365793 ], [ 6.79462581610961, 52.459568907099403 ], [ 6.79456235085544, 52.459569009146001 ], [ 6.79054115831595, 52.459575220534298 ], [ 6.78365288065266, 52.4595718526732 ], [ 6.78241731428946, 52.459571209912298 ], [ 6.78214581584863, 52.459571062998002 ], [ 6.78109897220804, 52.459575286203197 ], [ 6.77834558261704, 52.459586345203398 ], [ 6.77599717873037, 52.459595732838999 ], [ 6.77459323114824, 52.459601318421903 ], [ 6.77421609039309, 52.459679211590597 ], [ 6.77226833592412, 52.460081445976797 ], [ 6.77105231610932, 52.460332550070397 ], [ 6.76977097650958, 52.460597120570299 ], [ 6.76965184747718, 52.460621723528497 ], [ 6.76959342851606, 52.460633785804902 ], [ 6.76949668801526, 52.4606537664352 ], [ 6.76945452895727, 52.460662466649303 ], [ 6.76814990576097, 52.460931786819998 ], [ 6.76667301048551, 52.461236657290897 ], [ 6.76388136494106, 52.461812848434803 ], [ 6.76207558150818, 52.462185517553102 ], [ 6.7606746432256, 52.462474612522399 ], [ 6.75723683341758, 52.463183952922599 ], [ 6.75696735754638, 52.463239690080499 ], [ 6.75687176395846, 52.463259178660202 ], [ 6.75671686547527, 52.463290058889399 ], [ 6.75648587142603, 52.463338845874802 ], [ 6.75618106582138, 52.4634017249412 ], [ 6.7528703408449, 52.464084981137098 ], [ 6.75274199409573, 52.464111550081597 ], [ 6.74899082925248, 52.465761485106299 ], [ 6.74515877338084, 52.467446762502 ], [ 6.74496129828371, 52.4675335642644 ], [ 6.74498589987912, 52.4675445271561 ], [ 6.74503475789969, 52.467566293476601 ], [ 6.74508186527866, 52.467579969528899 ], [ 6.74521006869225, 52.467634828929199 ], [ 6.74522973589012, 52.4676432428477 ], [ 6.7456655823537, 52.467829775400602 ], [ 6.74574264099339, 52.467884000792601 ], [ 6.74567107569067, 52.467941794963501 ], [ 6.74729038172305, 52.468587037101599 ], [ 6.74928919788626, 52.469383452367097 ], [ 6.75294698497457, 52.470840713336301 ], [ 6.75557316862406, 52.472441973211502 ], [ 6.75559854834521, 52.472594842533901 ], [ 6.75425279672392, 52.473538396728003 ], [ 6.75437384103498, 52.473724842906599 ], [ 6.75444633661082, 52.4737395367994 ], [ 6.75450520884618, 52.473820494837398 ], [ 6.75473756867057, 52.473994136664302 ], [ 6.75539066901612, 52.474161378087899 ], [ 6.76112608765113, 52.475220113709703 ], [ 6.76138518253293, 52.475268090628603 ], [ 6.76756112133027, 52.476412630861198 ], [ 6.76810522864852, 52.475243692572697 ], [ 6.76822779017335, 52.475210847100499 ], [ 6.77063141202109, 52.475672425639999 ], [ 6.77162085805298, 52.473755011688198 ], [ 6.77838677240283, 52.474823149995899 ], [ 6.77666077167279, 52.478131947357298 ], [ 6.78948185626502, 52.480482085579801 ], [ 6.7896611221344, 52.480514345458502 ], [ 6.78974576517252, 52.480514560704201 ], [ 6.79023950269997, 52.480025427101403 ], [ 6.79188117837356, 52.480427908984097 ], [ 6.79282525702627, 52.480659361495 ], [ 6.8025591731058, 52.482951399036502 ], [ 6.80269470690208, 52.482983231016 ], [ 6.80283621123612, 52.483016432633903 ], [ 6.80462017115725, 52.483438014104003 ], [ 6.80928690285419, 52.484512198410599 ], [ 6.81519886280539, 52.485435267931798 ], [ 6.81485921344602, 52.485806562708497 ], [ 6.8151230561327, 52.485856522729897 ], [ 6.8150560742448, 52.485941661448003 ], [ 6.82354363146815, 52.487943838165201 ], [ 6.8314987234889, 52.489791335879502 ], [ 6.84143230648006, 52.492095200859403 ], [ 6.84246628900466, 52.492354059661899 ], [ 6.84399027443639, 52.492696744644 ], [ 6.84544045942083, 52.4930488466348 ], [ 6.84637927397955, 52.492654577095202 ], [ 6.84681800367714, 52.492500262228802 ], [ 6.84784422562251, 52.492080318157498 ], [ 6.84934194634828, 52.491452596216099 ], [ 6.85582571179098, 52.488891102883699 ], [ 6.85635992845141, 52.488651901769998 ], [ 6.85903952218012, 52.4875472366842 ], [ 6.85918152928858, 52.487486324953501 ], [ 6.86331945196603, 52.485771421197498 ], [ 6.86414604096713, 52.48545850995 ], [ 6.86612190793292, 52.484619362303697 ], [ 6.86629087043889, 52.483535658944099 ], [ 6.86646053923747, 52.482619755440197 ] ] ] ] } },
{ "type": "Feature", "properties": { "BEZ_GEM": "Wilsum", "SCH_GEM": "03456026", "BEZ_KRS": "Grafschaft Bentheim" }, "geometry": { "type": "MultiPolygon", "coordinates": [ [ [ [ 6.8687823245761, 52.573611043440003 ], [ 6.88046626400017, 52.562423869186603 ], [ 6.88076369422667, 52.562100009205203 ], [ 6.88563180591789, 52.557524073944101 ], [ 6.88712942149531, 52.556188128541699 ], [ 6.88718802005793, 52.555984883329103 ], [ 6.88988061975691, 52.553581966392201 ], [ 6.89550883304594, 52.548315556695798 ], [ 6.89610931707011, 52.547577792215797 ], [ 6.8961406517544, 52.547431514915701 ], [ 6.89629566102216, 52.547277545376097 ], [ 6.89566355179581, 52.546456334599398 ], [ 6.89539505642507, 52.546087665747997 ], [ 6.89329835709822, 52.543432333331999 ], [ 6.89164907708557, 52.541250254591397 ], [ 6.89121614077802, 52.540680018551903 ], [ 6.89050071811049, 52.539739501758902 ], [ 6.89039538444344, 52.539601938924697 ], [ 6.88834520655036, 52.536920725590001 ], [ 6.88723870833046, 52.535448720503702 ], [ 6.88585489270502, 52.533458771389803 ], [ 6.88468439751873, 52.531772582731499 ], [ 6.88413560327952, 52.530981568267798 ], [ 6.88395141702281, 52.530709331570399 ], [ 6.88374347486819, 52.5303608693225 ], [ 6.88341848013019, 52.529816001332698 ], [ 6.88267531831029, 52.528818558727998 ], [ 6.88166802711139, 52.527315002750001 ], [ 6.88141205515848, 52.526969632397901 ], [ 6.88092686616974, 52.5262164268674 ], [ 6.88021704630166, 52.525193308692302 ], [ 6.88003757417848, 52.524934367643702 ], [ 6.87979380154623, 52.524584176683398 ], [ 6.87779602848393, 52.521684125061803 ], [ 6.8772889647197, 52.520998758188497 ], [ 6.87711459870093, 52.520759955528902 ], [ 6.87708140346411, 52.520341782565701 ], [ 6.87704754252982, 52.520316447615002 ], [ 6.87700788833597, 52.520029168641699 ], [ 6.87696613030172, 52.519614663429103 ], [ 6.87692285357619, 52.519185204592702 ], [ 6.8768488870525, 52.5184755061712 ], [ 6.87669114096412, 52.517623403034101 ], [ 6.87661473389039, 52.517624549353997 ], [ 6.87660669180547, 52.5172870340147 ], [ 6.87639789902553, 52.515882998593298 ], [ 6.86404439192651, 52.510633379206702 ], [ 6.86132637098539, 52.509425588003701 ], [ 6.85956510179888, 52.508298620800602 ], [ 6.85357445913905, 52.504420073826701 ], [ 6.8524728215281, 52.503761659493499 ], [ 6.83235289703441, 52.509018596651899 ], [ 6.82361763818289, 52.511464600810903 ], [ 6.81935061394991, 52.512681565802303 ], [ 6.81928557257462, 52.512631900699397 ], [ 6.81621415182396, 52.513511113664102 ], [ 6.8162737161807, 52.513564186188198 ], [ 6.78253994519887, 52.5232914618541 ], [ 6.78026826877183, 52.528674844015498 ], [ 6.77655081879836, 52.537588575337203 ], [ 6.77620009851051, 52.538385859392399 ], [ 6.77603181760131, 52.538835438281303 ], [ 6.77553161617383, 52.539946155479903 ], [ 6.77476900250845, 52.541745300583202 ], [ 6.77473224571657, 52.541807192883397 ], [ 6.77471155380089, 52.541854424792199 ], [ 6.77469512915949, 52.541891935790602 ], [ 6.77387627173892, 52.543776950989603 ], [ 6.77359911241374, 52.544482635135601 ], [ 6.77300088623147, 52.545825556135497 ], [ 6.77294067164618, 52.546006868264101 ], [ 6.77289903022349, 52.546080627281903 ], [ 6.77285622979151, 52.546156882199597 ], [ 6.77252612673011, 52.546981159445998 ], [ 6.7725047949292, 52.547076161811297 ], [ 6.77282719922889, 52.548582436491699 ], [ 6.77280040791581, 52.548703682354997 ], [ 6.77275620868756, 52.548759445373399 ], [ 6.77273391163093, 52.548787583924899 ], [ 6.77265300356445, 52.548777428840197 ], [ 6.77260087387122, 52.548784450387103 ], [ 6.77249793965937, 52.548804363082198 ], [ 6.77241816695913, 52.5490012493634 ], [ 6.7724790400017, 52.549122140178298 ], [ 6.77245299346142, 52.549183523027899 ], [ 6.77208100060961, 52.5493223593257 ], [ 6.77205989858495, 52.549347858654997 ], [ 6.77211954262659, 52.549483680016998 ], [ 6.77209780387995, 52.549548821574099 ], [ 6.77183302883374, 52.5498253722022 ], [ 6.77181106473447, 52.550160724568002 ], [ 6.771754311448, 52.550330852391397 ], [ 6.77162532688674, 52.550409485377997 ], [ 6.77147113568485, 52.550472627083401 ], [ 6.77151092741506, 52.550562692829203 ], [ 6.77158255991488, 52.5507247896903 ], [ 6.77154806338, 52.550980219912098 ], [ 6.77136923092297, 52.551083324966498 ], [ 6.77133370493122, 52.551143378084603 ], [ 6.77128605952452, 52.551187593029397 ], [ 6.77124500328342, 52.551211817213797 ], [ 6.771217847283, 52.551212960257899 ], [ 6.77105477679849, 52.551219851826403 ], [ 6.77100688859747, 52.551306386883603 ], [ 6.77092591519978, 52.551369890933898 ], [ 6.77054187665154, 52.551671059894304 ], [ 6.77052320095254, 52.5518508604329 ], [ 6.77038102271145, 52.551871875307803 ], [ 6.77025486256736, 52.551871692238102 ], [ 6.77033980133222, 52.551952277362801 ], [ 6.77046327587528, 52.552069430113299 ], [ 6.77046935594278, 52.552075200559699 ], [ 6.77045517182815, 52.552085247012997 ], [ 6.77031649760852, 52.552183469202497 ], [ 6.77031920146323, 52.552277925931897 ], [ 6.77013076720159, 52.552397708024301 ], [ 6.77015778272563, 52.552456070861503 ], [ 6.77024598072277, 52.552440989864799 ], [ 6.77026201987644, 52.552462144256197 ], [ 6.7703308910043, 52.552611754038402 ], [ 6.77034754586844, 52.552653349575699 ], [ 6.77036091250987, 52.552686772477401 ], [ 6.77032614856068, 52.5526950913723 ], [ 6.77011765284224, 52.552743846233703 ], [ 6.77007022264552, 52.552754381162501 ], [ 6.76999307017441, 52.552849212378497 ], [ 6.76987545285386, 52.552954808570803 ], [ 6.76977031899625, 52.553023683276102 ], [ 6.76882460279648, 52.553623167119902 ], [ 6.76844622116752, 52.553794179662503 ], [ 6.7683744378758, 52.553879615668102 ], [ 6.76790889273288, 52.554143388562899 ], [ 6.76772356794807, 52.554322796788497 ], [ 6.76769694442553, 52.554348568864299 ], [ 6.76756796699078, 52.5544112820265 ], [ 6.76691770555333, 52.554723080850202 ], [ 6.76659578845352, 52.554818119565702 ], [ 6.76604094273715, 52.555065866783998 ], [ 6.76599095014899, 52.5551340166976 ], [ 6.76602287177395, 52.555166882193802 ], [ 6.76605298484623, 52.555197888187301 ], [ 6.76596415969435, 52.555710583229697 ], [ 6.76595402871787, 52.556253969439197 ], [ 6.76592772591733, 52.5562931271065 ], [ 6.76607887105692, 52.556400241259801 ], [ 6.76651715377595, 52.556794580389898 ], [ 6.76703689476982, 52.557364106073898 ], [ 6.76744938388216, 52.557773411905401 ], [ 6.76736875167158, 52.557812426146803 ], [ 6.76728192256443, 52.557800321471902 ], [ 6.76713944536986, 52.557839589464201 ], [ 6.7670695255959, 52.557893381461803 ], [ 6.76719352198438, 52.5579635197725 ], [ 6.76708979639538, 52.558015963598798 ], [ 6.76687623559642, 52.5580714961539 ], [ 6.76691475772875, 52.558204502617997 ], [ 6.76676357265619, 52.558260645469502 ], [ 6.76698048958457, 52.558355152018997 ], [ 6.76695011220569, 52.558523014736899 ], [ 6.76707778582691, 52.5586529466052 ], [ 6.76712773125657, 52.558807101610903 ], [ 6.76703582955459, 52.558894818835398 ], [ 6.76718888892181, 52.558955758287802 ], [ 6.7671152232937, 52.559053342033202 ], [ 6.76713415317432, 52.5590803421331 ], [ 6.76729148237163, 52.559118522632502 ], [ 6.76725361412706, 52.559249134595802 ], [ 6.76715706061351, 52.559305553338099 ], [ 6.76716462393519, 52.559341097065499 ], [ 6.76727169117794, 52.5593728082574 ], [ 6.76727510502859, 52.559416267471804 ], [ 6.76715367649079, 52.559445951633798 ], [ 6.76715585572869, 52.559476825903403 ], [ 6.7672499529818, 52.559542551461902 ], [ 6.76718052292818, 52.559802752355502 ], [ 6.76724243185867, 52.5598381794291 ], [ 6.76746921403657, 52.5598002049447 ], [ 6.76750005271889, 52.5598202001621 ], [ 6.76751947660597, 52.5600649478341 ], [ 6.76771163276539, 52.560155362119197 ], [ 6.7677188490299, 52.560197751066198 ], [ 6.76761961079851, 52.560270107107797 ], [ 6.76758017841688, 52.5603824181551 ], [ 6.76760265684566, 52.5604319468151 ], [ 6.76772414411949, 52.560438050955597 ], [ 6.76813656121578, 52.5606190218721 ], [ 6.7680584645832, 52.561638072958601 ], [ 6.77161296015614, 52.561633137464803 ], [ 6.77194080569434, 52.561621596075902 ], [ 6.77219415258889, 52.561603975652602 ], [ 6.77249974523638, 52.561524934487601 ], [ 6.77269820964339, 52.561446052469201 ], [ 6.77282936446486, 52.561393922108898 ], [ 6.77325157694949, 52.561334068247298 ], [ 6.77375761925436, 52.561331989007599 ], [ 6.77595397876858, 52.561478129535999 ], [ 6.77811317107062, 52.561624250733303 ], [ 6.77839903705564, 52.561675475757099 ], [ 6.7812679333887, 52.562441629686603 ], [ 6.78150677592869, 52.562521368907802 ], [ 6.78170694451365, 52.562665753519703 ], [ 6.78233461110066, 52.563285995080797 ], [ 6.78260717867914, 52.563519225397997 ], [ 6.7827794063506, 52.563629724853698 ], [ 6.78298243600145, 52.5637029453734 ], [ 6.78397674661487, 52.563990873017701 ], [ 6.78527157859625, 52.564370827889199 ], [ 6.7865773026884, 52.564742969357901 ], [ 6.78756994398402, 52.564894968474199 ], [ 6.78939241534455, 52.565109489103598 ], [ 6.78973267955233, 52.565146290469698 ], [ 6.78987911098258, 52.5651848484951 ], [ 6.79065325417109, 52.565500888427799 ], [ 6.79426031859124, 52.567009917467999 ], [ 6.79597812399423, 52.567695444777598 ], [ 6.79782408259728, 52.568457333846503 ], [ 6.79810677723901, 52.568558446170996 ], [ 6.798375993413, 52.568625228100103 ], [ 6.79871192738995, 52.568665195821701 ], [ 6.79921399269814, 52.568682265468503 ], [ 6.80001910430423, 52.568668189754497 ], [ 6.80634685465018, 52.568571992916901 ], [ 6.80718360083415, 52.5685478444572 ], [ 6.80804069608504, 52.568497361294099 ], [ 6.80684847596926, 52.571664128425503 ], [ 6.807858985341, 52.5719179837062 ], [ 6.81110759379962, 52.572008767721499 ], [ 6.81761945539558, 52.572181435950398 ], [ 6.82170101483728, 52.572284856077502 ], [ 6.82189183500302, 52.5706058263589 ], [ 6.82657679628083, 52.571220393928797 ], [ 6.82704508609083, 52.571282582951902 ], [ 6.82719624864192, 52.571302622184902 ], [ 6.82868410238908, 52.5715004097217 ], [ 6.83097543545284, 52.571804980806597 ], [ 6.83120460449734, 52.571835346197297 ], [ 6.83392557462035, 52.572196916345902 ], [ 6.83419520901062, 52.572232782060397 ], [ 6.83895120347023, 52.572865240836698 ], [ 6.8390987087061, 52.572884838329102 ], [ 6.84085220397625, 52.5731179831619 ], [ 6.84106451849028, 52.573146223539702 ], [ 6.84267653262111, 52.573360665291197 ], [ 6.8428106936353, 52.573378576236699 ], [ 6.84698694086159, 52.573935132530899 ], [ 6.84776392926, 52.574038730756399 ], [ 6.84861602796202, 52.574163740617301 ], [ 6.85047760352695, 52.5741023389483 ], [ 6.85080289638393, 52.574102131426898 ], [ 6.85461640830913, 52.574002358130898 ], [ 6.85641785007254, 52.573978257722501 ], [ 6.85661293826603, 52.573975676187999 ], [ 6.85824262383269, 52.573953832737999 ], [ 6.86613012084682, 52.5738035274859 ], [ 6.86818513386314, 52.573779583921699 ], [ 6.86848051001784, 52.573757118995701 ], [ 6.8687823245761, 52.573611043440003 ] ] ] ] } },
{ "type": "Feature", "properties": { "BEZ_GEM": "Itterbeck", "SCH_GEM": "03456011", "BEZ_KRS": "Grafschaft Bentheim" }, "geometry": { "type": "MultiPolygon", "coordinates": [ [ [ [ 6.76713944536986, 52.557839589464201 ], [ 6.76728192256443, 52.557800321471902 ], [ 6.76736875167158, 52.557812426146803 ], [ 6.76744938388216, 52.557773411905401 ], [ 6.76703689476982, 52.557364106073898 ], [ 6.76651715377595, 52.556794580389898 ], [ 6.76607887105692, 52.556400241259801 ], [ 6.76592772591733, 52.5562931271065 ], [ 6.76595402871787, 52.556253969439197 ], [ 6.76596415969435, 52.555710583229697 ], [ 6.76605298484623, 52.555197888187301 ], [ 6.76602287177395, 52.555166882193802 ], [ 6.76599095014899, 52.5551340166976 ], [ 6.76604094273715, 52.555065866783998 ], [ 6.76659578845352, 52.554818119565702 ], [ 6.76691770555333, 52.554723080850202 ], [ 6.76756796699078, 52.5544112820265 ], [ 6.76769694442553, 52.554348568864299 ], [ 6.76772356794807, 52.554322796788497 ], [ 6.76790889273288, 52.554143388562899 ], [ 6.7683744378758, 52.553879615668102 ], [ 6.76844622116752, 52.553794179662503 ], [ 6.76882460279648, 52.553623167119902 ], [ 6.76977031899625, 52.553023683276102 ], [ 6.76987545285386, 52.552954808570803 ], [ 6.76999307017441, 52.552849212378497 ], [ 6.77007022264552, 52.552754381162501 ], [ 6.77011765284224, 52.552743846233703 ], [ 6.77032614856068, 52.5526950913723 ], [ 6.77036091250987, 52.552686772477401 ], [ 6.77034754586844, 52.552653349575699 ], [ 6.7703308910043, 52.552611754038402 ], [ 6.77026201987644, 52.552462144256197 ], [ 6.77024598072277, 52.552440989864799 ], [ 6.77015778272563, 52.552456070861503 ], [ 6.77013076720159, 52.552397708024301 ], [ 6.77031920146323, 52.552277925931897 ], [ 6.77031649760852, 52.552183469202497 ], [ 6.77045517182815, 52.552085247012997 ], [ 6.77046935594278, 52.552075200559699 ], [ 6.77046327587528, 52.552069430113299 ], [ 6.77033980133222, 52.551952277362801 ], [ 6.77025486256736, 52.551871692238102 ], [ 6.77038102271145, 52.551871875307803 ], [ 6.77052320095254, 52.5518508604329 ], [ 6.77054187665154, 52.551671059894304 ], [ 6.77092591519978, 52.551369890933898 ], [ 6.77100688859747, 52.551306386883603 ], [ 6.77105477679849, 52.551219851826403 ], [ 6.771217847283, 52.551212960257899 ], [ 6.77124500328342, 52.551211817213797 ], [ 6.77128605952452, 52.551187593029397 ], [ 6.77133370493122, 52.551143378084603 ], [ 6.77136923092297, 52.551083324966498 ], [ 6.77154806338, 52.550980219912098 ], [ 6.77158255991488, 52.5507247896903 ], [ 6.77151092741506, 52.550562692829203 ], [ 6.77147113568485, 52.550472627083401 ], [ 6.77162532688674, 52.550409485377997 ], [ 6.771754311448, 52.550330852391397 ], [ 6.77181106473447, 52.550160724568002 ], [ 6.77183302883374, 52.5498253722022 ], [ 6.77209780387995, 52.549548821574099 ], [ 6.77211954262659, 52.549483680016998 ], [ 6.77205989858495, 52.549347858654997 ], [ 6.77208100060961, 52.5493223593257 ], [ 6.77245299346142, 52.549183523027899 ], [ 6.7724790400017, 52.549122140178298 ], [ 6.77241816695913, 52.5490012493634 ], [ 6.77249793965937, 52.548804363082198 ], [ 6.77260087387122, 52.548784450387103 ], [ 6.77265300356445, 52.548777428840197 ], [ 6.77273391163093, 52.548787583924899 ], [ 6.77275620868756, 52.548759445373399 ], [ 6.77280040791581, 52.548703682354997 ], [ 6.77282719922889, 52.548582436491699 ], [ 6.7725047949292, 52.547076161811297 ], [ 6.77252612673011, 52.546981159445998 ], [ 6.77285622979151, 52.546156882199597 ], [ 6.77289903022349, 52.546080627281903 ], [ 6.77294067164618, 52.546006868264101 ], [ 6.77300088623147, 52.545825556135497 ], [ 6.77359911241374, 52.544482635135601 ], [ 6.77387627173892, 52.543776950989603 ], [ 6.77469512915949, 52.541891935790602 ], [ 6.77471155380089, 52.541854424792199 ], [ 6.77473224571657, 52.541807192883397 ], [ 6.77476900250845, 52.541745300583202 ], [ 6.77553161617383, 52.539946155479903 ], [ 6.77603181760131, 52.538835438281303 ], [ 6.77620009851051, 52.538385859392399 ], [ 6.77655081879836, 52.537588575337203 ], [ 6.78026826877183, 52.528674844015498 ], [ 6.78253994519887, 52.5232914618541 ], [ 6.8162737161807, 52.513564186188198 ], [ 6.81621415182396, 52.513511113664102 ], [ 6.81928557257462, 52.512631900699397 ], [ 6.81935061394991, 52.512681565802303 ], [ 6.82361763818289, 52.511464600810903 ], [ 6.83235289703441, 52.509018596651899 ], [ 6.8524728215281, 52.503761659493499 ], [ 6.84715329779806, 52.497894275250502 ], [ 6.84645362882036, 52.497122447509398 ], [ 6.84553662196912, 52.493435521174803 ], [ 6.84544045942083, 52.4930488466348 ], [ 6.84399027443639, 52.492696744644 ], [ 6.84246628900466, 52.492354059661899 ], [ 6.84143230648006, 52.492095200859403 ], [ 6.8314987234889, 52.489791335879502 ], [ 6.82354363146815, 52.487943838165201 ], [ 6.8150560742448, 52.485941661448003 ], [ 6.8151230561327, 52.485856522729897 ], [ 6.81485921344602, 52.485806562708497 ], [ 6.81519886280539, 52.485435267931798 ], [ 6.80928690285419, 52.484512198410599 ], [ 6.80462017115725, 52.483438014104003 ], [ 6.80283621123612, 52.483016432633903 ], [ 6.80269470690208, 52.482983231016 ], [ 6.8025591731058, 52.482951399036502 ], [ 6.79282525702627, 52.480659361495 ], [ 6.79188117837356, 52.480427908984097 ], [ 6.79023950269997, 52.480025427101403 ], [ 6.78974576517252, 52.480514560704201 ], [ 6.7896611221344, 52.480514345458502 ], [ 6.78948185626502, 52.480482085579801 ], [ 6.77666077167279, 52.478131947357298 ], [ 6.77838677240283, 52.474823149995899 ], [ 6.77162085805298, 52.473755011688198 ], [ 6.77063141202109, 52.475672425639999 ], [ 6.76822779017335, 52.475210847100499 ], [ 6.76810522864852, 52.475243692572697 ], [ 6.76756112133027, 52.476412630861198 ], [ 6.76138518253293, 52.475268090628603 ], [ 6.76112608765113, 52.475220113709703 ], [ 6.75539066901612, 52.474161378087899 ], [ 6.75473756867057, 52.473994136664302 ], [ 6.75450520884618, 52.473820494837398 ], [ 6.75444633661082, 52.4737395367994 ], [ 6.75437384103498, 52.473724842906599 ], [ 6.75425279672392, 52.473538396728003 ], [ 6.75559854834521, 52.472594842533901 ], [ 6.75557316862406, 52.472441973211502 ], [ 6.75294698497457, 52.470840713336301 ], [ 6.74928919788626, 52.469383452367097 ], [ 6.74729038172305, 52.468587037101599 ], [ 6.74567107569067, 52.467941794963501 ], [ 6.74574264099339, 52.467884000792601 ], [ 6.7456655823537, 52.467829775400602 ], [ 6.74522973589012, 52.4676432428477 ], [ 6.74521006869225, 52.467634828929199 ], [ 6.74508186527866, 52.467579969528899 ], [ 6.74503475789969, 52.467566293476601 ], [ 6.74498589987912, 52.4675445271561 ], [ 6.74496129828371, 52.4675335642644 ], [ 6.74489210065606, 52.467564337104101 ], [ 6.74484868597124, 52.467583255590299 ], [ 6.74055674244057, 52.469505123411203 ], [ 6.73882326905879, 52.470283140557598 ], [ 6.73511911448159, 52.471940024147699 ], [ 6.73509091826397, 52.471952603462597 ], [ 6.73495170321246, 52.4720149402917 ], [ 6.73134901245101, 52.473627611809597 ], [ 6.72693872189515, 52.475601573498899 ], [ 6.72377784245903, 52.477016187127902 ], [ 6.7239207826838, 52.477045195326603 ], [ 6.72396634864085, 52.477056566098703 ], [ 6.72408047794419, 52.477044897010003 ], [ 6.72934286578638, 52.479368770531401 ], [ 6.72937161934209, 52.479420981931703 ], [ 6.72912438521561, 52.479741602522701 ], [ 6.72902507664677, 52.479964622379804 ], [ 6.72900699531873, 52.480289877007998 ], [ 6.72992564491754, 52.487303319910502 ], [ 6.72996567441808, 52.487858806710399 ], [ 6.72994615823394, 52.488566554524702 ], [ 6.73456571807241, 52.490581586804403 ], [ 6.73599146922238, 52.491253796562397 ], [ 6.73850566792383, 52.492338498876698 ], [ 6.73796929058853, 52.494614100337202 ], [ 6.73786855213626, 52.494636452008997 ], [ 6.73262536291906, 52.492316190629701 ], [ 6.7209894883733, 52.487288270967298 ], [ 6.72112939945294, 52.487486139461602 ], [ 6.72089250184261, 52.4873968781896 ], [ 6.72142234697391, 52.4892346221461 ], [ 6.72250075303196, 52.492974547092501 ], [ 6.72326352731176, 52.495604026940399 ], [ 6.72051267638041, 52.496072938328901 ], [ 6.71525053166713, 52.496973295356597 ], [ 6.71444320416136, 52.497108583355903 ], [ 6.71199115629782, 52.4975282201464 ], [ 6.7098894873237, 52.497705457539503 ], [ 6.70968057981615, 52.496770258330002 ], [ 6.71024102042677, 52.4967126084426 ], [ 6.71035724828556, 52.496701874056903 ], [ 6.71035127390895, 52.496650422775303 ], [ 6.71034481455328, 52.496604618104499 ], [ 6.71031920504053, 52.496606667069202 ], [ 6.70935709724633, 52.496673650513102 ], [ 6.70934274923884, 52.4966064537645 ], [ 6.7089149207142, 52.494602452157999 ], [ 6.70880405048489, 52.494153578957402 ], [ 6.7054709232065, 52.494424633520701 ], [ 6.70298593654898, 52.494626654373498 ], [ 6.69956627835131, 52.494904575656797 ], [ 6.69948484006726, 52.494911282272298 ], [ 6.69935016400422, 52.4948992568279 ], [ 6.69967444360456, 52.496421852337498 ], [ 6.69977943394562, 52.496894746015997 ], [ 6.69979612053797, 52.4969687965161 ], [ 6.69989189545832, 52.49740123534 ], [ 6.69990531519544, 52.4974616712379 ], [ 6.70030611180459, 52.499273884904703 ], [ 6.70034791963206, 52.499454943730797 ], [ 6.70069818667975, 52.501032747876302 ], [ 6.701342941708, 52.503936236134201 ], [ 6.70167482502591, 52.5054321565732 ], [ 6.70210156515392, 52.507352454922298 ], [ 6.70255510061323, 52.5093939806059 ], [ 6.70260095290283, 52.5093890982875 ], [ 6.70278021442697, 52.509412065630499 ], [ 6.71852683226544, 52.508083699996298 ], [ 6.71852495641692, 52.508657534738397 ], [ 6.71859918146491, 52.509187607357703 ], [ 6.71870518217648, 52.509513993986303 ], [ 6.71891196067138, 52.509994558883903 ], [ 6.71953179455171, 52.511022428657498 ], [ 6.71971762480205, 52.511310158881699 ], [ 6.71994549046924, 52.512029092915299 ], [ 6.71999961800954, 52.512407764925101 ], [ 6.71994992133641, 52.512997474529598 ], [ 6.71946145285925, 52.515246060970703 ], [ 6.72175566196613, 52.514835272535201 ], [ 6.72327085180319, 52.5145644711369 ], [ 6.72355119573584, 52.5145130370014 ], [ 6.72417898523087, 52.514397969727803 ], [ 6.72846979388242, 52.5136098372272 ], [ 6.7291240535924, 52.515878671166 ], [ 6.73172575195414, 52.524697662187698 ], [ 6.7296073350785, 52.525344913005803 ], [ 6.72755853309692, 52.525964689146697 ], [ 6.72722624161518, 52.5260671988841 ], [ 6.72558032962024, 52.5265751769101 ], [ 6.72342864482873, 52.525886907425303 ], [ 6.72542526066743, 52.528311785524103 ], [ 6.73220109757487, 52.526207662359298 ], [ 6.73383807469402, 52.525749156320302 ], [ 6.73598515122505, 52.525095886333702 ], [ 6.74765957696759, 52.521505775243803 ], [ 6.74919093503361, 52.523318843953703 ], [ 6.75381238840947, 52.528817636066499 ], [ 6.75680887577995, 52.5324421725267 ], [ 6.75677423076919, 52.532559193060798 ], [ 6.75664211900888, 52.532644143679597 ], [ 6.7564691425373, 52.532712430524299 ], [ 6.75639131540856, 52.534492282969097 ], [ 6.75633680095664, 52.535399344031198 ], [ 6.75629552370811, 52.536379310753702 ], [ 6.75626548513234, 52.536979851372799 ], [ 6.75601222588836, 52.5402724049124 ], [ 6.7559742923058, 52.540356002747998 ], [ 6.76434675396758, 52.541526180486002 ], [ 6.77153273027776, 52.542527447982103 ], [ 6.77166299705141, 52.542558702291899 ], [ 6.77206410324407, 52.544184346286599 ], [ 6.77216560742125, 52.544803910369197 ], [ 6.77218770124149, 52.544950084874799 ], [ 6.7722088408467, 52.545071423791498 ], [ 6.77140455753795, 52.546134586244897 ], [ 6.77124972180043, 52.546273022523998 ], [ 6.77109505053626, 52.546519364379201 ], [ 6.77090446321943, 52.547892405511 ], [ 6.77074003158609, 52.549076875488801 ], [ 6.77055924939261, 52.550379109508199 ], [ 6.77032667122999, 52.550756693798 ], [ 6.77006087821379, 52.551043930708303 ], [ 6.76968226299383, 52.551546095817599 ], [ 6.76963438515397, 52.551792020690797 ], [ 6.76970737981137, 52.551943740759903 ], [ 6.76977793296881, 52.552067989515699 ], [ 6.76971950003465, 52.552196281470302 ], [ 6.76916441187537, 52.552507098561101 ], [ 6.76878050334582, 52.5525200924343 ], [ 6.76858608037351, 52.552566511285598 ], [ 6.76781938508495, 52.553043997830997 ], [ 6.76722820215244, 52.553579686611798 ], [ 6.76711979688949, 52.553669583248897 ], [ 6.76661182525814, 52.5538362384507 ], [ 6.76599558296057, 52.554188418391803 ], [ 6.76562175460001, 52.554458490667699 ], [ 6.76525614176879, 52.554778711829201 ], [ 6.76510150591288, 52.555043390157998 ], [ 6.76496596162778, 52.555495460130302 ], [ 6.76512468010032, 52.555948591525102 ], [ 6.76529737565355, 52.556306762515298 ], [ 6.76563830270411, 52.556834468502402 ], [ 6.76552990851853, 52.556985454803097 ], [ 6.76553222289364, 52.557039189046201 ], [ 6.76571641048252, 52.557138592043998 ], [ 6.76577952357839, 52.557259087910502 ], [ 6.76590612828926, 52.557313244321598 ], [ 6.76596345314018, 52.5573377593456 ], [ 6.76600130281335, 52.557360548928301 ], [ 6.76708979639538, 52.558015963598798 ], [ 6.76719352198438, 52.5579635197725 ], [ 6.7670695255959, 52.557893381461803 ], [ 6.76713944536986, 52.557839589464201 ] ] ] ] } },
{ "type": "Feature", "properties": { "BEZ_GEM": "Gölenkamp", "SCH_GEM": "03456007", "BEZ_KRS": "Grafschaft Bentheim" }, "geometry": { "type": "MultiPolygon", "coordinates": [ [ [ [ 6.91285351777891, 52.552257282328704 ], [ 6.91601525545502, 52.552087040614303 ], [ 6.92169395192217, 52.553417949830298 ], [ 6.92295251605323, 52.552313391543201 ], [ 6.9231167275012, 52.5523346164277 ], [ 6.92587282753115, 52.552419548097099 ], [ 6.92611373571524, 52.551396384696297 ], [ 6.93117326571123, 52.551538260919003 ], [ 6.93115951630183, 52.551294679863403 ], [ 6.93393885427987, 52.551169273095901 ], [ 6.93488515924263, 52.549635632276001 ], [ 6.93692708719565, 52.549829679416597 ], [ 6.93810911069076, 52.550057716599802 ], [ 6.94262001444508, 52.550631302509103 ], [ 6.94269194643474, 52.550523934209401 ], [ 6.94284657498793, 52.550567174403398 ], [ 6.94686271193456, 52.545951475149501 ], [ 6.94691689320518, 52.544547474073497 ], [ 6.94699987070437, 52.544558175024299 ], [ 6.94876508158678, 52.541846322914303 ], [ 6.94829432720103, 52.541719400441998 ], [ 6.94823070408277, 52.5416479828015 ], [ 6.94868262909207, 52.541279877888599 ], [ 6.9498572795164, 52.5405992475525 ], [ 6.9503475000041, 52.540199969514902 ], [ 6.95047752775903, 52.540077417914802 ], [ 6.95058067917426, 52.539851176850597 ], [ 6.95053836819819, 52.539803417854301 ], [ 6.95000436157869, 52.539281645221401 ], [ 6.94891211932634, 52.537841321322702 ], [ 6.95310811002296, 52.5374625989541 ], [ 6.95314348271495, 52.537253795899801 ], [ 6.95309786401049, 52.5370077152592 ], [ 6.95291745909074, 52.5367618205319 ], [ 6.95266990973543, 52.536523395750599 ], [ 6.95223600416142, 52.536322387691598 ], [ 6.95184289713182, 52.536214338301498 ], [ 6.95128686207999, 52.536093396173399 ], [ 6.95100343111075, 52.535992457964198 ], [ 6.95082131172889, 52.535866028961699 ], [ 6.95061186006358, 52.535601464428296 ], [ 6.95053438310201, 52.535267252362402 ], [ 6.95064206659682, 52.534927615277198 ], [ 6.95076591548132, 52.534747409925998 ], [ 6.95101822051646, 52.534610970242397 ], [ 6.95304948111786, 52.533860707985497 ], [ 6.9535266040553, 52.533639314702697 ], [ 6.95383492435999, 52.533379213908198 ], [ 6.95393700057689, 52.533219759135797 ], [ 6.95437985367308, 52.532181150134001 ], [ 6.9543428486703, 52.531876593289297 ], [ 6.95421299063896, 52.531612511872801 ], [ 6.95395652392173, 52.531426806057297 ], [ 6.95389276753239, 52.5313805655762 ], [ 6.95345030140596, 52.531212412753199 ], [ 6.95304477699667, 52.531140838058199 ], [ 6.95258668113582, 52.5311724754132 ], [ 6.95138572198667, 52.5313161453752 ], [ 6.95114651469966, 52.531320545610001 ], [ 6.9508754788218, 52.531270714090297 ], [ 6.95047666825089, 52.531124706167503 ], [ 6.95020332289156, 52.5309788923201 ], [ 6.94996828868193, 52.530792469985997 ], [ 6.94987131552233, 52.530589017447603 ], [ 6.9498394864076, 52.530284818320197 ], [ 6.95028407826057, 52.529473022993798 ], [ 6.95028538822292, 52.529229642012602 ], [ 6.95020532200391, 52.529017760681398 ], [ 6.94970517486533, 52.528034670858901 ], [ 6.94971651006137, 52.527762870109903 ], [ 6.94981872662934, 52.5275402998491 ], [ 6.95014880954121, 52.527217644175501 ], [ 6.95059781721604, 52.526978242100199 ], [ 6.95100949678666, 52.526869200133497 ], [ 6.95215387963832, 52.526820406425699 ], [ 6.95251229000205, 52.526769332505097 ], [ 6.9527442806765, 52.526678664909802 ], [ 6.95290194106322, 52.526617102587601 ], [ 6.95318797477628, 52.526378737365697 ], [ 6.95335129138879, 52.526040149988397 ], [ 6.95353983715445, 52.525149372586 ], [ 6.95354706233821, 52.5247973849213 ], [ 6.95348981102298, 52.524586080179397 ], [ 6.95315036969842, 52.524239155385402 ], [ 6.95218934608613, 52.523383785236298 ], [ 6.9520290126914, 52.523196321651099 ], [ 6.95134417089666, 52.521877079851301 ], [ 6.95119868856735, 52.521208549247802 ], [ 6.95115394103941, 52.5202569973317 ], [ 6.95126799977283, 52.5197160566481 ], [ 6.9513909941879, 52.5193853155277 ], [ 6.95175576182001, 52.5186608796961 ], [ 6.95202951498805, 52.518265661149698 ], [ 6.95169813262496, 52.518196344333703 ], [ 6.95163827707203, 52.5182976689904 ], [ 6.95105174923125, 52.518137154110903 ], [ 6.94719107791261, 52.517825431131499 ], [ 6.94741526489018, 52.517271577264601 ], [ 6.94774380107299, 52.516306303434398 ], [ 6.94116309044803, 52.515297383057103 ], [ 6.94123991509249, 52.515148469174797 ], [ 6.94133394177533, 52.515022513597202 ], [ 6.94135231458545, 52.5149983759636 ], [ 6.94160141487934, 52.514704816307599 ], [ 6.94113030327593, 52.5146425604405 ], [ 6.94003078967861, 52.514121828652698 ], [ 6.93918272052786, 52.514012070416697 ], [ 6.93946920367535, 52.513612417168801 ], [ 6.93937329915054, 52.513484296771601 ], [ 6.93748785814838, 52.512779447351001 ], [ 6.93736642048481, 52.512824059859597 ], [ 6.93634574610826, 52.5124884216117 ], [ 6.93670754203973, 52.512409239351499 ], [ 6.93770409327255, 52.511105594232902 ], [ 6.93603371817045, 52.510520291389902 ], [ 6.93449935297991, 52.510303193208003 ], [ 6.93451968273537, 52.510247736759801 ], [ 6.93424050322944, 52.510253696964099 ], [ 6.93434063392963, 52.510202655231097 ], [ 6.93399662165723, 52.509806930005098 ], [ 6.93126837352491, 52.507027124742599 ], [ 6.93053015942013, 52.506244882866604 ], [ 6.9299764122595, 52.5056674581881 ], [ 6.92955467380897, 52.505517109337703 ], [ 6.92199908384875, 52.502932934692801 ], [ 6.91790250280455, 52.501477621111803 ], [ 6.91471391023839, 52.500956939861901 ], [ 6.91401868905267, 52.500843255019298 ], [ 6.91289829360196, 52.500660201747102 ], [ 6.91224868989616, 52.500554145027799 ], [ 6.90770892332889, 52.499811599477603 ], [ 6.90363589659207, 52.499146837444798 ], [ 6.90351118956372, 52.499126463855397 ], [ 6.90306247836594, 52.500369352061298 ], [ 6.90271303638114, 52.501674423186103 ], [ 6.90222884307606, 52.503809828986 ], [ 6.90114677000699, 52.504609332715603 ], [ 6.90120301253835, 52.5046597852199 ], [ 6.89895501730338, 52.506305740818703 ], [ 6.89873727792594, 52.506465163346597 ], [ 6.89871875154656, 52.506912173586599 ], [ 6.89863044665199, 52.508676493567599 ], [ 6.89858682980472, 52.509451616208999 ], [ 6.89860675606171, 52.5096486195702 ], [ 6.89861710963458, 52.5097528379385 ], [ 6.89866678239564, 52.510070769096103 ], [ 6.89852679123893, 52.510329941972998 ], [ 6.89714872885071, 52.5121103657604 ], [ 6.89385309310329, 52.516306270253303 ], [ 6.89027247076346, 52.517546534024298 ], [ 6.89005780994541, 52.517375369416698 ], [ 6.88986094815158, 52.517482996204599 ], [ 6.88966786138545, 52.517743396803802 ], [ 6.88905556828814, 52.5177121337274 ], [ 6.88763186903628, 52.5178224970226 ], [ 6.88315714771954, 52.518211344660102 ], [ 6.88321206410315, 52.518086667519697 ], [ 6.88303689865148, 52.5181056079645 ], [ 6.88283908604246, 52.5182356406116 ], [ 6.88235619176736, 52.518278538573597 ], [ 6.8821313639762, 52.518183544381003 ], [ 6.88160920647012, 52.518126800115297 ], [ 6.87779338792561, 52.516476499704197 ], [ 6.87674360376081, 52.516025159237003 ], [ 6.87639789902553, 52.515882998593298 ], [ 6.87660669180547, 52.5172870340147 ], [ 6.87661473389039, 52.517624549353997 ], [ 6.87669114096412, 52.517623403034101 ], [ 6.8768488870525, 52.5184755061712 ], [ 6.87692285357619, 52.519185204592702 ], [ 6.87696613030172, 52.519614663429103 ], [ 6.87700788833597, 52.520029168641699 ], [ 6.87704754252982, 52.520316447615002 ], [ 6.87708140346411, 52.520341782565701 ], [ 6.87711459870093, 52.520759955528902 ], [ 6.8772889647197, 52.520998758188497 ], [ 6.87779602848393, 52.521684125061803 ], [ 6.87979380154623, 52.524584176683398 ], [ 6.88003757417848, 52.524934367643702 ], [ 6.88021704630166, 52.525193308692302 ], [ 6.88092686616974, 52.5262164268674 ], [ 6.88141205515848, 52.526969632397901 ], [ 6.88166802711139, 52.527315002750001 ], [ 6.88267531831029, 52.528818558727998 ], [ 6.88341848013019, 52.529816001332698 ], [ 6.88374347486819, 52.5303608693225 ], [ 6.88395141702281, 52.530709331570399 ], [ 6.88413560327952, 52.530981568267798 ], [ 6.88468439751873, 52.531772582731499 ], [ 6.88585489270502, 52.533458771389803 ], [ 6.88723870833046, 52.535448720503702 ], [ 6.88834520655036, 52.536920725590001 ], [ 6.89039538444344, 52.539601938924697 ], [ 6.89050071811049, 52.539739501758902 ], [ 6.89121614077802, 52.540680018551903 ], [ 6.89164907708557, 52.541250254591397 ], [ 6.89329835709822, 52.543432333331999 ], [ 6.89539505642507, 52.546087665747997 ], [ 6.89566355179581, 52.546456334599398 ], [ 6.89629566102216, 52.547277545376097 ], [ 6.8961406517544, 52.547431514915701 ], [ 6.89610931707011, 52.547577792215797 ], [ 6.89550883304594, 52.548315556695798 ], [ 6.88988061975691, 52.553581966392201 ], [ 6.89013348145281, 52.5535816191924 ], [ 6.89429882178808, 52.553337500111198 ], [ 6.89609384737715, 52.553231762494001 ], [ 6.89759085597094, 52.553154332669997 ], [ 6.90167177121703, 52.552949546651398 ], [ 6.90852486617001, 52.5525683132621 ], [ 6.91264656241155, 52.552310009979998 ], [ 6.91285351777891, 52.552257282328704 ] ] ] ] } },
{ "type": "Feature", "properties": { "BEZ_GEM": "Halle", "SCH_GEM": "03456008", "BEZ_KRS": "Grafschaft Bentheim" }, "geometry": { "type": "MultiPolygon", "coordinates": [ [ [ [ 6.94631685077971, 52.482257454513203 ], [ 6.94746686281484, 52.482151534645197 ], [ 6.9477482729853, 52.482164960300601 ], [ 6.94845578826241, 52.482146034198401 ], [ 6.95179414394375, 52.482050228058398 ], [ 6.95198508088738, 52.482045621927497 ], [ 6.95444051006233, 52.481970541086 ], [ 6.95517339008304, 52.481926620975997 ], [ 6.95529365356649, 52.481953337492101 ], [ 6.96249054135534, 52.481764390294401 ], [ 6.96421860677057, 52.481662393486999 ], [ 6.96593645459867, 52.481572271568901 ], [ 6.96622186593518, 52.481173363591502 ], [ 6.96643035201482, 52.480836074018598 ], [ 6.96648395599072, 52.480663726024602 ], [ 6.96645668150742, 52.480562190562303 ], [ 6.96622089962999, 52.480351507324897 ], [ 6.96612476428511, 52.480219924284697 ], [ 6.96610250827299, 52.480025590954099 ], [ 6.9661295479603, 52.479945760247098 ], [ 6.96599999889588, 52.4798333212144 ], [ 6.96546145270623, 52.479364825523298 ], [ 6.96433874853083, 52.479220305896199 ], [ 6.96412185904879, 52.478799861730899 ], [ 6.96424953810297, 52.479207467762301 ], [ 6.95824173278531, 52.478342851883397 ], [ 6.95808718648529, 52.478277511507798 ], [ 6.95780538600425, 52.478088585646702 ], [ 6.9576589550926, 52.477933917449199 ], [ 6.95728667210038, 52.477342451904001 ], [ 6.95725829095588, 52.477287867623801 ], [ 6.95720712755317, 52.477208198606903 ], [ 6.95694911636857, 52.476806416388797 ], [ 6.95683346115079, 52.476613794277199 ], [ 6.95590333730602, 52.475125851452802 ], [ 6.95515366705025, 52.473921508243102 ], [ 6.95510509350532, 52.4738417211532 ], [ 6.95505250880086, 52.473759526835998 ], [ 6.95491908116335, 52.473550410250802 ], [ 6.95485374327083, 52.473447943783697 ], [ 6.95476727157998, 52.4733090550301 ], [ 6.95420685807056, 52.472369349086499 ], [ 6.95411513846201, 52.472257973566599 ], [ 6.95162568805176, 52.468296936502199 ], [ 6.95118811786349, 52.467594907567801 ], [ 6.95049632471286, 52.466507419745 ], [ 6.95044119736199, 52.466451794594803 ], [ 6.95032179284761, 52.466474092539201 ], [ 6.94843123788962, 52.466683994357098 ], [ 6.94647177025407, 52.466915868001799 ], [ 6.94641248334071, 52.466921222543 ], [ 6.94635039301328, 52.4669267082025 ], [ 6.94445036537614, 52.467158951332102 ], [ 6.94219269931701, 52.461155285181903 ], [ 6.94217842647464, 52.461114124363803 ], [ 6.94458801928618, 52.461117999340303 ], [ 6.94504063164119, 52.461119032421202 ], [ 6.9470165380241, 52.461123232790897 ], [ 6.9463941808179, 52.460132686020003 ], [ 6.9453198523068, 52.458423485527597 ], [ 6.94520168594389, 52.458258411816097 ], [ 6.94349674022138, 52.458478651400803 ], [ 6.94324833970472, 52.458518210552299 ], [ 6.94303018901597, 52.458546696076702 ], [ 6.94177534033475, 52.4587104491902 ], [ 6.94097424218322, 52.458818609680698 ], [ 6.94075895435777, 52.4588866146551 ], [ 6.94106509395512, 52.457947362810103 ], [ 6.94126877975992, 52.457702017866502 ], [ 6.94501527977551, 52.453265922719901 ], [ 6.94509267967843, 52.453180947157101 ], [ 6.94724188186635, 52.4524894993679 ], [ 6.94893484953186, 52.451929381361701 ], [ 6.9545192616938, 52.4501294977334 ], [ 6.95504846045383, 52.450326938956501 ], [ 6.95496174682446, 52.450102084350497 ], [ 6.95495172354214, 52.449908678521702 ], [ 6.95500857267832, 52.448605499954297 ], [ 6.95513787467552, 52.447485387294698 ], [ 6.95516335149047, 52.447157809196099 ], [ 6.95509570527671, 52.4469852565935 ], [ 6.95494811390203, 52.4467976536762 ], [ 6.95485895826376, 52.4467209405083 ], [ 6.95461939981212, 52.446587225313003 ], [ 6.95360817307696, 52.446056207933502 ], [ 6.95293679046256, 52.445568741884998 ], [ 6.95094989898568, 52.443898273681398 ], [ 6.95046545345297, 52.443341109687999 ], [ 6.95009277271996, 52.443032795128303 ], [ 6.94911970230854, 52.442361139191 ], [ 6.94896494718749, 52.442144900237999 ], [ 6.94894147227301, 52.442054755232299 ], [ 6.94904990585385, 52.440072829614003 ], [ 6.94907210330328, 52.439667191763597 ], [ 6.94897205780348, 52.4393883300243 ], [ 6.94758290288475, 52.437474691695499 ], [ 6.94728342746401, 52.436935021429399 ], [ 6.9473035558357, 52.436623563429102 ], [ 6.94718081413873, 52.436597514000397 ], [ 6.94713291167354, 52.436587357708497 ], [ 6.94691615815124, 52.436541359194301 ], [ 6.94681637699538, 52.4365201860399 ], [ 6.94516007272901, 52.436168729126102 ], [ 6.94405234976755, 52.435933657917403 ], [ 6.94309359866617, 52.435730184833297 ], [ 6.94258120769021, 52.435621441634297 ], [ 6.9423079104274, 52.435563435568298 ], [ 6.94217770275675, 52.435642472704501 ], [ 6.94209098986533, 52.4355894223687 ], [ 6.94215750041707, 52.435550341974903 ], [ 6.94203841292053, 52.435517669878102 ], [ 6.94165902830875, 52.435426515047503 ], [ 6.94138447057066, 52.435479227610102 ], [ 6.94109434003734, 52.435534923338999 ], [ 6.93929362347925, 52.435909966791897 ], [ 6.93767860494716, 52.436219804244303 ], [ 6.93537802698553, 52.436634910467603 ], [ 6.93508043857805, 52.436689301336898 ], [ 6.93363174487692, 52.436970238970801 ], [ 6.9327672229959, 52.437134753336203 ], [ 6.93273183290805, 52.437142424899903 ], [ 6.93269926123722, 52.437148662094799 ], [ 6.93268977497349, 52.437150474397903 ], [ 6.93178449669785, 52.437323674298199 ], [ 6.93009714065376, 52.437646494128003 ], [ 6.9297244171827, 52.4377184028016 ], [ 6.92842254446637, 52.437966816080802 ], [ 6.92839614872405, 52.437971847519101 ], [ 6.92837445868561, 52.437975990299897 ], [ 6.92835812835922, 52.437979103026301 ], [ 6.92833836882145, 52.437982866008198 ], [ 6.92831219568163, 52.437987856369702 ], [ 6.92823884272942, 52.438001838947002 ], [ 6.92819901109778, 52.4380094403162 ], [ 6.92816053072585, 52.438016777616497 ], [ 6.92689617039965, 52.438259294579296 ], [ 6.92686595735605, 52.438265085981598 ], [ 6.92352157608868, 52.438906608010697 ], [ 6.92346343464005, 52.438917752658298 ], [ 6.92328399126092, 52.438952159294701 ], [ 6.92112386410165, 52.4393663188281 ], [ 6.91996082415045, 52.439589296123302 ], [ 6.91993850833555, 52.439593570224297 ], [ 6.91960690011354, 52.4396571518336 ], [ 6.91946234532531, 52.439685126080299 ], [ 6.9175712040433, 52.440047414222398 ], [ 6.91728169840298, 52.440102910016599 ], [ 6.91658777531183, 52.440235936500997 ], [ 6.91467368213159, 52.440602773533897 ], [ 6.91394710806426, 52.440742015465503 ], [ 6.91338006190372, 52.440850673199201 ], [ 6.91208429362193, 52.441098565818599 ], [ 6.91172965584041, 52.441166367503001 ], [ 6.91164920242707, 52.441181230500497 ], [ 6.91157157943775, 52.441196602027198 ], [ 6.90945358114428, 52.441601627663601 ], [ 6.90858770730941, 52.441767174266197 ], [ 6.90813549847872, 52.441853695474499 ], [ 6.90703934996564, 52.4420632981656 ], [ 6.90694580098444, 52.442081190169901 ], [ 6.90646977025406, 52.442172210803498 ], [ 6.90630240598024, 52.442204216083098 ], [ 6.90620829219722, 52.442222214398498 ], [ 6.90615765691568, 52.442231891975702 ], [ 6.90609806718041, 52.442243290223097 ], [ 6.90607952058379, 52.442246837203399 ], [ 6.9050858082315, 52.442498016007498 ], [ 6.90496791535635, 52.442528090599303 ], [ 6.90457772605284, 52.442626433571299 ], [ 6.90457066679343, 52.4426282147151 ], [ 6.90386704565718, 52.442806071115399 ], [ 6.90260622119273, 52.443124751190801 ], [ 6.9023039698597, 52.443201142180797 ], [ 6.90209587531217, 52.443253738450203 ], [ 6.90041687843763, 52.443678073139303 ], [ 6.90037867460369, 52.4436877442404 ], [ 6.89883815060843, 52.444077595439403 ], [ 6.89874433006917, 52.444101338845599 ], [ 6.8977062987952, 52.444363951244704 ], [ 6.89677307047611, 52.444600031916998 ], [ 6.89657105219945, 52.444651135085401 ], [ 6.89568464685906, 52.444875253917999 ], [ 6.89535818003887, 52.444957796274302 ], [ 6.89465580606767, 52.445135377722202 ], [ 6.89298215148037, 52.445558497915997 ], [ 6.89285043201826, 52.445591793941702 ], [ 6.89244697600732, 52.445693772193202 ], [ 6.89211649108573, 52.4457773040698 ], [ 6.89115992886549, 52.446019084168697 ], [ 6.89084230417791, 52.446099460976598 ], [ 6.88994800862055, 52.446325779222903 ], [ 6.88968284986052, 52.446392747348597 ], [ 6.88906386218415, 52.446548927011001 ], [ 6.88860351708805, 52.446629860635497 ], [ 6.88737048080754, 52.446847546757397 ], [ 6.88720201557188, 52.446877284530899 ], [ 6.88567792392836, 52.447146283020302 ], [ 6.88561805033418, 52.447156901634202 ], [ 6.88547401211291, 52.4471823261241 ], [ 6.88502491639919, 52.447260084145697 ], [ 6.8849181048859, 52.447280383168803 ], [ 6.88290320726279, 52.447635680190203 ], [ 6.88283847686393, 52.447647199536 ], [ 6.88198885058805, 52.447797044936401 ], [ 6.88171594739858, 52.447844632008803 ], [ 6.88003222740647, 52.448142511095497 ], [ 6.8796700033172, 52.4482060708552 ], [ 6.8766481285534, 52.448738950607499 ], [ 6.87651393667667, 52.448762607835498 ], [ 6.87612655157706, 52.448831055033203 ], [ 6.87605672368511, 52.448843225438097 ], [ 6.87526913885803, 52.448982097290603 ], [ 6.8745038852679, 52.449116770562597 ], [ 6.87445000878261, 52.449126511257496 ], [ 6.87435363375934, 52.449143508577102 ], [ 6.87432112801274, 52.449149236425001 ], [ 6.87370531604172, 52.449255245750201 ], [ 6.87364957514698, 52.449267632125299 ], [ 6.87226779192386, 52.449511242265999 ], [ 6.87098342502626, 52.449737662772499 ], [ 6.87037778859491, 52.449844422575097 ], [ 6.86979861517516, 52.4499465127547 ], [ 6.86963241776872, 52.449976329442698 ], [ 6.86946506591466, 52.450005666509497 ], [ 6.86941130019785, 52.450015200105099 ], [ 6.8692986769583, 52.450035173555897 ], [ 6.8670742917622, 52.450429641716198 ], [ 6.86525609462396, 52.450752031902503 ], [ 6.86422416583198, 52.450933661742802 ], [ 6.86409413303162, 52.450958072463102 ], [ 6.86328083040333, 52.451102775540697 ], [ 6.86323467229837, 52.451110456630403 ], [ 6.86252975714634, 52.451235443013097 ], [ 6.86243812490041, 52.451251257559299 ], [ 6.86214988306596, 52.451301957303897 ], [ 6.86193056538167, 52.451341673855801 ], [ 6.86182088965632, 52.451361118048602 ], [ 6.86099607351094, 52.451232612947798 ], [ 6.86088298358283, 52.451214093747097 ], [ 6.86037892069336, 52.451136706322004 ], [ 6.8602690430075, 52.451119332679703 ], [ 6.85981115207465, 52.451047993727201 ], [ 6.85726348621278, 52.450651011822004 ], [ 6.85713538409665, 52.450631047987301 ], [ 6.85658982807806, 52.450546148316697 ], [ 6.85598938138432, 52.450452706512998 ], [ 6.85432509689819, 52.450193697132498 ], [ 6.85315026870165, 52.450010857353199 ], [ 6.8525471489654, 52.449916989727299 ], [ 6.85281714094971, 52.451434194217498 ], [ 6.85291966737325, 52.452010403951199 ], [ 6.8531145598033, 52.453105593934097 ], [ 6.8532429901638, 52.453827483485597 ], [ 6.85327805541426, 52.453858827451 ], [ 6.85339336584377, 52.454672600338299 ], [ 6.85346085786159, 52.454793795381697 ], [ 6.85341893294814, 52.454816305206798 ], [ 6.85351594128244, 52.455351932389597 ], [ 6.85375458029311, 52.456669474650397 ], [ 6.8540170693296, 52.4581185505116 ], [ 6.85401897350296, 52.458129033632801 ], [ 6.85407583091512, 52.458472647071702 ], [ 6.85409898388386, 52.458570737038499 ], [ 6.85414441473914, 52.458821535705901 ], [ 6.85415839737067, 52.458889057692502 ], [ 6.85430345451142, 52.459699511215497 ], [ 6.85497865127942, 52.460010733053103 ], [ 6.85606161797609, 52.460568538201102 ], [ 6.85743785869036, 52.4612656266372 ], [ 6.8593359465346, 52.462230933305399 ], [ 6.86079271923319, 52.462960371666 ], [ 6.86120355358448, 52.463170749944503 ], [ 6.86139708314945, 52.463272171744499 ], [ 6.86145639376407, 52.463299860359797 ], [ 6.86284937964004, 52.463995118957698 ], [ 6.86325422021125, 52.4642050219244 ], [ 6.86372872429103, 52.464450890634097 ], [ 6.8637880172178, 52.4644911663271 ], [ 6.86452118123537, 52.4649896997756 ], [ 6.86782985128242, 52.467133537525399 ], [ 6.8693667084963, 52.468155826908799 ], [ 6.87055757771235, 52.467669779007203 ], [ 6.88039871497226, 52.463681307545201 ], [ 6.88106401374923, 52.463414125259199 ], [ 6.88217792285043, 52.462964887831802 ], [ 6.88375865911455, 52.4630119823697 ], [ 6.88483769731518, 52.463046665415803 ], [ 6.89000002572422, 52.463222971034803 ], [ 6.8932733935843, 52.463333040236101 ], [ 6.89518109534547, 52.463389853133897 ], [ 6.89647343765878, 52.4633942375294 ], [ 6.89777248534701, 52.463406504914197 ], [ 6.90135845497051, 52.4633824893168 ], [ 6.90323085341638, 52.463389360475702 ], [ 6.90555434948283, 52.466871337444999 ], [ 6.90580492677652, 52.467252801107797 ], [ 6.90622647451007, 52.468455454140198 ], [ 6.90669130363716, 52.469863434521699 ], [ 6.90678893789559, 52.470160902523801 ], [ 6.90696550068945, 52.470712616340599 ], [ 6.90730451874896, 52.471745288759699 ], [ 6.90761655515181, 52.472702688926901 ], [ 6.90770594252941, 52.472960086548902 ], [ 6.90783159639159, 52.473331422093899 ], [ 6.90836013741534, 52.474487942388301 ], [ 6.90913568735238, 52.476236889211798 ], [ 6.91010549860481, 52.478375009941203 ], [ 6.910363871172, 52.478911078811002 ], [ 6.91043360195461, 52.4791549986276 ], [ 6.9104739032788, 52.479302096623499 ], [ 6.91107454554386, 52.481376586680398 ], [ 6.91109890830796, 52.481465406005299 ], [ 6.91113983514852, 52.481621146830797 ], [ 6.91259639764145, 52.481956990119699 ], [ 6.91505459233804, 52.482533203294302 ], [ 6.92406223036349, 52.482819520047499 ], [ 6.9264912639162, 52.482900724296002 ], [ 6.93289597619674, 52.483339491909298 ], [ 6.93308870516519, 52.483353380607497 ], [ 6.93402479182055, 52.483407501628399 ], [ 6.93570531367273, 52.483233633019402 ], [ 6.93871616329854, 52.482975573123902 ], [ 6.94117026062246, 52.482764843434303 ], [ 6.94232850923815, 52.482631332372897 ], [ 6.94573204546327, 52.482316804003098 ], [ 6.94605566146056, 52.482271531585603 ], [ 6.94631685077971, 52.482257454513203 ] ] ] ] } },
{ "type": "Feature", "properties": { "BEZ_GEM": "Uelsen", "SCH_GEM": "03456023", "BEZ_KRS": "Grafschaft Bentheim" }, "geometry": { "type": "MultiPolygon", "coordinates": [ [ [ [ 6.88303689865148, 52.5181056079645 ], [ 6.88321206410315, 52.518086667519697 ], [ 6.88315714771954, 52.518211344660102 ], [ 6.88763186903628, 52.5178224970226 ], [ 6.88905556828814, 52.5177121337274 ], [ 6.88966786138545, 52.517743396803802 ], [ 6.88986094815158, 52.517482996204599 ], [ 6.89005780994541, 52.517375369416698 ], [ 6.89027247076346, 52.517546534024298 ], [ 6.89385309310329, 52.516306270253303 ], [ 6.89714872885071, 52.5121103657604 ], [ 6.89852679123893, 52.510329941972998 ], [ 6.89866678239564, 52.510070769096103 ], [ 6.89861710963458, 52.5097528379385 ], [ 6.89860675606171, 52.5096486195702 ], [ 6.89858682980472, 52.509451616208999 ], [ 6.89863044665199, 52.508676493567599 ], [ 6.89871875154656, 52.506912173586599 ], [ 6.89873727792594, 52.506465163346597 ], [ 6.89895501730338, 52.506305740818703 ], [ 6.90120301253835, 52.5046597852199 ], [ 6.90114677000699, 52.504609332715603 ], [ 6.90222884307606, 52.503809828986 ], [ 6.90271303638114, 52.501674423186103 ], [ 6.90306247836594, 52.500369352061298 ], [ 6.90351118956372, 52.499126463855397 ], [ 6.90363589659207, 52.499146837444798 ], [ 6.90770892332889, 52.499811599477603 ], [ 6.91224868989616, 52.500554145027799 ], [ 6.91289829360196, 52.500660201747102 ], [ 6.91401868905267, 52.500843255019298 ], [ 6.91471391023839, 52.500956939861901 ], [ 6.91790250280455, 52.501477621111803 ], [ 6.91848808601516, 52.500001685030099 ], [ 6.91856117579272, 52.499817471902098 ], [ 6.91868041791398, 52.499517088475002 ], [ 6.91919821924096, 52.498211788009101 ], [ 6.9209751498613, 52.493710124396301 ], [ 6.92170958518979, 52.491078743438898 ], [ 6.92209786673741, 52.489742020838399 ], [ 6.92210464474601, 52.489695113152202 ], [ 6.92249052808609, 52.488336856784102 ], [ 6.92284660451722, 52.487116728138297 ], [ 6.92300615777976, 52.4865096207497 ], [ 6.92325429940202, 52.485710296775999 ], [ 6.92336908156554, 52.485252924370698 ], [ 6.92362717801063, 52.484357652675897 ], [ 6.9239806004241, 52.483086130927497 ], [ 6.92406223036349, 52.482819520047499 ], [ 6.91505459233804, 52.482533203294302 ], [ 6.91259639764145, 52.481956990119699 ], [ 6.91113983514852, 52.481621146830797 ], [ 6.91109890830796, 52.481465406005299 ], [ 6.91107454554386, 52.481376586680398 ], [ 6.9104739032788, 52.479302096623499 ], [ 6.91043360195461, 52.4791549986276 ], [ 6.910363871172, 52.478911078811002 ], [ 6.91010549860481, 52.478375009941203 ], [ 6.90913568735238, 52.476236889211798 ], [ 6.90836013741534, 52.474487942388301 ], [ 6.90783159639159, 52.473331422093899 ], [ 6.90770594252941, 52.472960086548902 ], [ 6.90761655515181, 52.472702688926901 ], [ 6.90730451874896, 52.471745288759699 ], [ 6.90696550068945, 52.470712616340599 ], [ 6.90678893789559, 52.470160902523801 ], [ 6.90669130363716, 52.469863434521699 ], [ 6.90622647451007, 52.468455454140198 ], [ 6.90580492677652, 52.467252801107797 ], [ 6.90555434948283, 52.466871337444999 ], [ 6.90323085341638, 52.463389360475702 ], [ 6.90135845497051, 52.4633824893168 ], [ 6.89777248534701, 52.463406504914197 ], [ 6.89647343765878, 52.4633942375294 ], [ 6.89518109534547, 52.463389853133897 ], [ 6.8932733935843, 52.463333040236101 ], [ 6.89000002572422, 52.463222971034803 ], [ 6.88483769731518, 52.463046665415803 ], [ 6.88375865911455, 52.4630119823697 ], [ 6.88217792285043, 52.462964887831802 ], [ 6.88106401374923, 52.463414125259199 ], [ 6.88039871497226, 52.463681307545201 ], [ 6.87055757771235, 52.467669779007203 ], [ 6.8693667084963, 52.468155826908799 ], [ 6.86754686496569, 52.473811619506698 ], [ 6.86693517156715, 52.475979219088501 ], [ 6.86674317515128, 52.480994456070803 ], [ 6.86646053923747, 52.482619755440197 ], [ 6.86629087043889, 52.483535658944099 ], [ 6.86612190793292, 52.484619362303697 ], [ 6.86414604096713, 52.48545850995 ], [ 6.86331945196603, 52.485771421197498 ], [ 6.85918152928858, 52.487486324953501 ], [ 6.85903952218012, 52.4875472366842 ], [ 6.85635992845141, 52.488651901769998 ], [ 6.85582571179098, 52.488891102883699 ], [ 6.84934194634828, 52.491452596216099 ], [ 6.84784422562251, 52.492080318157498 ], [ 6.84681800367714, 52.492500262228802 ], [ 6.84637927397955, 52.492654577095202 ], [ 6.84544045942083, 52.4930488466348 ], [ 6.84553662196912, 52.493435521174803 ], [ 6.84645362882036, 52.497122447509398 ], [ 6.84715329779806, 52.497894275250502 ], [ 6.8524728215281, 52.503761659493499 ], [ 6.85357445913905, 52.504420073826701 ], [ 6.85956510179888, 52.508298620800602 ], [ 6.86132637098539, 52.509425588003701 ], [ 6.86404439192651, 52.510633379206702 ], [ 6.87639789902553, 52.515882998593298 ], [ 6.87674360376081, 52.516025159237003 ], [ 6.87779338792561, 52.516476499704197 ], [ 6.88160920647012, 52.518126800115297 ], [ 6.8821313639762, 52.518183544381003 ], [ 6.88235619176736, 52.518278538573597 ], [ 6.88283908604246, 52.5182356406116 ], [ 6.88303689865148, 52.5181056079645 ] ] ] ] } },
{ "type": "Feature", "properties": { "BEZ_GEM": "Neuenhaus", "SCH_GEM": "03456014", "BEZ_KRS": "Grafschaft Bentheim" }, "geometry": { "type": "MultiPolygon", "coordinates": [ [ [ [ 7.00577572339455, 52.524974389793499 ], [ 7.00579248597803, 52.524552338484497 ], [ 7.00594893175949, 52.5234483831413 ], [ 7.00596361932497, 52.523068826870897 ], [ 7.00602678718546, 52.5229044466045 ], [ 7.00615830539396, 52.522724853499199 ], [ 7.00639659255758, 52.522430348790003 ], [ 7.00638166754439, 52.5223761478968 ], [ 7.0067083131921, 52.521932432699998 ], [ 7.00687551125223, 52.521700461596197 ], [ 7.00693475180108, 52.521285069003902 ], [ 7.00681291097531, 52.521261184941501 ], [ 7.00669871530887, 52.5214444694207 ], [ 7.00648658229557, 52.521607545063603 ], [ 7.00522695156737, 52.521312251442801 ], [ 7.00527738273732, 52.521254269849898 ], [ 7.00573576741244, 52.520340990492798 ], [ 7.00620876098977, 52.519566875344303 ], [ 7.0063251628321, 52.519562003287199 ], [ 7.00640771626895, 52.519558547904097 ], [ 7.00670956895698, 52.5190538027055 ], [ 7.00723514591173, 52.517964902289101 ], [ 7.00707353785585, 52.517840272386898 ], [ 7.00749164810893, 52.517305257695703 ], [ 7.0079166762302, 52.516847757499399 ], [ 7.00791587589836, 52.516807785471798 ], [ 7.00804178174488, 52.516695622502397 ], [ 7.00791376076681, 52.516703051977103 ], [ 7.00791244812577, 52.516637265506397 ], [ 7.00754946968467, 52.5165958791804 ], [ 7.00723786327829, 52.516587582844799 ], [ 7.0071491052671, 52.516508436559398 ], [ 7.00711454415738, 52.5162794683865 ], [ 7.00722541833838, 52.515649471007897 ], [ 7.00774130802721, 52.515619091107503 ], [ 7.00882001428961, 52.515698780492698 ], [ 7.00952199116861, 52.515571322527698 ], [ 7.01019190755454, 52.515286328356297 ], [ 7.01062172660519, 52.515075340210899 ], [ 7.01106378773327, 52.515234073945301 ], [ 7.01079286271623, 52.514393653449801 ], [ 7.01067467351838, 52.513741242738597 ], [ 7.01075215800511, 52.513490871476101 ], [ 7.01189785304149, 52.511712624742799 ], [ 7.01203220070639, 52.5114533804242 ], [ 7.0123819544452, 52.510393962333197 ], [ 7.0137254402999, 52.5062577428642 ], [ 7.01406451544485, 52.505224764306398 ], [ 7.01424787268679, 52.504666012415498 ], [ 7.01437303740638, 52.504278867868699 ], [ 7.01444407410079, 52.504056259765598 ], [ 7.01491862281489, 52.504008566100097 ], [ 7.01459176959388, 52.503558177367204 ], [ 7.01415159043698, 52.502428459373498 ], [ 7.01399275440607, 52.502065679861097 ], [ 7.01403694710247, 52.501961310174401 ], [ 7.01355379128313, 52.5018768591625 ], [ 7.01361760974202, 52.501291499601997 ], [ 7.0140270298254, 52.4987134724283 ], [ 7.01435159227181, 52.498694014395397 ], [ 7.01469622483068, 52.498709779682898 ], [ 7.01486487233194, 52.498720612561698 ], [ 7.01519240245803, 52.498769358258699 ], [ 7.01556179047678, 52.498857019506303 ], [ 7.01598951298364, 52.498837920832301 ], [ 7.01636820160012, 52.498729197460698 ], [ 7.01666004848353, 52.498590765295802 ], [ 7.01623973240114, 52.498236336226299 ], [ 7.01623481522019, 52.497712376934402 ], [ 7.01611589551301, 52.4977218018375 ], [ 7.0160968892274, 52.4974512319125 ], [ 7.01605703744178, 52.497366815869803 ], [ 7.01566372976679, 52.497375450352997 ], [ 7.0153178084105, 52.497295960780598 ], [ 7.0144693784284, 52.496948314250602 ], [ 7.01428658541967, 52.496869689470898 ], [ 7.0131911727331, 52.496606912975601 ], [ 7.0124806258127, 52.4963209123365 ], [ 7.01187627345463, 52.496199889747402 ], [ 7.01127128447861, 52.496064646618102 ], [ 7.01112783878003, 52.495948742866901 ], [ 7.0109984955535, 52.495940471706703 ], [ 7.01089834823938, 52.495893110356398 ], [ 7.01069436643846, 52.495684608649498 ], [ 7.01002820811524, 52.495164389040298 ], [ 7.00955181072528, 52.494937670713703 ], [ 7.00937260715853, 52.494711807182803 ], [ 7.00913728338528, 52.494564727336403 ], [ 7.00876593958621, 52.494556948042103 ], [ 7.00869140621464, 52.494122522856401 ], [ 7.00881304745411, 52.493707764873001 ], [ 7.00892501968855, 52.493506952054403 ], [ 7.00824709855672, 52.493211979358797 ], [ 7.00831734228768, 52.492774452776402 ], [ 7.0082108917326, 52.492755630175402 ], [ 7.00837591335217, 52.491582109051201 ], [ 7.00844104378747, 52.491486141310403 ], [ 7.00885790965371, 52.491161998703902 ], [ 7.00921752905675, 52.490862589160898 ], [ 7.0093612092276, 52.490787922321402 ], [ 7.01061893294721, 52.490293630183601 ], [ 7.01093484804377, 52.490117816338397 ], [ 7.01103301007697, 52.489973874986198 ], [ 7.01099714815459, 52.488730173428003 ], [ 7.01105223485597, 52.488667232388899 ], [ 7.01157864037968, 52.4879696216572 ], [ 7.01194754587576, 52.487070476020399 ], [ 7.01127411517548, 52.486303589795703 ], [ 7.01119915725058, 52.485548904399003 ], [ 7.01188054948518, 52.485592343285198 ], [ 7.01189201951948, 52.485559114275198 ], [ 7.01179735197667, 52.485487415363401 ], [ 7.01183839052396, 52.485407962997698 ], [ 7.01192442259538, 52.485380483133902 ], [ 7.01202595226002, 52.485416942275599 ], [ 7.01250946761883, 52.485267894956799 ], [ 7.01266987140975, 52.485208224485902 ], [ 7.01290137244143, 52.484679631016299 ], [ 7.01289120184665, 52.484640274706798 ], [ 7.01283640515332, 52.484428392908796 ], [ 7.01301420620644, 52.483944124744497 ], [ 7.01261048593451, 52.483660399924197 ], [ 7.01253977980413, 52.483558406837901 ], [ 7.01242056636798, 52.483488939440797 ], [ 7.01239792048325, 52.483475745825103 ], [ 7.01229920047857, 52.483418221878203 ], [ 7.01225231581696, 52.483390908662201 ], [ 7.01219710052959, 52.483367070042597 ], [ 7.0121415099588, 52.48334306324 ], [ 7.01231610258821, 52.483182512083403 ], [ 7.01258401611009, 52.483056114459401 ], [ 7.01272260449198, 52.4830459987989 ], [ 7.01301120399222, 52.483018055270001 ], [ 7.01310214742596, 52.483009251740697 ], [ 7.01321368861649, 52.482946997343902 ], [ 7.01332009767655, 52.482812337105699 ], [ 7.0133530124741, 52.482734267340803 ], [ 7.01333453773443, 52.482374912964197 ], [ 7.01365410145454, 52.482191123888001 ], [ 7.01390456017674, 52.482139752897297 ], [ 7.01425279924079, 52.482101676263802 ], [ 7.01479658507951, 52.482090187322903 ], [ 7.01529845248514, 52.482169068470597 ], [ 7.01560974408676, 52.482169490317403 ], [ 7.0159293269951, 52.482036731854201 ], [ 7.01676524734339, 52.481519734617102 ], [ 7.01683904278198, 52.481349232325698 ], [ 7.01669421203849, 52.481003593993997 ], [ 7.0155260988662, 52.479363441514998 ], [ 7.01527656241191, 52.478954056081498 ], [ 7.01456964812099, 52.4780413118186 ], [ 7.01450413090498, 52.477927519984298 ], [ 7.01425350755283, 52.477788869507499 ], [ 7.0140227191329, 52.477665315800699 ], [ 7.0138476472129, 52.477494861940599 ], [ 7.01377728344778, 52.477360244619703 ], [ 7.01377360919044, 52.477141057174698 ], [ 7.01396128695795, 52.476900176491398 ], [ 7.01428360105055, 52.476802814517399 ], [ 7.01461708383479, 52.476735689155703 ], [ 7.01271454994859, 52.475555846503397 ], [ 7.01351651354711, 52.474345919836203 ], [ 7.01412024917508, 52.4732894731684 ], [ 7.01420322694186, 52.473045754883501 ], [ 7.01404495011565, 52.472823161926797 ], [ 7.01363414044518, 52.471811358437797 ], [ 7.01340968832459, 52.471108219454699 ], [ 7.01329705802916, 52.470565480958903 ], [ 7.0133362419022, 52.469681542821903 ], [ 7.01351263293401, 52.469097262677202 ], [ 7.0132263300444, 52.468909563212399 ], [ 7.01286930241203, 52.468085865438297 ], [ 7.01268120007706, 52.468032351321597 ], [ 7.01236278208339, 52.467306230449601 ], [ 7.01187448298248, 52.466932781828802 ], [ 7.01019617561862, 52.465490061009604 ], [ 7.00154756283035, 52.458306698400499 ], [ 7.00013534916218, 52.457136276918298 ], [ 6.99984936898117, 52.456899247943902 ], [ 6.99896488614965, 52.456158466607 ], [ 6.99862498036242, 52.456619345360899 ], [ 6.99854256710532, 52.456733277519298 ], [ 6.99660467157856, 52.459371434268597 ], [ 6.99457892859662, 52.462129565375598 ], [ 6.99451162230113, 52.462468668497102 ], [ 6.99450895990772, 52.462494204630403 ], [ 6.99449768370509, 52.462538890786099 ], [ 6.99408694059627, 52.464627700947503 ], [ 6.99402584063753, 52.464908166465797 ], [ 6.99391017841177, 52.4654884414634 ], [ 6.9938342195769, 52.465555624332403 ], [ 6.99244205691481, 52.466805612867603 ], [ 6.99182876485366, 52.467355649857602 ], [ 6.99179946367636, 52.467373180546197 ], [ 6.99025274974589, 52.468258137050299 ], [ 6.98938700905872, 52.468755891413601 ], [ 6.98821825857012, 52.469421808393001 ], [ 6.98761223690845, 52.469768574111697 ], [ 6.98689240949437, 52.469477886493202 ], [ 6.98500056184779, 52.468712466944503 ], [ 6.98354542365818, 52.468123975153397 ], [ 6.98308488344758, 52.467937717351901 ], [ 6.98301471644317, 52.4679093387414 ], [ 6.98206708036207, 52.467526068475003 ], [ 6.98187252811866, 52.467447047446498 ], [ 6.98180800673261, 52.467420805566199 ], [ 6.97973427649616, 52.466577897692197 ], [ 6.97860995006123, 52.4661208608482 ], [ 6.97820640899059, 52.465956814363302 ], [ 6.97753384711879, 52.465683403547501 ], [ 6.97735522441078, 52.465674719597096 ], [ 6.97618643100695, 52.465578562346003 ], [ 6.97682222469404, 52.467338684409299 ], [ 6.97713200739723, 52.46828306642 ], [ 6.97760653427929, 52.469540675742202 ], [ 6.97900324493004, 52.470416785145801 ], [ 6.97699416915373, 52.471011221067997 ], [ 6.97714492201035, 52.4713134026075 ], [ 6.97713314045778, 52.472221900002502 ], [ 6.9773944527054, 52.472450801841902 ], [ 6.97735329617473, 52.472584073897401 ], [ 6.97727745078646, 52.472616495428099 ], [ 6.97711784102481, 52.472714975622701 ], [ 6.97620130664257, 52.473102786732802 ], [ 6.97568516987984, 52.473161390393301 ], [ 6.97624995592349, 52.4732635542277 ], [ 6.97951745029161, 52.473722638698 ], [ 6.9778094041146, 52.477186618674097 ], [ 6.97490059780187, 52.477154288982803 ], [ 6.97425260566799, 52.477142561806197 ], [ 6.97361026922384, 52.477151968503001 ], [ 6.97292192625896, 52.477133877872099 ], [ 6.97329389822135, 52.477258943148399 ], [ 6.97359473957218, 52.477656495041998 ], [ 6.97390430225894, 52.478014991824701 ], [ 6.97391925682065, 52.478111611790602 ], [ 6.96641289586065, 52.479490420480197 ], [ 6.96546145270623, 52.479364825523298 ], [ 6.96599999889588, 52.4798333212144 ], [ 6.9661295479603, 52.479945760247098 ], [ 6.96610250827299, 52.480025590954099 ], [ 6.96612476428511, 52.480219924284697 ], [ 6.96622089962999, 52.480351507324897 ], [ 6.96645668150742, 52.480562190562303 ], [ 6.96648395599072, 52.480663726024602 ], [ 6.96643035201482, 52.480836074018598 ], [ 6.96622186593518, 52.481173363591502 ], [ 6.96593645459867, 52.481572271568901 ], [ 6.96421860677057, 52.481662393486999 ], [ 6.96249054135534, 52.481764390294401 ], [ 6.95529365356649, 52.481953337492101 ], [ 6.95517339008304, 52.481926620975997 ], [ 6.95444051006233, 52.481970541086 ], [ 6.95198508088738, 52.482045621927497 ], [ 6.95179414394375, 52.482050228058398 ], [ 6.94845578826241, 52.482146034198401 ], [ 6.9477482729853, 52.482164960300601 ], [ 6.94746686281484, 52.482151534645197 ], [ 6.94631685077971, 52.482257454513203 ], [ 6.94605566146056, 52.482271531585603 ], [ 6.94573204546327, 52.482316804003098 ], [ 6.94232850923815, 52.482631332372897 ], [ 6.94117026062246, 52.482764843434303 ], [ 6.93871616329854, 52.482975573123902 ], [ 6.93570531367273, 52.483233633019402 ], [ 6.93402479182055, 52.483407501628399 ], [ 6.93308870516519, 52.483353380607497 ], [ 6.93289597619674, 52.483339491909298 ], [ 6.9264912639162, 52.482900724296002 ], [ 6.92406223036349, 52.482819520047499 ], [ 6.9239806004241, 52.483086130927497 ], [ 6.92362717801063, 52.484357652675897 ], [ 6.92336908156554, 52.485252924370698 ], [ 6.92325429940202, 52.485710296775999 ], [ 6.92300615777976, 52.4865096207497 ], [ 6.92284660451722, 52.487116728138297 ], [ 6.92249052808609, 52.488336856784102 ], [ 6.92210464474601, 52.489695113152202 ], [ 6.92209786673741, 52.489742020838399 ], [ 6.92170958518979, 52.491078743438898 ], [ 6.9209751498613, 52.493710124396301 ], [ 6.91919821924096, 52.498211788009101 ], [ 6.91868041791398, 52.499517088475002 ], [ 6.91856117579272, 52.499817471902098 ], [ 6.91848808601516, 52.500001685030099 ], [ 6.91790250280455, 52.501477621111803 ], [ 6.92199908384875, 52.502932934692801 ], [ 6.92955467380897, 52.505517109337703 ], [ 6.9299764122595, 52.5056674581881 ], [ 6.93053015942013, 52.506244882866604 ], [ 6.93126837352491, 52.507027124742599 ], [ 6.93399662165723, 52.509806930005098 ], [ 6.93434063392963, 52.510202655231097 ], [ 6.93424050322944, 52.510253696964099 ], [ 6.93451968273537, 52.510247736759801 ], [ 6.93449935297991, 52.510303193208003 ], [ 6.93603371817045, 52.510520291389902 ], [ 6.93770409327255, 52.511105594232902 ], [ 6.93670754203973, 52.512409239351499 ], [ 6.93634574610826, 52.5124884216117 ], [ 6.93736642048481, 52.512824059859597 ], [ 6.93748785814838, 52.512779447351001 ], [ 6.93937329915054, 52.513484296771601 ], [ 6.93946920367535, 52.513612417168801 ], [ 6.93918272052786, 52.514012070416697 ], [ 6.94003078967861, 52.514121828652698 ], [ 6.94113030327593, 52.5146425604405 ], [ 6.94160141487934, 52.514704816307599 ], [ 6.94135231458545, 52.5149983759636 ], [ 6.94133394177533, 52.515022513597202 ], [ 6.94123991509249, 52.515148469174797 ], [ 6.94116309044803, 52.515297383057103 ], [ 6.94774380107299, 52.516306303434398 ], [ 6.94741526489018, 52.517271577264601 ], [ 6.94719107791261, 52.517825431131499 ], [ 6.95105174923125, 52.518137154110903 ], [ 6.95163827707203, 52.5182976689904 ], [ 6.95169813262496, 52.518196344333703 ], [ 6.95202951498805, 52.518265661149698 ], [ 6.9521181335084, 52.518158171369898 ], [ 6.95294879790516, 52.517498308092598 ], [ 6.95308141999864, 52.516910606556102 ], [ 6.95372262907529, 52.5164554008389 ], [ 6.95463708051374, 52.516078674558301 ], [ 6.95583211819217, 52.515873315140702 ], [ 6.95621498869395, 52.515606341119998 ], [ 6.95649560923854, 52.515273363406799 ], [ 6.95667885968648, 52.514875644901402 ], [ 6.95703368269581, 52.514232575688098 ], [ 6.95716837345449, 52.5139883505257 ], [ 6.95773225000763, 52.513297753427899 ], [ 6.95830533684759, 52.512839782763201 ], [ 6.95888392600738, 52.512354731543702 ], [ 6.9593323308082, 52.512014895024997 ], [ 6.95967752870664, 52.511776375139199 ], [ 6.95984094454468, 52.511582204384403 ], [ 6.95991308248775, 52.511337931435399 ], [ 6.95986777114049, 52.511003137229999 ], [ 6.95948929305259, 52.510385662938802 ], [ 6.95949421687544, 52.510077424142104 ], [ 6.95958392243613, 52.5099590677344 ], [ 6.96040110033352, 52.509590609739597 ], [ 6.96055262946482, 52.509450479707901 ], [ 6.96111019161412, 52.508726389946801 ], [ 6.96149925319755, 52.508407642061798 ], [ 6.96213485734992, 52.507731028520901 ], [ 6.96246597798708, 52.507536443153299 ], [ 6.96264215157195, 52.5075287323994 ], [ 6.96298587095242, 52.507463437714698 ], [ 6.96325168578339, 52.507412985727001 ], [ 6.96569119960857, 52.507219381233803 ], [ 6.96720836906242, 52.507069162607301 ], [ 6.96745450741315, 52.507069408662801 ], [ 6.9676265785587, 52.508165748832397 ], [ 6.96777886853305, 52.508671528385399 ], [ 6.96802793902944, 52.509345603158202 ], [ 6.96824611197404, 52.509820062752802 ], [ 6.9686286699606, 52.5101529120181 ], [ 6.96901828979017, 52.510549416135198 ], [ 6.96917438660897, 52.510868331766297 ], [ 6.96920932177519, 52.511366708458297 ], [ 6.96912627206217, 52.511720245580797 ], [ 6.96918102713419, 52.511820480171401 ], [ 6.96916719735676, 52.511861514368803 ], [ 6.96884596823655, 52.512742305018897 ], [ 6.96877033178116, 52.513270164062298 ], [ 6.96875969258188, 52.513344252286501 ], [ 6.96875361300628, 52.513434513821203 ], [ 6.96873670890133, 52.513682752332798 ], [ 6.96865296227013, 52.514494967254699 ], [ 6.9686998243549, 52.515201165411803 ], [ 6.96870645802637, 52.515565350458097 ], [ 6.96903291408698, 52.516412302007701 ], [ 6.96900127492857, 52.517276492790998 ], [ 6.96887680068898, 52.518090265175204 ], [ 6.9678382172704, 52.518959436393203 ], [ 6.96778266969477, 52.519006857218301 ], [ 6.96772880847041, 52.519052868324799 ], [ 6.96649927356106, 52.520066048631897 ], [ 6.96465870717144, 52.521687600134797 ], [ 6.96426549845146, 52.522106678632298 ], [ 6.96410360737067, 52.522674771463699 ], [ 6.96400675009572, 52.523223122619697 ], [ 6.96394579651565, 52.523275663795303 ], [ 6.96404740628252, 52.525072320751597 ], [ 6.96397166282432, 52.525158029313701 ], [ 6.96381901176557, 52.525152552004101 ], [ 6.9637968072687, 52.525194043870101 ], [ 6.96384342219862, 52.525231954530199 ], [ 6.96437333196795, 52.5252439320953 ], [ 6.96445691528507, 52.525258686702998 ], [ 6.96452389015788, 52.525261520365703 ], [ 6.96455213885184, 52.525216508724398 ], [ 6.96482600498137, 52.525220590417597 ], [ 6.96596943708622, 52.523634259347702 ], [ 6.96601071870782, 52.523442728114901 ], [ 6.96601441776113, 52.523425842494703 ], [ 6.96614269309898, 52.523422436872302 ], [ 6.96653924885555, 52.523475497008299 ], [ 6.96834050122627, 52.5232655016748 ], [ 6.96868394111811, 52.523259223953197 ], [ 6.96958967842776, 52.523416532730998 ], [ 6.97010208136236, 52.523525428687101 ], [ 6.96954625538952, 52.523665053201199 ], [ 6.96940521280101, 52.523804286595897 ], [ 6.96932640551193, 52.524336622569599 ], [ 6.96926441400224, 52.524408570525402 ], [ 6.96941655545614, 52.524494713862303 ], [ 6.96954781778252, 52.524461449669502 ], [ 6.96966889838925, 52.524444375356197 ], [ 6.96986368871383, 52.5244464590155 ], [ 6.97050379556033, 52.524513521317402 ], [ 6.97064023603069, 52.524505098658402 ], [ 6.97091108057037, 52.524417939475804 ], [ 6.97128042646354, 52.524349372922003 ], [ 6.97144475251112, 52.524375928306704 ], [ 6.97181413460987, 52.5242681572743 ], [ 6.97203691566488, 52.524270627259199 ], [ 6.97212167596256, 52.524309125490497 ], [ 6.97218793318467, 52.524371673812503 ], [ 6.97213474827419, 52.524473356585602 ], [ 6.97223686005765, 52.524556336912298 ], [ 6.97223574129409, 52.524620302062203 ], [ 6.97246798149713, 52.524958320509 ], [ 6.97405345002585, 52.525083847420902 ], [ 6.97405074120998, 52.525168322176 ], [ 6.9739646870616, 52.5251834831152 ], [ 6.97383044949343, 52.525236572707598 ], [ 6.97378425928125, 52.525298453222199 ], [ 6.97379224278861, 52.525506116311099 ], [ 6.97385581911737, 52.5256622204083 ], [ 6.97407984905845, 52.525922767073403 ], [ 6.97450824310366, 52.5260384504329 ], [ 6.97579056289031, 52.526191583089599 ], [ 6.97649487179249, 52.526703204002999 ], [ 6.97610885592898, 52.527086270874896 ], [ 6.97586303785341, 52.527447844312597 ], [ 6.97696681730224, 52.528123261744803 ], [ 6.97803918297059, 52.528746690808902 ], [ 6.98234543846187, 52.531244064214903 ], [ 6.98983198427445, 52.535572980903503 ], [ 7.00043715959979, 52.53860136942 ], [ 7.00054510282293, 52.538679261911902 ], [ 7.00088321852994, 52.538761834291002 ], [ 7.00121194474519, 52.538877776596998 ], [ 7.00138783768407, 52.539059643423599 ], [ 7.00152739690571, 52.538820775063499 ], [ 7.00165595785378, 52.5385038989184 ], [ 7.00477410162591, 52.533351908091397 ], [ 7.00488275594175, 52.531278704655001 ], [ 7.00501727021356, 52.5311016719996 ], [ 7.00511494750922, 52.530706521345202 ], [ 7.00519499609725, 52.530082238221397 ], [ 7.00523174706872, 52.529795127891298 ], [ 7.00538788079313, 52.528471145169 ], [ 7.00545705620798, 52.527631150675802 ], [ 7.00547387731973, 52.527481185221802 ], [ 7.00552174637764, 52.527088521355303 ], [ 7.00567582241194, 52.526082804531399 ], [ 7.00577572339455, 52.524974389793499 ] ] ] ] } },
{ "type": "Feature", "properties": { "BEZ_GEM": "Esche", "SCH_GEM": "03456004", "BEZ_KRS": "Grafschaft Bentheim" }, "geometry": { "type": "MultiPolygon", "coordinates": [ [ [ [ 6.99497584865004, 52.553263198429299 ], [ 6.99509196318867, 52.5532595008562 ], [ 6.99523608751285, 52.553310550588499 ], [ 6.995426875754, 52.553319752638103 ], [ 6.99629131044285, 52.553721117158702 ], [ 6.99629562683156, 52.553844581141803 ], [ 6.9963619819247, 52.553840642294901 ], [ 6.9966487869513, 52.5539726378369 ], [ 6.99713055547404, 52.5541414706654 ], [ 6.9972486958056, 52.554174310889003 ], [ 6.99737379408598, 52.554099729933597 ], [ 6.99803096523005, 52.553315996226303 ], [ 6.99839650400615, 52.552759605426601 ], [ 6.99790255496441, 52.552553004939902 ], [ 6.99775252663783, 52.552446623541101 ], [ 6.99658107603101, 52.551765533972898 ], [ 6.99660352083921, 52.551426348312802 ], [ 6.99633737450487, 52.551384222059603 ], [ 6.99654477938465, 52.550910992686099 ], [ 6.99754693128387, 52.548969073805402 ], [ 6.99778509214745, 52.549084877245498 ], [ 6.99869715242858, 52.547640985757297 ], [ 6.99871916919454, 52.547338010321603 ], [ 6.99886381056807, 52.545819104611198 ], [ 6.99824458373919, 52.545755473935202 ], [ 6.99786142351774, 52.545722736806397 ], [ 6.9973707381081, 52.545680751868503 ], [ 6.99726116713922, 52.5456445139192 ], [ 6.99698639673333, 52.545362743967097 ], [ 6.99725673044571, 52.5445920677762 ], [ 6.99778056398729, 52.543604578007802 ], [ 6.99782833318488, 52.543361894999798 ], [ 6.99788251922762, 52.543182351311899 ], [ 6.99846965245533, 52.541892023938203 ], [ 6.99816769875567, 52.541851453681701 ], [ 6.99806767089048, 52.541847783390402 ], [ 6.99794010602188, 52.541810162592199 ], [ 6.99792607059929, 52.541800996522902 ], [ 6.99783629371452, 52.541756471003701 ], [ 6.9977467716076, 52.541655159068398 ], [ 6.99756080451623, 52.541551513761497 ], [ 6.99712133249834, 52.541401821002097 ], [ 6.9972494362844, 52.540975361665801 ], [ 6.99729238912906, 52.540663542112597 ], [ 6.99748244675327, 52.540411578120299 ], [ 6.99764737483338, 52.540280754456099 ], [ 6.99809975955575, 52.540038892722798 ], [ 6.9988882794225, 52.539717923642002 ], [ 6.99897762641558, 52.5396729481797 ], [ 6.99874474268542, 52.539462923461798 ], [ 6.99850188823375, 52.5391544519061 ], [ 6.9996338799765, 52.538939542775204 ], [ 7.00054510282293, 52.538679261911902 ], [ 7.00043715959979, 52.53860136942 ], [ 6.98983198427445, 52.535572980903503 ], [ 6.98234543846187, 52.531244064214903 ], [ 6.97803918297059, 52.528746690808902 ], [ 6.97696681730224, 52.528123261744803 ], [ 6.97586303785341, 52.527447844312597 ], [ 6.97610885592898, 52.527086270874896 ], [ 6.97649487179249, 52.526703204002999 ], [ 6.97579056289031, 52.526191583089599 ], [ 6.97450824310366, 52.5260384504329 ], [ 6.97407984905845, 52.525922767073403 ], [ 6.97385581911737, 52.5256622204083 ], [ 6.97379224278861, 52.525506116311099 ], [ 6.97378425928125, 52.525298453222199 ], [ 6.97383044949343, 52.525236572707598 ], [ 6.9739646870616, 52.5251834831152 ], [ 6.97405074120998, 52.525168322176 ], [ 6.97405345002585, 52.525083847420902 ], [ 6.97246798149713, 52.524958320509 ], [ 6.97223574129409, 52.524620302062203 ], [ 6.97223686005765, 52.524556336912298 ], [ 6.97213474827419, 52.524473356585602 ], [ 6.97218793318467, 52.524371673812503 ], [ 6.97212167596256, 52.524309125490497 ], [ 6.97203691566488, 52.524270627259199 ], [ 6.97181413460987, 52.5242681572743 ], [ 6.97144475251112, 52.524375928306704 ], [ 6.97128042646354, 52.524349372922003 ], [ 6.97091108057037, 52.524417939475804 ], [ 6.97064023603069, 52.524505098658402 ], [ 6.97050379556033, 52.524513521317402 ], [ 6.96986368871383, 52.5244464590155 ], [ 6.96966889838925, 52.524444375356197 ], [ 6.96954781778252, 52.524461449669502 ], [ 6.96941655545614, 52.524494713862303 ], [ 6.96926441400224, 52.524408570525402 ], [ 6.96932640551193, 52.524336622569599 ], [ 6.96940521280101, 52.523804286595897 ], [ 6.96954625538952, 52.523665053201199 ], [ 6.97010208136236, 52.523525428687101 ], [ 6.96958967842776, 52.523416532730998 ], [ 6.96868394111811, 52.523259223953197 ], [ 6.96834050122627, 52.5232655016748 ], [ 6.96653924885555, 52.523475497008299 ], [ 6.96614269309898, 52.523422436872302 ], [ 6.96601441776113, 52.523425842494703 ], [ 6.96601071870782, 52.523442728114901 ], [ 6.96596943708622, 52.523634259347702 ], [ 6.96482600498137, 52.525220590417597 ], [ 6.96455213885184, 52.525216508724398 ], [ 6.96452389015788, 52.525261520365703 ], [ 6.96445691528507, 52.525258686702998 ], [ 6.96437333196795, 52.5252439320953 ], [ 6.96384342219862, 52.525231954530199 ], [ 6.9637968072687, 52.525194043870101 ], [ 6.96381901176557, 52.525152552004101 ], [ 6.96397166282432, 52.525158029313701 ], [ 6.96404740628252, 52.525072320751597 ], [ 6.96394579651565, 52.523275663795303 ], [ 6.96400675009572, 52.523223122619697 ], [ 6.96410360737067, 52.522674771463699 ], [ 6.96426549845146, 52.522106678632298 ], [ 6.96465870717144, 52.521687600134797 ], [ 6.96649927356106, 52.520066048631897 ], [ 6.96772880847041, 52.519052868324799 ], [ 6.96778266969477, 52.519006857218301 ], [ 6.9678382172704, 52.518959436393203 ], [ 6.96887680068898, 52.518090265175204 ], [ 6.96900127492857, 52.517276492790998 ], [ 6.96903291408698, 52.516412302007701 ], [ 6.96870645802637, 52.515565350458097 ], [ 6.9686998243549, 52.515201165411803 ], [ 6.96865296227013, 52.514494967254699 ], [ 6.96873670890133, 52.513682752332798 ], [ 6.96875361300628, 52.513434513821203 ], [ 6.96875969258188, 52.513344252286501 ], [ 6.96877033178116, 52.513270164062298 ], [ 6.96884596823655, 52.512742305018897 ], [ 6.96916719735676, 52.511861514368803 ], [ 6.96918102713419, 52.511820480171401 ], [ 6.96912627206217, 52.511720245580797 ], [ 6.96920932177519, 52.511366708458297 ], [ 6.96917438660897, 52.510868331766297 ], [ 6.96901828979017, 52.510549416135198 ], [ 6.9686286699606, 52.5101529120181 ], [ 6.96824611197404, 52.509820062752802 ], [ 6.96802793902944, 52.509345603158202 ], [ 6.96777886853305, 52.508671528385399 ], [ 6.9676265785587, 52.508165748832397 ], [ 6.96745450741315, 52.507069408662801 ], [ 6.96720836906242, 52.507069162607301 ], [ 6.96569119960857, 52.507219381233803 ], [ 6.96325168578339, 52.507412985727001 ], [ 6.96298587095242, 52.507463437714698 ], [ 6.96264215157195, 52.5075287323994 ], [ 6.96246597798708, 52.507536443153299 ], [ 6.96213485734992, 52.507731028520901 ], [ 6.96149925319755, 52.508407642061798 ], [ 6.96111019161412, 52.508726389946801 ], [ 6.96055262946482, 52.509450479707901 ], [ 6.96040110033352, 52.509590609739597 ], [ 6.95958392243613, 52.5099590677344 ], [ 6.95949421687544, 52.510077424142104 ], [ 6.95948929305259, 52.510385662938802 ], [ 6.95986777114049, 52.511003137229999 ], [ 6.95991308248775, 52.511337931435399 ], [ 6.95984094454468, 52.511582204384403 ], [ 6.95967752870664, 52.511776375139199 ], [ 6.9593323308082, 52.512014895024997 ], [ 6.95888392600738, 52.512354731543702 ], [ 6.95830533684759, 52.512839782763201 ], [ 6.95773225000763, 52.513297753427899 ], [ 6.95716837345449, 52.5139883505257 ], [ 6.95703368269581, 52.514232575688098 ], [ 6.95667885968648, 52.514875644901402 ], [ 6.95649560923854, 52.515273363406799 ], [ 6.95621498869395, 52.515606341119998 ], [ 6.95583211819217, 52.515873315140702 ], [ 6.95463708051374, 52.516078674558301 ], [ 6.95372262907529, 52.5164554008389 ], [ 6.95308141999864, 52.516910606556102 ], [ 6.95294879790516, 52.517498308092598 ], [ 6.9521181335084, 52.518158171369898 ], [ 6.95202951498805, 52.518265661149698 ], [ 6.95175576182001, 52.5186608796961 ], [ 6.9513909941879, 52.5193853155277 ], [ 6.95126799977283, 52.5197160566481 ], [ 6.95115394103941, 52.5202569973317 ], [ 6.95119868856735, 52.521208549247802 ], [ 6.95134417089666, 52.521877079851301 ], [ 6.9520290126914, 52.523196321651099 ], [ 6.95218934608613, 52.523383785236298 ], [ 6.95315036969842, 52.524239155385402 ], [ 6.95348981102298, 52.524586080179397 ], [ 6.95354706233821, 52.5247973849213 ], [ 6.95353983715445, 52.525149372586 ], [ 6.95335129138879, 52.526040149988397 ], [ 6.95318797477628, 52.526378737365697 ], [ 6.95290194106322, 52.526617102587601 ], [ 6.9527442806765, 52.526678664909802 ], [ 6.95251229000205, 52.526769332505097 ], [ 6.95215387963832, 52.526820406425699 ], [ 6.95100949678666, 52.526869200133497 ], [ 6.95059781721604, 52.526978242100199 ], [ 6.95014880954121, 52.527217644175501 ], [ 6.94981872662934, 52.5275402998491 ], [ 6.94971651006137, 52.527762870109903 ], [ 6.94970517486533, 52.528034670858901 ], [ 6.95020532200391, 52.529017760681398 ], [ 6.95028538822292, 52.529229642012602 ], [ 6.95028407826057, 52.529473022993798 ], [ 6.9498394864076, 52.530284818320197 ], [ 6.94987131552233, 52.530589017447603 ], [ 6.94996828868193, 52.530792469985997 ], [ 6.95020332289156, 52.5309788923201 ], [ 6.95047666825089, 52.531124706167503 ], [ 6.9508754788218, 52.531270714090297 ], [ 6.95114651469966, 52.531320545610001 ], [ 6.95138572198667, 52.5313161453752 ], [ 6.95258668113582, 52.5311724754132 ], [ 6.95304477699667, 52.531140838058199 ], [ 6.95345030140596, 52.531212412753199 ], [ 6.95389276753239, 52.5313805655762 ], [ 6.95395652392173, 52.531426806057297 ], [ 6.95421299063896, 52.531612511872801 ], [ 6.9543428486703, 52.531876593289297 ], [ 6.95437985367308, 52.532181150134001 ], [ 6.95393700057689, 52.533219759135797 ], [ 6.95383492435999, 52.533379213908198 ], [ 6.9535266040553, 52.533639314702697 ], [ 6.95304948111786, 52.533860707985497 ], [ 6.95101822051646, 52.534610970242397 ], [ 6.95076591548132, 52.534747409925998 ], [ 6.95064206659682, 52.534927615277198 ], [ 6.95053438310201, 52.535267252362402 ], [ 6.95061186006358, 52.535601464428296 ], [ 6.95082131172889, 52.535866028961699 ], [ 6.95100343111075, 52.535992457964198 ], [ 6.95128686207999, 52.536093396173399 ], [ 6.95184289713182, 52.536214338301498 ], [ 6.95223600416142, 52.536322387691598 ], [ 6.95266990973543, 52.536523395750599 ], [ 6.95291745909074, 52.5367618205319 ], [ 6.95309786401049, 52.5370077152592 ], [ 6.95314348271495, 52.537253795899801 ], [ 6.95310811002296, 52.5374625989541 ], [ 6.94891211932634, 52.537841321322702 ], [ 6.95000436157869, 52.539281645221401 ], [ 6.95053836819819, 52.539803417854301 ], [ 6.95058067917426, 52.539851176850597 ], [ 6.95047752775903, 52.540077417914802 ], [ 6.9503475000041, 52.540199969514902 ], [ 6.9498572795164, 52.5405992475525 ], [ 6.94868262909207, 52.541279877888599 ], [ 6.94823070408277, 52.5416479828015 ], [ 6.94829432720103, 52.541719400441998 ], [ 6.94876508158678, 52.541846322914303 ], [ 6.94699987070437, 52.544558175024299 ], [ 6.94691689320518, 52.544547474073497 ], [ 6.94686271193456, 52.545951475149501 ], [ 6.94284657498793, 52.550567174403398 ], [ 6.94297091115883, 52.550671480470101 ], [ 6.94325714417534, 52.551180885272998 ], [ 6.94343893740405, 52.551393378464098 ], [ 6.94358499168597, 52.551692909644999 ], [ 6.94378436436237, 52.551800200073302 ], [ 6.94409709197125, 52.551911761267597 ], [ 6.94497838087085, 52.552073963778298 ], [ 6.94528072521748, 52.551934628265798 ], [ 6.94551986645723, 52.552081818618397 ], [ 6.94591780380817, 52.552200941475597 ], [ 6.94632611842205, 52.5522722637998 ], [ 6.94910766635182, 52.5525871007681 ], [ 6.94978390743622, 52.552696916217201 ], [ 6.95034130649851, 52.552856281432398 ], [ 6.95076093969027, 52.5530692763001 ], [ 6.95108296802654, 52.553360425342497 ], [ 6.95119495778384, 52.5536574686313 ], [ 6.95119527126098, 52.553951499551303 ], [ 6.95119527670824, 52.553986207241202 ], [ 6.95101202534066, 52.554316173688399 ], [ 6.95128766920387, 52.554314471668398 ], [ 6.95149226943412, 52.554336805736398 ], [ 6.95319934023067, 52.554365621873202 ], [ 6.95327829121347, 52.554365009121703 ], [ 6.95336417835753, 52.554364336434197 ], [ 6.9540951277448, 52.5543803015387 ], [ 6.95735802127952, 52.554451678245002 ], [ 6.95866209491589, 52.554480113078696 ], [ 6.95889362400898, 52.554475384513601 ], [ 6.95910404138183, 52.554471010760501 ], [ 6.95997303193917, 52.554518353757203 ], [ 6.95997514007487, 52.554725367538197 ], [ 6.96007333939088, 52.554796052662702 ], [ 6.96019880658409, 52.5547839365546 ], [ 6.96071982971067, 52.554656441070399 ], [ 6.9612146066555, 52.554594471460398 ], [ 6.96121396196947, 52.554535520484201 ], [ 6.96115207981965, 52.554444808284799 ], [ 6.96080783221731, 52.554023627666901 ], [ 6.96044956714023, 52.553501210842597 ], [ 6.96041200032997, 52.553371659963098 ], [ 6.96047252832503, 52.553349342917201 ], [ 6.96102765793625, 52.553145088266298 ], [ 6.96154567112665, 52.553046724116697 ], [ 6.96197101163225, 52.553601169805901 ], [ 6.96203988053352, 52.553630904044603 ], [ 6.96237215043709, 52.553619972834497 ], [ 6.9625064023252, 52.553586596578697 ], [ 6.96306467454365, 52.553290159799801 ], [ 6.96382024459354, 52.5534685620297 ], [ 6.9651861384956, 52.553791042460702 ], [ 6.96501944619354, 52.554019233105599 ], [ 6.96549430467675, 52.554132077230797 ], [ 6.96595602617474, 52.553599718362698 ], [ 6.96589942187117, 52.553579683340203 ], [ 6.96644780138797, 52.552334331679901 ], [ 6.96656683528498, 52.552286653504602 ], [ 6.96772945637018, 52.5523518515066 ], [ 6.96845906136568, 52.552511210618199 ], [ 6.96892488778763, 52.552591408415402 ], [ 6.9701441967103, 52.552882794513302 ], [ 6.97269821325162, 52.553318515051998 ], [ 6.97372147821068, 52.5535179385665 ], [ 6.97391758608143, 52.553542246371698 ], [ 6.97785988169092, 52.5542073403657 ], [ 6.97785581111694, 52.554228490911299 ], [ 6.98052240768419, 52.554695906731197 ], [ 6.98313006347221, 52.555175924756497 ], [ 6.98418842822892, 52.555367852691397 ], [ 6.98708739009957, 52.5558958136534 ], [ 6.9873982464875, 52.555956488173599 ], [ 6.99082294804128, 52.556603172737098 ], [ 6.99158028830545, 52.5567183597378 ], [ 6.99249146397527, 52.556877674245897 ], [ 6.99261509084716, 52.556712888124501 ], [ 6.99288410862552, 52.556339536124 ], [ 6.99306366811769, 52.556206539061698 ], [ 6.99329441013619, 52.556015514960698 ], [ 6.99350247593448, 52.555855846118803 ], [ 6.99358113041215, 52.555793879114702 ], [ 6.99266121008015, 52.5553990169415 ], [ 6.99266046510738, 52.555192378640903 ], [ 6.99289438896866, 52.554892791437901 ], [ 6.99377658231795, 52.5541075287978 ], [ 6.9942120391679, 52.553776342093002 ], [ 6.99459722898534, 52.553493719586598 ], [ 6.99497584865004, 52.553263198429299 ] ] ] ] } },
{ "type": "Feature", "properties": { "BEZ_GEM": "Lage", "SCH_GEM": "03456013", "BEZ_KRS": "Grafschaft Bentheim" }, "geometry": { "type": "MultiPolygon", "coordinates": [ [ [ [ 6.96641289586065, 52.479490420480197 ], [ 6.97391925682065, 52.478111611790602 ], [ 6.97390430225894, 52.478014991824701 ], [ 6.97359473957218, 52.477656495041998 ], [ 6.97329389822135, 52.477258943148399 ], [ 6.97292192625896, 52.477133877872099 ], [ 6.97361026922384, 52.477151968503001 ], [ 6.97425260566799, 52.477142561806197 ], [ 6.97490059780187, 52.477154288982803 ], [ 6.9778094041146, 52.477186618674097 ], [ 6.97951745029161, 52.473722638698 ], [ 6.97624995592349, 52.4732635542277 ], [ 6.97568516987984, 52.473161390393301 ], [ 6.97620130664257, 52.473102786732802 ], [ 6.97711784102481, 52.472714975622701 ], [ 6.97727745078646, 52.472616495428099 ], [ 6.97735329617473, 52.472584073897401 ], [ 6.9773944527054, 52.472450801841902 ], [ 6.97713314045778, 52.472221900002502 ], [ 6.97714492201035, 52.4713134026075 ], [ 6.97699416915373, 52.471011221067997 ], [ 6.97900324493004, 52.470416785145801 ], [ 6.97760653427929, 52.469540675742202 ], [ 6.97713200739723, 52.46828306642 ], [ 6.97682222469404, 52.467338684409299 ], [ 6.97618643100695, 52.465578562346003 ], [ 6.97735522441078, 52.465674719597096 ], [ 6.97753384711879, 52.465683403547501 ], [ 6.97753172828398, 52.465657048646399 ], [ 6.97752776633642, 52.4656079582169 ], [ 6.9774941942122, 52.465606799559602 ], [ 6.97743416475615, 52.465491695315102 ], [ 6.97681850742706, 52.464311021263697 ], [ 6.97678977955212, 52.464255941203398 ], [ 6.97677416477604, 52.464225983483701 ], [ 6.97675660113408, 52.464192296832799 ], [ 6.97674357020403, 52.464167310763301 ], [ 6.97673795508004, 52.464156532562001 ], [ 6.97672508709248, 52.464131846003902 ], [ 6.97666356020346, 52.464013847344397 ], [ 6.97619750470641, 52.4631198486952 ], [ 6.97607594807043, 52.463151684856598 ], [ 6.97600003485997, 52.463039607875899 ], [ 6.9760162853354, 52.462962638412101 ], [ 6.97608707522191, 52.4629033719525 ], [ 6.97573556981666, 52.462219219686901 ], [ 6.9757257855374, 52.462200178627498 ], [ 6.97569431165377, 52.4621312130406 ], [ 6.97566209382143, 52.462076216789796 ], [ 6.97558882120274, 52.461933603965399 ], [ 6.97537948089388, 52.461526112948697 ], [ 6.97533953504727, 52.461448352185499 ], [ 6.97531069765059, 52.461392208821103 ], [ 6.97526228030498, 52.461297929098102 ], [ 6.97518689015937, 52.461151152543401 ], [ 6.97504492217758, 52.460874744484599 ], [ 6.97479517784923, 52.460388503455 ], [ 6.97459962281403, 52.460007781461698 ], [ 6.97444975748569, 52.459715978404901 ], [ 6.97410766879055, 52.4593211909243 ], [ 6.97370083547988, 52.458851677849097 ], [ 6.97369331483678, 52.458842997863101 ], [ 6.97364814939067, 52.458790863273499 ], [ 6.97361666913116, 52.458754527828397 ], [ 6.97360803004441, 52.458744560839598 ], [ 6.97357229725934, 52.458707873761298 ], [ 6.973509926304, 52.458631346492297 ], [ 6.97347718773422, 52.4585935687535 ], [ 6.97345032086255, 52.458562554489802 ], [ 6.97324479258986, 52.4583253464656 ], [ 6.97248377321449, 52.457446956129701 ], [ 6.97247443598835, 52.457436176819797 ], [ 6.97244930344628, 52.4574071702271 ], [ 6.97243615001263, 52.457391991474204 ], [ 6.9724134915681, 52.457365841701602 ], [ 6.97233522865399, 52.457275517732803 ], [ 6.97198094663705, 52.4568666134127 ], [ 6.97187122193837, 52.456739971497598 ], [ 6.97139615598562, 52.456191654182199 ], [ 6.97126577655885, 52.456041161969701 ], [ 6.97086673162846, 52.455580574999097 ], [ 6.97077679412217, 52.455476040496798 ], [ 6.97075547562662, 52.455452161308401 ], [ 6.97075073740681, 52.455446693956603 ], [ 6.97057338677504, 52.455241975047002 ], [ 6.97007646164273, 52.454596166414298 ], [ 6.97004708804747, 52.454557995845697 ], [ 6.9699809665144, 52.454472068795702 ], [ 6.96995803133118, 52.454437920137899 ], [ 6.96974279948523, 52.454120036214597 ], [ 6.96952480681925, 52.453792807020598 ], [ 6.96949888316571, 52.453754209997101 ], [ 6.96937156651258, 52.453564636207197 ], [ 6.9693470350396, 52.453528095184097 ], [ 6.96875712334601, 52.452649632431601 ], [ 6.96874208276855, 52.452627227445397 ], [ 6.96865216857929, 52.4524933246608 ], [ 6.96864838039155, 52.452487693705898 ], [ 6.96805796098826, 52.451608382179501 ], [ 6.96779430624604, 52.451215714296602 ], [ 6.96760107506361, 52.450927930869597 ], [ 6.96695361005611, 52.4499636230614 ], [ 6.96694890036469, 52.449956600467999 ], [ 6.96693034931646, 52.449928973617503 ], [ 6.9668852286231, 52.449879426639299 ], [ 6.96634151994344, 52.449304064880998 ], [ 6.9657034001349, 52.4486269352265 ], [ 6.96551772447273, 52.448429905707698 ], [ 6.9651457184373, 52.448035151103397 ], [ 6.96486743725007, 52.447739847595997 ], [ 6.96422620585141, 52.447059355963503 ], [ 6.96419746003739, 52.447028846598499 ], [ 6.96418170507896, 52.447012129438697 ], [ 6.96393755274046, 52.446750536807997 ], [ 6.96389933253864, 52.446709451780897 ], [ 6.96378332749065, 52.446584725797202 ], [ 6.96370228612163, 52.4464976747958 ], [ 6.96348205877895, 52.446261777979899 ], [ 6.96335945767447, 52.446127289808103 ], [ 6.96325674111051, 52.4460188873866 ], [ 6.96297790834954, 52.445721726355401 ], [ 6.96285198784085, 52.445586847738603 ], [ 6.96247725798869, 52.445185491314803 ], [ 6.96245314452325, 52.445159242489801 ], [ 6.96195201046633, 52.444621962703501 ], [ 6.96220907949413, 52.4442506832359 ], [ 6.96202066444839, 52.4441417646104 ], [ 6.96218649030277, 52.443990603554496 ], [ 6.96178417868839, 52.4436296367235 ], [ 6.96160661012888, 52.443708463045397 ], [ 6.96157660034021, 52.4437688286785 ], [ 6.96133553662738, 52.4438288460872 ], [ 6.96105818001832, 52.443991884860402 ], [ 6.96095174985247, 52.443934480360198 ], [ 6.96088419945729, 52.443898040705797 ], [ 6.96085321259688, 52.4438779132538 ], [ 6.96077601829355, 52.443839688685401 ], [ 6.95933879578176, 52.443064394241198 ], [ 6.95906507379924, 52.442916727523397 ], [ 6.95902174044356, 52.442889651621797 ], [ 6.95895986948992, 52.442859971767597 ], [ 6.95824064518693, 52.442471967682202 ], [ 6.95813853176722, 52.442416829120397 ], [ 6.95807761990311, 52.442383937321701 ], [ 6.95734746027267, 52.441989642387 ], [ 6.95578976591404, 52.441148452651603 ], [ 6.95544931969421, 52.440964996355703 ], [ 6.95210958352177, 52.439184451778203 ], [ 6.9520635224659, 52.4391598886534 ], [ 6.95197045063033, 52.4391103052996 ], [ 6.95110030893198, 52.438646682955003 ], [ 6.95082598744849, 52.438499786542799 ], [ 6.95053287855733, 52.438344345308302 ], [ 6.95023223860086, 52.4381841509841 ], [ 6.94990173668073, 52.438008044129901 ], [ 6.947611612381, 52.436787706662599 ], [ 6.94752811235667, 52.436743213387103 ], [ 6.9473035558357, 52.436623563429102 ], [ 6.94728342746401, 52.436935021429399 ], [ 6.94758290288475, 52.437474691695499 ], [ 6.94897205780348, 52.4393883300243 ], [ 6.94907210330328, 52.439667191763597 ], [ 6.94904990585385, 52.440072829614003 ], [ 6.94894147227301, 52.442054755232299 ], [ 6.94896494718749, 52.442144900237999 ], [ 6.94911970230854, 52.442361139191 ], [ 6.95009277271996, 52.443032795128303 ], [ 6.95046545345297, 52.443341109687999 ], [ 6.95094989898568, 52.443898273681398 ], [ 6.95293679046256, 52.445568741884998 ], [ 6.95360817307696, 52.446056207933502 ], [ 6.95461939981212, 52.446587225313003 ], [ 6.95485895826376, 52.4467209405083 ], [ 6.95494811390203, 52.4467976536762 ], [ 6.95509570527671, 52.4469852565935 ], [ 6.95516335149047, 52.447157809196099 ], [ 6.95513787467552, 52.447485387294698 ], [ 6.95500857267832, 52.448605499954297 ], [ 6.95495172354214, 52.449908678521702 ], [ 6.95496174682446, 52.450102084350497 ], [ 6.95504846045383, 52.450326938956501 ], [ 6.9545192616938, 52.4501294977334 ], [ 6.94893484953186, 52.451929381361701 ], [ 6.94724188186635, 52.4524894993679 ], [ 6.94509267967843, 52.453180947157101 ], [ 6.94501527977551, 52.453265922719901 ], [ 6.94126877975992, 52.457702017866502 ], [ 6.94106509395512, 52.457947362810103 ], [ 6.94075895435777, 52.4588866146551 ], [ 6.94097424218322, 52.458818609680698 ], [ 6.94177534033475, 52.4587104491902 ], [ 6.94303018901597, 52.458546696076702 ], [ 6.94324833970472, 52.458518210552299 ], [ 6.94349674022138, 52.458478651400803 ], [ 6.94520168594389, 52.458258411816097 ], [ 6.9453198523068, 52.458423485527597 ], [ 6.9463941808179, 52.460132686020003 ], [ 6.9470165380241, 52.461123232790897 ], [ 6.94504063164119, 52.461119032421202 ], [ 6.94458801928618, 52.461117999340303 ], [ 6.94217842647464, 52.461114124363803 ], [ 6.94219269931701, 52.461155285181903 ], [ 6.94445036537614, 52.467158951332102 ], [ 6.94635039301328, 52.4669267082025 ], [ 6.94641248334071, 52.466921222543 ], [ 6.94647177025407, 52.466915868001799 ], [ 6.94843123788962, 52.466683994357098 ], [ 6.95032179284761, 52.466474092539201 ], [ 6.95044119736199, 52.466451794594803 ], [ 6.95049632471286, 52.466507419745 ], [ 6.95118811786349, 52.467594907567801 ], [ 6.95162568805176, 52.468296936502199 ], [ 6.95411513846201, 52.472257973566599 ], [ 6.95420685807056, 52.472369349086499 ], [ 6.95476727157998, 52.4733090550301 ], [ 6.95485374327083, 52.473447943783697 ], [ 6.95491908116335, 52.473550410250802 ], [ 6.95505250880086, 52.473759526835998 ], [ 6.95510509350532, 52.4738417211532 ], [ 6.95515366705025, 52.473921508243102 ], [ 6.95590333730602, 52.475125851452802 ], [ 6.95683346115079, 52.476613794277199 ], [ 6.95694911636857, 52.476806416388797 ], [ 6.95720712755317, 52.477208198606903 ], [ 6.95725829095588, 52.477287867623801 ], [ 6.95728667210038, 52.477342451904001 ], [ 6.9576589550926, 52.477933917449199 ], [ 6.95780538600425, 52.478088585646702 ], [ 6.95808718648529, 52.478277511507798 ], [ 6.95824173278531, 52.478342851883397 ], [ 6.96424953810297, 52.479207467762301 ], [ 6.96412185904879, 52.478799861730899 ], [ 6.96433874853083, 52.479220305896199 ], [ 6.96546145270623, 52.479364825523298 ], [ 6.96641289586065, 52.479490420480197 ] ] ] ] } },
{ "type": "Feature", "properties": { "BEZ_GEM": "Osterwald", "SCH_GEM": "03456017", "BEZ_KRS": "Grafschaft Bentheim" }, "geometry": { "type": "MultiPolygon", "coordinates": [ [ [ [ 7.03718472549879, 52.583388328046901 ], [ 7.03719993887973, 52.583313798454597 ], [ 7.04055360222565, 52.583723903967297 ], [ 7.04063343238503, 52.583072006288198 ], [ 7.04188138945331, 52.583322835034899 ], [ 7.04077130628923, 52.581820971492299 ], [ 7.04077809720984, 52.581761380722 ], [ 7.04106839985344, 52.579187169808499 ], [ 7.04153217642935, 52.575127563314297 ], [ 7.04154147708363, 52.575044726127402 ], [ 7.04154766635009, 52.574991958812802 ], [ 7.04165806148921, 52.574025046551803 ], [ 7.04198561570521, 52.5703207722282 ], [ 7.04232321738867, 52.566359685621798 ], [ 7.04264270128553, 52.566279640220799 ], [ 7.04283172049691, 52.566266401309598 ], [ 7.04395012189384, 52.566387481052303 ], [ 7.04456930800219, 52.566439701764402 ], [ 7.0519647904283, 52.567266933164902 ], [ 7.0591481740535, 52.5680847380223 ], [ 7.06128813915994, 52.568325170928397 ], [ 7.06704973945624, 52.568976235096898 ], [ 7.06710231798327, 52.568716522309899 ], [ 7.06718745561707, 52.568099302755797 ], [ 7.06725382078235, 52.568063251816099 ], [ 7.07035431728238, 52.568142248998598 ], [ 7.07043493265659, 52.5681445522019 ], [ 7.07046591137761, 52.567758246429499 ], [ 7.07147615513764, 52.567780824165503 ], [ 7.07137773057218, 52.56875937473 ], [ 7.07185296048726, 52.568787976795903 ], [ 7.07186431572348, 52.568707418864101 ], [ 7.07216818559989, 52.568723427629202 ], [ 7.07217970162102, 52.568524815027097 ], [ 7.07275718009973, 52.568543569672897 ], [ 7.07325069505368, 52.568629649221499 ], [ 7.07325553986938, 52.568472018710501 ], [ 7.07326038927968, 52.568253696235502 ], [ 7.07326941415058, 52.5680411063082 ], [ 7.07329210098389, 52.567466384789199 ], [ 7.07342657657955, 52.563163123745099 ], [ 7.07344020554083, 52.562629974562299 ], [ 7.07377033807394, 52.562631571126303 ], [ 7.0736299185178, 52.561549865856101 ], [ 7.0735773133359, 52.561073633226798 ], [ 7.07350656025106, 52.560257409194499 ], [ 7.07353988525055, 52.560200586319901 ], [ 7.07354037848835, 52.558933522870703 ], [ 7.07306001518728, 52.558930199077899 ], [ 7.07301715760866, 52.5587736799258 ], [ 7.07303323854435, 52.558363033561299 ], [ 7.0730267241441, 52.557821643611597 ], [ 7.07305183463708, 52.557198227187101 ], [ 7.07311718341712, 52.554673688444197 ], [ 7.07310442418164, 52.554308428596201 ], [ 7.07317704437831, 52.550267691366102 ], [ 7.07519440078097, 52.550504264032803 ], [ 7.07524395942801, 52.5503391780653 ], [ 7.08181086981916, 52.551087332900799 ], [ 7.08171925139515, 52.548755809838902 ], [ 7.08176780569601, 52.547590498503801 ], [ 7.08178453217644, 52.547066299538997 ], [ 7.08172031866952, 52.546634020743802 ], [ 7.08154452973808, 52.546241006085403 ], [ 7.08155590759224, 52.546146852430098 ], [ 7.08235027756457, 52.545716566252999 ], [ 7.08256579111853, 52.545562825056599 ], [ 7.08290007250983, 52.545198962574602 ], [ 7.08310674469769, 52.5445988954081 ], [ 7.08369441689082, 52.542768496167497 ], [ 7.08396160380734, 52.541845086325999 ], [ 7.08433770178328, 52.540621596439102 ], [ 7.08448690279681, 52.540151691498302 ], [ 7.08461774283148, 52.539690210868002 ], [ 7.08472577047831, 52.539413944112098 ], [ 7.08841881749231, 52.526785836943702 ], [ 7.08873741860326, 52.525709132566902 ], [ 7.08886276511607, 52.524869557522898 ], [ 7.08957675615121, 52.520598638898498 ], [ 7.08975914610814, 52.519999165224803 ], [ 7.08979831572234, 52.519617867547602 ], [ 7.08950919299854, 52.519708553742802 ], [ 7.08875801051526, 52.519788152639201 ], [ 7.0883147814624, 52.519267381970501 ], [ 7.0882803549472, 52.519127395169797 ], [ 7.08820020629047, 52.519107568721701 ], [ 7.08883379886153, 52.518080271481502 ], [ 7.08895555341924, 52.517835602417499 ], [ 7.08901616517418, 52.517637870159398 ], [ 7.08903764383048, 52.517411272626397 ], [ 7.08899707064714, 52.517236974214903 ], [ 7.08898925214064, 52.517174645006598 ], [ 7.08573499245004, 52.517327950678997 ], [ 7.08517702958804, 52.517253005322097 ], [ 7.08492874630761, 52.517143615776902 ], [ 7.08500390946351, 52.517244745545199 ], [ 7.08484461830307, 52.517356358804101 ], [ 7.08453379009118, 52.5173064236022 ], [ 7.08350240734391, 52.517550842488802 ], [ 7.08350990929022, 52.517691716438101 ], [ 7.08358464763866, 52.5178127113765 ], [ 7.08342130285599, 52.517909978637199 ], [ 7.08316482973169, 52.517949450334498 ], [ 7.08306388933414, 52.518026760017399 ], [ 7.08238354820315, 52.518300225178102 ], [ 7.08178438236479, 52.517600057586698 ], [ 7.08157783781089, 52.517201983163197 ], [ 7.0789727196102, 52.517377216829502 ], [ 7.07876252754658, 52.517407881488701 ], [ 7.07746620480222, 52.517512794558698 ], [ 7.07670869328016, 52.517596233186801 ], [ 7.07631445110089, 52.517793849377803 ], [ 7.07587940005062, 52.517836470893798 ], [ 7.07575131625596, 52.5178900720353 ], [ 7.07568559879192, 52.517990786718201 ], [ 7.07560605098834, 52.518323616187502 ], [ 7.07551751678002, 52.518561888916302 ], [ 7.07554325840126, 52.518663920301996 ], [ 7.07577784754785, 52.518562553505802 ], [ 7.07657260561199, 52.518564569812298 ], [ 7.07891927717905, 52.518548027949002 ], [ 7.07920373274209, 52.520251225071704 ], [ 7.07936703494723, 52.520917266648397 ], [ 7.07869828547618, 52.521045147390303 ], [ 7.07812922507403, 52.521178689859099 ], [ 7.07770671620836, 52.521368829270699 ], [ 7.07726660859599, 52.521617575335199 ], [ 7.07694508071639, 52.521770240119501 ], [ 7.07667138123538, 52.521874048607998 ], [ 7.07625788609532, 52.521955442715601 ], [ 7.07585664487249, 52.522019501295503 ], [ 7.07552254297082, 52.5220077734893 ], [ 7.07477783370812, 52.5219270533253 ], [ 7.07441795280272, 52.521925063289999 ], [ 7.07404610054045, 52.521944007258199 ], [ 7.07300968637675, 52.522112266719098 ], [ 7.07240729693759, 52.522306021403601 ], [ 7.07202797736796, 52.522451617217598 ], [ 7.07157428843032, 52.522639248743097 ], [ 7.07127426889538, 52.522737760469703 ], [ 7.07029433761199, 52.522844246423297 ], [ 7.06915505458658, 52.522950641555298 ], [ 7.06851356955391, 52.523027541667098 ], [ 7.06810300661583, 52.523057640906003 ], [ 7.06791860372753, 52.523101115820303 ], [ 7.06748056792709, 52.523247266915497 ], [ 7.0673892216707, 52.523293160023997 ], [ 7.0670999526699, 52.523438592546903 ], [ 7.06662493820728, 52.5237821288463 ], [ 7.0660310711913, 52.5241800073414 ], [ 7.0657350686582, 52.524458310540403 ], [ 7.06556308340694, 52.5248295445274 ], [ 7.06545869334131, 52.5251955894174 ], [ 7.0652584756295, 52.525376236477001 ], [ 7.06520035053744, 52.525535828934899 ], [ 7.06445737626584, 52.526227683566098 ], [ 7.0642203055319, 52.526400694707498 ], [ 7.06359677601708, 52.526740980009002 ], [ 7.06304736489101, 52.526988064842698 ], [ 7.06164124433195, 52.527510012166204 ], [ 7.0585134172216, 52.527012843436701 ], [ 7.05666090624423, 52.526715115264203 ], [ 7.05657324675629, 52.526675416710198 ], [ 7.05771239901962, 52.524939566849802 ], [ 7.05745193268173, 52.524885657854398 ], [ 7.0570295477087, 52.524751510880598 ], [ 7.05601976570911, 52.524495283363599 ], [ 7.05559758717634, 52.524441410684503 ], [ 7.052112486987, 52.523522881239401 ], [ 7.05157554756319, 52.523371075476902 ], [ 7.04865344876055, 52.522545064105799 ], [ 7.05037043159709, 52.521321211583398 ], [ 7.0472570042131, 52.519827448688801 ], [ 7.04567265697685, 52.521018110754397 ], [ 7.04439322010979, 52.520327102234099 ], [ 7.04357925229483, 52.520798378263997 ], [ 7.04347115787856, 52.520853174429703 ], [ 7.04285431041316, 52.520682536634098 ], [ 7.0418827138607, 52.5209788261296 ], [ 7.04170383014435, 52.5209674134504 ], [ 7.04072693587287, 52.520845859757003 ], [ 7.0406436146504, 52.520942757284303 ], [ 7.04015741330437, 52.520960690082703 ], [ 7.04023096419751, 52.520854819363898 ], [ 7.04021815016173, 52.520775122052797 ], [ 7.03979074775544, 52.520071738168298 ], [ 7.03959856987645, 52.5199451903351 ], [ 7.03889272959797, 52.519728665904601 ], [ 7.038850240097, 52.519851954757101 ], [ 7.03846590999191, 52.520187351472899 ], [ 7.03817616165705, 52.520364985455799 ], [ 7.03810984466544, 52.520437436492699 ], [ 7.03799364138607, 52.520439546755298 ], [ 7.03692235722555, 52.5199745292853 ], [ 7.03631352882517, 52.519721762608803 ], [ 7.03622352452949, 52.519631252607397 ], [ 7.03629190522253, 52.519507288418502 ], [ 7.03665722515557, 52.519361097670199 ], [ 7.03683313774569, 52.519264102828402 ], [ 7.03725173856519, 52.519147333451897 ], [ 7.03792984727119, 52.519070562854502 ], [ 7.03796727921107, 52.518930816861499 ], [ 7.03793031943113, 52.518885003524602 ], [ 7.03662053174699, 52.519134486660299 ], [ 7.03650257281144, 52.519068293612598 ], [ 7.03660873638702, 52.518951124461097 ], [ 7.03662109867647, 52.518724482293997 ], [ 7.03669503714125, 52.518600439263501 ], [ 7.03657727739123, 52.518461391207403 ], [ 7.03653377400517, 52.518227869520999 ], [ 7.03639196032646, 52.5178759971323 ], [ 7.03632667489052, 52.517359554913703 ], [ 7.03639407464594, 52.516989134434503 ], [ 7.03622932767694, 52.516599683147902 ], [ 7.03596581554001, 52.5160989402887 ], [ 7.0360964870471, 52.515827047479497 ], [ 7.03607354580112, 52.515362280830601 ], [ 7.03538115249808, 52.515358400931397 ], [ 7.03522968760023, 52.5152569157882 ], [ 7.03499072430657, 52.515308595679898 ], [ 7.03479796540539, 52.515284003097101 ], [ 7.03472763551133, 52.515147233461498 ], [ 7.03463710231286, 52.514729394347803 ], [ 7.03478852139376, 52.514482115724903 ], [ 7.03466891754957, 52.514365936383797 ], [ 7.03473042359181, 52.514329868007998 ], [ 7.03509996757578, 52.514028045905597 ], [ 7.03516622651539, 52.513897330382697 ], [ 7.03519300781782, 52.513792574153797 ], [ 7.03513360633679, 52.513578038561199 ], [ 7.03500615144776, 52.513323079598102 ], [ 7.03490707173996, 52.513072997653303 ], [ 7.0348223035499, 52.512769743583902 ], [ 7.03488044903267, 52.512457201358401 ], [ 7.03444817863292, 52.512427181818701 ], [ 7.03415699142873, 52.512521304539703 ], [ 7.0338144002249, 52.512281993067802 ], [ 7.03332808940814, 52.512257257457598 ], [ 7.03311972737562, 52.512118066172597 ], [ 7.03288566424306, 52.511955455787302 ], [ 7.03230876527782, 52.511507569107799 ], [ 7.03233201828832, 52.511431761496901 ], [ 7.03250580057892, 52.511199199128903 ], [ 7.03203895024879, 52.5110011100356 ], [ 7.03179374111109, 52.511165937000499 ], [ 7.03166445114597, 52.511092420041798 ], [ 7.03075281056441, 52.5107753484575 ], [ 7.03042695399197, 52.510688802136499 ], [ 7.03026356223025, 52.510593297995101 ], [ 7.03014015282418, 52.510562695008403 ], [ 7.02990736660765, 52.510449382510899 ], [ 7.02949380195392, 52.510336439385902 ], [ 7.0286024616748, 52.510158815406299 ], [ 7.02810964487186, 52.509931738671703 ], [ 7.02809678562447, 52.509865778086201 ], [ 7.0282428151192, 52.509579673084303 ], [ 7.0282857845704, 52.509420744203297 ], [ 7.02712305745005, 52.508753751688602 ], [ 7.02699805324762, 52.508870427450297 ], [ 7.02696467165855, 52.508780045058501 ], [ 7.02688644250011, 52.508743718205999 ], [ 7.02682572886983, 52.508762460016499 ], [ 7.02641619377644, 52.508713035564298 ], [ 7.02514554519584, 52.509530131943002 ], [ 7.02490416608489, 52.508855664614401 ], [ 7.02481947966181, 52.508309452048103 ], [ 7.02483555302797, 52.508245790413902 ], [ 7.02497824274908, 52.507719361001598 ], [ 7.02505130331674, 52.507571491645699 ], [ 7.02500947971344, 52.507426299019102 ], [ 7.02505127579128, 52.507351917247703 ], [ 7.02504969616374, 52.507249117323099 ], [ 7.02491991114667, 52.506206536807802 ], [ 7.02485668279194, 52.505570955453898 ], [ 7.02482556680318, 52.505487704538197 ], [ 7.02474003192077, 52.505433405957596 ], [ 7.02466668246418, 52.50538668387 ], [ 7.02310633828907, 52.504359587624002 ], [ 7.02290455634837, 52.5040687549278 ], [ 7.02271477077655, 52.503678136114701 ], [ 7.02256495559445, 52.503257164189002 ], [ 7.02257131609097, 52.503110546056099 ], [ 7.02283084300952, 52.501689522125503 ], [ 7.02290522164761, 52.501516148936503 ], [ 7.02349101136098, 52.500975024472297 ], [ 7.02324771674074, 52.500723061417197 ], [ 7.02199156256618, 52.500633502668698 ], [ 7.02153876070623, 52.500772088376898 ], [ 7.02089151557069, 52.499997876383603 ], [ 7.02019548202872, 52.499493490590197 ], [ 7.01968663701212, 52.4992948640812 ], [ 7.01939862452125, 52.4992101338974 ], [ 7.01871830233448, 52.499071240278901 ], [ 7.01818114680604, 52.498939866605703 ], [ 7.01733482276806, 52.4988395449503 ], [ 7.01691304061069, 52.498619643848798 ], [ 7.01666004848353, 52.498590765295802 ], [ 7.01636820160012, 52.498729197460698 ], [ 7.01598951298364, 52.498837920832301 ], [ 7.01556179047678, 52.498857019506303 ], [ 7.01519240245803, 52.498769358258699 ], [ 7.01486487233194, 52.498720612561698 ], [ 7.01469622483068, 52.498709779682898 ], [ 7.01435159227181, 52.498694014395397 ], [ 7.0140270298254, 52.4987134724283 ], [ 7.01361760974202, 52.501291499601997 ], [ 7.01355379128313, 52.5018768591625 ], [ 7.01403694710247, 52.501961310174401 ], [ 7.01399275440607, 52.502065679861097 ], [ 7.01415159043698, 52.502428459373498 ], [ 7.01459176959388, 52.503558177367204 ], [ 7.01491862281489, 52.504008566100097 ], [ 7.01444407410079, 52.504056259765598 ], [ 7.01437303740638, 52.504278867868699 ], [ 7.01424787268679, 52.504666012415498 ], [ 7.01406451544485, 52.505224764306398 ], [ 7.0137254402999, 52.5062577428642 ], [ 7.0123819544452, 52.510393962333197 ], [ 7.01203220070639, 52.5114533804242 ], [ 7.01189785304149, 52.511712624742799 ], [ 7.01075215800511, 52.513490871476101 ], [ 7.01067467351838, 52.513741242738597 ], [ 7.01079286271623, 52.514393653449801 ], [ 7.01106378773327, 52.515234073945301 ], [ 7.01062172660519, 52.515075340210899 ], [ 7.01019190755454, 52.515286328356297 ], [ 7.00952199116861, 52.515571322527698 ], [ 7.00882001428961, 52.515698780492698 ], [ 7.00774130802721, 52.515619091107503 ], [ 7.00722541833838, 52.515649471007897 ], [ 7.00711454415738, 52.5162794683865 ], [ 7.0071491052671, 52.516508436559398 ], [ 7.00723786327829, 52.516587582844799 ], [ 7.00754946968467, 52.5165958791804 ], [ 7.00791244812577, 52.516637265506397 ], [ 7.00791376076681, 52.516703051977103 ], [ 7.00804178174488, 52.516695622502397 ], [ 7.00791587589836, 52.516807785471798 ], [ 7.0079166762302, 52.516847757499399 ], [ 7.00749164810893, 52.517305257695703 ], [ 7.00707353785585, 52.517840272386898 ], [ 7.00723514591173, 52.517964902289101 ], [ 7.00670956895698, 52.5190538027055 ], [ 7.00640771626895, 52.519558547904097 ], [ 7.0063251628321, 52.519562003287199 ], [ 7.00620876098977, 52.519566875344303 ], [ 7.00573576741244, 52.520340990492798 ], [ 7.00527738273732, 52.521254269849898 ], [ 7.00522695156737, 52.521312251442801 ], [ 7.00648658229557, 52.521607545063603 ], [ 7.00669871530887, 52.5214444694207 ], [ 7.00681291097531, 52.521261184941501 ], [ 7.00693475180108, 52.521285069003902 ], [ 7.00687551125223, 52.521700461596197 ], [ 7.0067083131921, 52.521932432699998 ], [ 7.00638166754439, 52.5223761478968 ], [ 7.00639659255758, 52.522430348790003 ], [ 7.00615830539396, 52.522724853499199 ], [ 7.00602678718546, 52.5229044466045 ], [ 7.00596361932497, 52.523068826870897 ], [ 7.00594893175949, 52.5234483831413 ], [ 7.00579248597803, 52.524552338484497 ], [ 7.00577572339455, 52.524974389793499 ], [ 7.00567582241194, 52.526082804531399 ], [ 7.00552174637764, 52.527088521355303 ], [ 7.00547387731973, 52.527481185221802 ], [ 7.00545705620798, 52.527631150675802 ], [ 7.00538788079313, 52.528471145169 ], [ 7.00523174706872, 52.529795127891298 ], [ 7.00519499609725, 52.530082238221397 ], [ 7.00511494750922, 52.530706521345202 ], [ 7.00501727021356, 52.5311016719996 ], [ 7.00488275594175, 52.531278704655001 ], [ 7.00477410162591, 52.533351908091397 ], [ 7.00165595785378, 52.5385038989184 ], [ 7.00152739690571, 52.538820775063499 ], [ 7.00138783768407, 52.539059643423599 ], [ 7.00121194474519, 52.538877776596998 ], [ 7.00088321852994, 52.538761834291002 ], [ 7.00054510282293, 52.538679261911902 ], [ 6.9996338799765, 52.538939542775204 ], [ 6.99850188823375, 52.5391544519061 ], [ 6.99874474268542, 52.539462923461798 ], [ 6.99897762641558, 52.5396729481797 ], [ 6.9988882794225, 52.539717923642002 ], [ 6.99809975955575, 52.540038892722798 ], [ 6.99764737483338, 52.540280754456099 ], [ 6.99748244675327, 52.540411578120299 ], [ 6.99729238912906, 52.540663542112597 ], [ 6.9972494362844, 52.540975361665801 ], [ 6.99712133249834, 52.541401821002097 ], [ 6.99756080451623, 52.541551513761497 ], [ 6.9977467716076, 52.541655159068398 ], [ 6.99783629371452, 52.541756471003701 ], [ 6.99792607059929, 52.541800996522902 ], [ 6.99794010602188, 52.541810162592199 ], [ 6.99806767089048, 52.541847783390402 ], [ 6.99816769875567, 52.541851453681701 ], [ 6.99846965245533, 52.541892023938203 ], [ 6.99788251922762, 52.543182351311899 ], [ 6.99782833318488, 52.543361894999798 ], [ 6.99778056398729, 52.543604578007802 ], [ 6.99725673044571, 52.5445920677762 ], [ 6.99698639673333, 52.545362743967097 ], [ 6.99726116713922, 52.5456445139192 ], [ 6.9973707381081, 52.545680751868503 ], [ 6.99786142351774, 52.545722736806397 ], [ 6.99824458373919, 52.545755473935202 ], [ 6.99886381056807, 52.545819104611198 ], [ 6.99871916919454, 52.547338010321603 ], [ 6.99869715242858, 52.547640985757297 ], [ 6.99778509214745, 52.549084877245498 ], [ 6.99754693128387, 52.548969073805402 ], [ 6.99654477938465, 52.550910992686099 ], [ 6.99633737450487, 52.551384222059603 ], [ 6.99660352083921, 52.551426348312802 ], [ 6.99658107603101, 52.551765533972898 ], [ 6.99775252663783, 52.552446623541101 ], [ 6.99790255496441, 52.552553004939902 ], [ 6.99839650400615, 52.552759605426601 ], [ 6.99803096523005, 52.553315996226303 ], [ 6.99737379408598, 52.554099729933597 ], [ 6.9972486958056, 52.554174310889003 ], [ 6.99713055547404, 52.5541414706654 ], [ 6.9966487869513, 52.5539726378369 ], [ 6.9963619819247, 52.553840642294901 ], [ 6.99629562683156, 52.553844581141803 ], [ 6.99629131044285, 52.553721117158702 ], [ 6.995426875754, 52.553319752638103 ], [ 6.99523608751285, 52.553310550588499 ], [ 6.99509196318867, 52.5532595008562 ], [ 6.99497584865004, 52.553263198429299 ], [ 6.99459722898534, 52.553493719586598 ], [ 6.9942120391679, 52.553776342093002 ], [ 6.99377658231795, 52.5541075287978 ], [ 6.99289438896866, 52.554892791437901 ], [ 6.99266046510738, 52.555192378640903 ], [ 6.99266121008015, 52.5553990169415 ], [ 6.99358113041215, 52.555793879114702 ], [ 6.99350247593448, 52.555855846118803 ], [ 6.99329441013619, 52.556015514960698 ], [ 6.99306366811769, 52.556206539061698 ], [ 6.99288410862552, 52.556339536124 ], [ 6.99261509084716, 52.556712888124501 ], [ 6.99249146397527, 52.556877674245897 ], [ 6.99240609692077, 52.557054258745097 ], [ 6.99236618011393, 52.557340411808298 ], [ 6.99233001450974, 52.557525024071403 ], [ 6.99265410196535, 52.557880184197103 ], [ 6.99346958571006, 52.558409335357297 ], [ 6.9929953260068, 52.558925231021703 ], [ 6.99299160964886, 52.559003727068799 ], [ 6.99304357656432, 52.559075992097299 ], [ 6.99244789571145, 52.559554777606401 ], [ 6.99167676567091, 52.5592597835549 ], [ 6.9913560656224, 52.559614758215403 ], [ 6.99215175022092, 52.5598851923749 ], [ 6.99188811190845, 52.560297441455802 ], [ 6.99153670499603, 52.561291427685198 ], [ 6.99153830434777, 52.561427892404197 ], [ 6.9912251767942, 52.561770784705999 ], [ 6.99048522116466, 52.562713844539601 ], [ 6.99176084642491, 52.563244685751599 ], [ 6.99192158253651, 52.5631562387127 ], [ 6.99230746049378, 52.562890431238799 ], [ 6.99267570767882, 52.5625744205107 ], [ 6.99294622378619, 52.562362941462197 ], [ 6.99355469715274, 52.5618738861493 ], [ 6.9938021377764, 52.561706504105302 ], [ 6.99384194805847, 52.5616262550881 ], [ 6.99510413190532, 52.561688553514401 ], [ 6.99667180506491, 52.561891691663099 ], [ 6.9971236489422, 52.562269070231501 ], [ 6.99743886608302, 52.562555928590101 ], [ 6.99776646757516, 52.562594316930898 ], [ 6.99791431068207, 52.562642198044003 ], [ 6.99846557585108, 52.562158606064401 ], [ 6.99868408347495, 52.561999913997603 ], [ 6.9990487107009, 52.561817346707201 ], [ 6.99940782392527, 52.561652128666601 ], [ 6.99977713963588, 52.561538243744998 ], [ 7.00017464107332, 52.561427441459799 ], [ 7.00063028011735, 52.561316451050899 ], [ 7.00074400827746, 52.561278090111102 ], [ 7.00122207229793, 52.56115407886 ], [ 7.00200884737963, 52.5609248614875 ], [ 7.00254173564593, 52.560753306111501 ], [ 7.00370408619277, 52.560427552303203 ], [ 7.00429012560862, 52.560238632807099 ], [ 7.00488771840384, 52.560081105761199 ], [ 7.00582062735921, 52.559634753619299 ], [ 7.00623645046111, 52.559395751059697 ], [ 7.00649903771387, 52.5598094680185 ], [ 7.00680026807823, 52.559917673961998 ], [ 7.00686049325999, 52.5600666885313 ], [ 7.00707519249141, 52.560257956796697 ], [ 7.00759060731223, 52.560930297977798 ], [ 7.00776328900791, 52.561137312075999 ], [ 7.00795873288202, 52.561324900699802 ], [ 7.00807636940429, 52.561547559219498 ], [ 7.00806844160538, 52.561657392001401 ], [ 7.01150438200482, 52.562652441758999 ], [ 7.0128376713658, 52.563097974009501 ], [ 7.01338975336178, 52.563405669550903 ], [ 7.01423327000016, 52.563510134911901 ], [ 7.01526642125182, 52.563676974260801 ], [ 7.01506984421783, 52.564086010042899 ], [ 7.01489672342029, 52.564459122225799 ], [ 7.01371638356799, 52.567017731873499 ], [ 7.01312195869733, 52.568295158054397 ], [ 7.01251119518339, 52.569580669000899 ], [ 7.01193461739362, 52.570876281943498 ], [ 7.01185234099923, 52.5710476266771 ], [ 7.01153834439725, 52.571734877317603 ], [ 7.01143566711013, 52.5719591087014 ], [ 7.01091364828863, 52.573074994074801 ], [ 7.01073167056626, 52.573564220321302 ], [ 7.01326276715845, 52.575263823660897 ], [ 7.01361456648056, 52.575512353776197 ], [ 7.01366847936323, 52.575550573107499 ], [ 7.01380912996024, 52.575645275682099 ], [ 7.01400011327681, 52.5757757994066 ], [ 7.01409470831167, 52.575841315851903 ], [ 7.01687684086236, 52.577765557607698 ], [ 7.02102321977371, 52.580633092354198 ], [ 7.03288658995997, 52.5887764670859 ], [ 7.0358326088374, 52.590769777290397 ], [ 7.03702084293218, 52.591531906752103 ], [ 7.03845614531504, 52.5924856337503 ], [ 7.03888804248109, 52.592772421863501 ], [ 7.03931220221793, 52.593053730316797 ], [ 7.03996971582333, 52.588220215172299 ], [ 7.04044094161939, 52.584643760406003 ], [ 7.04054297374001, 52.583810603317403 ], [ 7.04050963883495, 52.583783544818303 ], [ 7.03718472549879, 52.583388328046901 ] ], [ [ 7.02575678371199, 52.564721872532502 ], [ 7.02409368272071, 52.563610197594201 ], [ 7.02404111218378, 52.563601317565301 ], [ 7.02170992647593, 52.563655439514697 ], [ 7.02585668843549, 52.560161618228101 ], [ 7.02801107008407, 52.558430345127 ], [ 7.02554644200561, 52.556826893535401 ], [ 7.02265407979884, 52.554996131587103 ], [ 7.02276512374976, 52.554944487335298 ], [ 7.0229170688569, 52.554974000172599 ], [ 7.02275982326756, 52.5548327243405 ], [ 7.02302552624384, 52.554884727997397 ], [ 7.02633423663932, 52.554697090268398 ], [ 7.02713079941795, 52.554757037010802 ], [ 7.0271611632509, 52.554890419465302 ], [ 7.0311370818548, 52.555356308203798 ], [ 7.0312305907351, 52.5554621559981 ], [ 7.03137028767724, 52.555354855490897 ], [ 7.03134999912908, 52.555530238676198 ], [ 7.02882334208439, 52.557633104380301 ], [ 7.02873261996084, 52.5576980854662 ], [ 7.02855687116546, 52.5578523563806 ], [ 7.02861864987481, 52.557891976870799 ], [ 7.03059835494979, 52.559262607045802 ], [ 7.03161691079165, 52.560053717355501 ], [ 7.0329703076679, 52.560987692622497 ], [ 7.03396363069235, 52.561673153349801 ], [ 7.0338066777284, 52.561791211792602 ], [ 7.03545114209524, 52.562746078244899 ], [ 7.03637551308655, 52.563139058885596 ], [ 7.03989082455868, 52.5653652571282 ], [ 7.03970980314272, 52.5665986752959 ], [ 7.03996987560399, 52.566534107509298 ], [ 7.03988322448355, 52.567100663215001 ], [ 7.03869988835726, 52.5673863218842 ], [ 7.03353916184793, 52.568651576606698 ], [ 7.03185517159385, 52.569086109725603 ], [ 7.03177988529846, 52.569001057412201 ], [ 7.03149546511926, 52.568679558304197 ], [ 7.02575678371199, 52.564721872532502 ] ] ] ] } },
{ "type": "Feature", "properties": { "BEZ_GEM": "Wietmarschen", "SCH_GEM": "03456025", "BEZ_KRS": "Grafschaft Bentheim" }, "geometry": { "type": "MultiPolygon", "coordinates": [ [ [ [ 7.11020929480022, 52.601253668042403 ], [ 7.11027137510191, 52.601194695719201 ], [ 7.11048954523847, 52.601204669084296 ], [ 7.11079656022478, 52.601008306219597 ], [ 7.11093600684559, 52.600989428368102 ], [ 7.11112856788539, 52.600912963082997 ], [ 7.11114643411624, 52.600869424408003 ], [ 7.11110493958925, 52.6007558045713 ], [ 7.11101472744764, 52.600584906094497 ], [ 7.1110736535555, 52.600454366101701 ], [ 7.11130307916957, 52.600326554776601 ], [ 7.11152327338726, 52.600351169439797 ], [ 7.11171822740587, 52.6003429135408 ], [ 7.11186628259533, 52.600309569992099 ], [ 7.11201656998763, 52.6002243190173 ], [ 7.11260070294279, 52.600095902407901 ], [ 7.11329040231694, 52.599762319868802 ], [ 7.11339122061788, 52.599686250290503 ], [ 7.11357437940676, 52.5996420989079 ], [ 7.11491508785663, 52.599115043741698 ], [ 7.11531484462263, 52.599027052486697 ], [ 7.11566616075461, 52.598915783758798 ], [ 7.11580416922482, 52.598903027394698 ], [ 7.11595970941407, 52.598845791072897 ], [ 7.11622218855755, 52.598692520357503 ], [ 7.11635131182941, 52.598451818104202 ], [ 7.11633426350776, 52.598429635063603 ], [ 7.1163221684208, 52.598385618989603 ], [ 7.11644605232866, 52.598293846311201 ], [ 7.11652078305746, 52.5981830482663 ], [ 7.116836683544, 52.598135725423397 ], [ 7.11686784426924, 52.598061961756201 ], [ 7.11699292581707, 52.5979422176054 ], [ 7.1171252741979, 52.597839627418502 ], [ 7.11729565075784, 52.597782688232201 ], [ 7.1173821863842, 52.597769453270999 ], [ 7.11748750144854, 52.597784524756598 ], [ 7.11755471985169, 52.597835072620001 ], [ 7.11769761909464, 52.597864165461203 ], [ 7.11783690789301, 52.597790798688997 ], [ 7.11830599676599, 52.597683651071698 ], [ 7.11844173353215, 52.597693127036003 ], [ 7.11859313665204, 52.597617506252199 ], [ 7.11868843771207, 52.597636086006197 ], [ 7.11888312612358, 52.597578227092299 ], [ 7.11897248547265, 52.597455296888498 ], [ 7.11894884885436, 52.5973525103581 ], [ 7.11897843594094, 52.5973164127291 ], [ 7.11897564328205, 52.5971944551791 ], [ 7.11902223807598, 52.597041578840098 ], [ 7.11903644119545, 52.596990607943397 ], [ 7.1190007039205, 52.596890065830998 ], [ 7.11907790840467, 52.596681336174399 ], [ 7.11917164341112, 52.596583048583398 ], [ 7.11910840505295, 52.596403062988401 ], [ 7.11929352105859, 52.596310003233803 ], [ 7.11959740015776, 52.5962657909744 ], [ 7.11968918699794, 52.596173640081098 ], [ 7.11986767333845, 52.596067769434597 ], [ 7.12042096713853, 52.594639112882099 ], [ 7.12108731381052, 52.592946986029503 ], [ 7.12117143340693, 52.592783618013797 ], [ 7.12187923156542, 52.592645690644801 ], [ 7.14040124063467, 52.588412539510998 ], [ 7.14245096530428, 52.5879192647702 ], [ 7.1448444878802, 52.579351674485103 ], [ 7.14669446784202, 52.572347113109601 ], [ 7.15396925723193, 52.573036674431002 ], [ 7.15917490235201, 52.573529268944498 ], [ 7.15933973246133, 52.573536669267398 ], [ 7.15948143651618, 52.573543026472201 ], [ 7.16129086799381, 52.567307901184201 ], [ 7.16185410603534, 52.5654693869146 ], [ 7.16192902382573, 52.563801315716198 ], [ 7.16209430842513, 52.561404373695197 ], [ 7.16237268427232, 52.556961236523399 ], [ 7.16528287895923, 52.556161829718597 ], [ 7.16893460511816, 52.555144637642002 ], [ 7.17046279633659, 52.554703329210803 ], [ 7.18006865908383, 52.552044430398603 ], [ 7.18512250927028, 52.5506823488275 ], [ 7.18636956577462, 52.551184656420901 ], [ 7.18732936783562, 52.550948413304504 ], [ 7.18788914688817, 52.550689009007499 ], [ 7.19072852570455, 52.549772934315897 ], [ 7.19107169517509, 52.549785103080602 ], [ 7.19285907201109, 52.549551471823499 ], [ 7.19294238343212, 52.5495405786642 ], [ 7.19302560563214, 52.5495297020667 ], [ 7.19332769395012, 52.549490211579602 ], [ 7.19415688358398, 52.5470002245752 ], [ 7.19419972274267, 52.546755371294097 ], [ 7.19443233269677, 52.545993852088998 ], [ 7.19455354566104, 52.545778741631302 ], [ 7.19490979510609, 52.545541518999599 ], [ 7.19587663313832, 52.545259369268898 ], [ 7.19627059716094, 52.545038326370197 ], [ 7.19647737795201, 52.5448679099865 ], [ 7.19664053244941, 52.544603957555999 ], [ 7.19669694014875, 52.544446471612801 ], [ 7.19668416301306, 52.543964173409798 ], [ 7.19686272093813, 52.543892787878498 ], [ 7.19697896733669, 52.543644772138002 ], [ 7.19694379827789, 52.543457927983503 ], [ 7.19750990656524, 52.542490331954298 ], [ 7.19543275940397, 52.541639733288697 ], [ 7.19605024938127, 52.538932276926403 ], [ 7.19636441562184, 52.537813199208003 ], [ 7.19642651770274, 52.537816968950096 ], [ 7.19986782218323, 52.538025697208198 ], [ 7.20491548503638, 52.5383316754113 ], [ 7.23551557927676, 52.540239481957002 ], [ 7.24375958051775, 52.540722108527703 ], [ 7.25123675721738, 52.5415000698369 ], [ 7.25605042366794, 52.542021515337403 ], [ 7.25612319773787, 52.5420293940346 ], [ 7.26916345831674, 52.526262138009102 ], [ 7.26663400405553, 52.525297938161202 ], [ 7.26404503497634, 52.524230849830197 ], [ 7.26639889182969, 52.523714196888498 ], [ 7.27083176339614, 52.522674847146 ], [ 7.27150575007678, 52.522543685186001 ], [ 7.27176488392728, 52.5224634293441 ], [ 7.27770279099172, 52.519874581487201 ], [ 7.27921715847322, 52.518984698686502 ], [ 7.27988793201335, 52.518686170132902 ], [ 7.28040795462732, 52.518383621833998 ], [ 7.28552033954297, 52.515820031937302 ], [ 7.28541720253499, 52.51568903703 ], [ 7.28339780202511, 52.516696011780397 ], [ 7.28103835113026, 52.516409248205797 ], [ 7.28036480900848, 52.5143850869472 ], [ 7.27923423758258, 52.510716127882603 ], [ 7.28158632285766, 52.510862541578597 ], [ 7.28074912916539, 52.508320140796698 ], [ 7.27944403307968, 52.508341979778599 ], [ 7.27320268263238, 52.5079252346018 ], [ 7.27316690121665, 52.508038460475099 ], [ 7.27231198568801, 52.507982066129401 ], [ 7.27139196589355, 52.507864580990997 ], [ 7.27006596057161, 52.507695234809603 ], [ 7.26915301241347, 52.507528581558901 ], [ 7.26871495671613, 52.507464088712702 ], [ 7.268245449351, 52.507412530821398 ], [ 7.26777111362942, 52.507330150313997 ], [ 7.26579191642388, 52.507055334885997 ], [ 7.26506779434647, 52.506999941955598 ], [ 7.26379986046938, 52.507025129172803 ], [ 7.26180073254044, 52.507009891289599 ], [ 7.25845642051721, 52.507076984493203 ], [ 7.25846682094081, 52.507046864033697 ], [ 7.25848115124774, 52.5070053016061 ], [ 7.25824635168705, 52.506996908922702 ], [ 7.25824386969783, 52.506780183126097 ], [ 7.25828092591609, 52.506204479068501 ], [ 7.25856343757093, 52.502703395708302 ], [ 7.25763640774685, 52.500772898838598 ], [ 7.26001528411322, 52.500357538724401 ], [ 7.26109520864172, 52.5003764743037 ], [ 7.26281229056157, 52.4990887971611 ], [ 7.26326928769265, 52.498689102071999 ], [ 7.26334495729756, 52.4986232280365 ], [ 7.26835349331126, 52.500354319815798 ], [ 7.26869301830407, 52.499524900891998 ], [ 7.26923967389998, 52.498505577183799 ], [ 7.26931168933345, 52.498547504999898 ], [ 7.27087170937111, 52.4970570533699 ], [ 7.27090791304869, 52.496948365780597 ], [ 7.27174442821196, 52.4971322415781 ], [ 7.27325190249997, 52.496713566775398 ], [ 7.2771873571592, 52.498115136322099 ], [ 7.27970129829143, 52.495620217703703 ], [ 7.27776647317973, 52.494024827918999 ], [ 7.27454796706177, 52.488785430989402 ], [ 7.2745842725731, 52.488380220921599 ], [ 7.27472630213633, 52.487920051791399 ], [ 7.26424849155057, 52.481601086294198 ], [ 7.26478646907642, 52.481103220095903 ], [ 7.26917768306972, 52.4769649443124 ], [ 7.26998062672423, 52.476130791694402 ], [ 7.27053432290233, 52.475177271522099 ], [ 7.27084400693589, 52.474654640454801 ], [ 7.27190871145763, 52.472871009513398 ], [ 7.27265674930543, 52.471778724057103 ], [ 7.27519550029271, 52.4693244698935 ], [ 7.26759020893593, 52.466287380498201 ], [ 7.26633208784796, 52.465769441278901 ], [ 7.26479323735039, 52.4652393495642 ], [ 7.25809986521349, 52.462507908302499 ], [ 7.25837878412406, 52.462209305614003 ], [ 7.2526075610024, 52.459904635458201 ], [ 7.25181643956225, 52.459605247449602 ], [ 7.2489431772786, 52.458466963306599 ], [ 7.24883910018613, 52.4583968182625 ], [ 7.24873050504445, 52.458366347913703 ], [ 7.24391542572141, 52.456432565324803 ], [ 7.24373171680762, 52.456360648663903 ], [ 7.24306646126942, 52.456099952958901 ], [ 7.24231562216405, 52.455805747401001 ], [ 7.23465232498044, 52.452750519185003 ], [ 7.22031897397163, 52.447102172475098 ], [ 7.21872697586954, 52.448840242095997 ], [ 7.21255368441587, 52.446717509730497 ], [ 7.21140089128913, 52.448970341718301 ], [ 7.20308111824529, 52.443692032992999 ], [ 7.20224625375144, 52.444139171894797 ], [ 7.19408739639578, 52.448605973285801 ], [ 7.19179915094992, 52.449845131572097 ], [ 7.19058193853191, 52.450512340842401 ], [ 7.18267463721556, 52.454867294403698 ], [ 7.18054137131155, 52.456060047635397 ], [ 7.17803498831137, 52.462184545869803 ], [ 7.17795966151903, 52.462318975876798 ], [ 7.17760111441838, 52.463101908444202 ], [ 7.17657724192215, 52.465439359353098 ], [ 7.17642638231529, 52.465783921993904 ], [ 7.1758556194392, 52.467407420901303 ], [ 7.16999321283628, 52.471385556915699 ], [ 7.16775540283161, 52.472909921572601 ], [ 7.16721633473613, 52.473206926424801 ], [ 7.16596513953804, 52.474136484433103 ], [ 7.16162958637012, 52.4770959001278 ], [ 7.15911463983204, 52.478815198331198 ], [ 7.15910633757794, 52.4788588573238 ], [ 7.1586998547879, 52.479139158343898 ], [ 7.15751787419843, 52.479954202045597 ], [ 7.15750805675702, 52.4802099269438 ], [ 7.15732615313946, 52.481899907572803 ], [ 7.15440977645743, 52.491316273631199 ], [ 7.15414945283682, 52.491336209698098 ], [ 7.12214481781948, 52.495714915309897 ], [ 7.11690503816605, 52.496406951211902 ], [ 7.11439561708538, 52.496736525636102 ], [ 7.11006162255009, 52.497322299023402 ], [ 7.10989253880101, 52.497345313050701 ], [ 7.10803583363488, 52.497598772645503 ], [ 7.10212405530468, 52.498390541037999 ], [ 7.09832623158125, 52.498882344114499 ], [ 7.0978487799485, 52.498944144804298 ], [ 7.09742733539407, 52.498989373942599 ], [ 7.09736963029111, 52.4991243879225 ], [ 7.09674174308646, 52.500593564584698 ], [ 7.09571633236926, 52.502027656606103 ], [ 7.09499244908882, 52.5031384970791 ], [ 7.09419430231113, 52.504384717255199 ], [ 7.09408181751049, 52.504665327169199 ], [ 7.09416450138696, 52.504685271597197 ], [ 7.09498869418698, 52.504785853811903 ], [ 7.09565940474514, 52.504888635232597 ], [ 7.09614258452871, 52.504976795968297 ], [ 7.09681815541561, 52.505137733868096 ], [ 7.09693188331339, 52.505213383369799 ], [ 7.0968996306578, 52.505281199667799 ], [ 7.09674835718649, 52.505504991322503 ], [ 7.09623287464978, 52.506351605584904 ], [ 7.09533787895441, 52.507345862164499 ], [ 7.09527279386081, 52.507464041114098 ], [ 7.09518782870628, 52.507714793792502 ], [ 7.09494752284459, 52.508361277015197 ], [ 7.09467448548328, 52.509106768093801 ], [ 7.09424186575006, 52.509885743719003 ], [ 7.09396937230148, 52.510182298154596 ], [ 7.09354748219982, 52.510549455290999 ], [ 7.09181676449947, 52.511713191748697 ], [ 7.09172557230606, 52.5117770888194 ], [ 7.09164568415138, 52.511882798639199 ], [ 7.0915780627609, 52.512021704954599 ], [ 7.09141441279683, 52.512458477850899 ], [ 7.09131887699492, 52.512619142605601 ], [ 7.09069422140232, 52.513389162746897 ], [ 7.09030053115357, 52.513954306044198 ], [ 7.09000730135143, 52.514442304699202 ], [ 7.08979241822029, 52.514867008915701 ], [ 7.08958942178957, 52.515264264925598 ], [ 7.08938560186432, 52.515647804300698 ], [ 7.08922513097296, 52.515895004562097 ], [ 7.08901656646414, 52.516153395445599 ], [ 7.08894673230845, 52.516271620128201 ], [ 7.08893039451529, 52.516378417564603 ], [ 7.08897693189012, 52.517000056629101 ], [ 7.08898349142584, 52.517100561229903 ], [ 7.08898925214064, 52.517174645006598 ], [ 7.08899707064714, 52.517236974214903 ], [ 7.08903764383048, 52.517411272626397 ], [ 7.08901616517418, 52.517637870159398 ], [ 7.08895555341924, 52.517835602417499 ], [ 7.08883379886153, 52.518080271481502 ], [ 7.08820020629047, 52.519107568721701 ], [ 7.0882803549472, 52.519127395169797 ], [ 7.0883147814624, 52.519267381970501 ], [ 7.08875801051526, 52.519788152639201 ], [ 7.08950919299854, 52.519708553742802 ], [ 7.08979831572234, 52.519617867547602 ], [ 7.08975914610814, 52.519999165224803 ], [ 7.08957675615121, 52.520598638898498 ], [ 7.08886276511607, 52.524869557522898 ], [ 7.08873741860326, 52.525709132566902 ], [ 7.08841881749231, 52.526785836943702 ], [ 7.08472577047831, 52.539413944112098 ], [ 7.08461774283148, 52.539690210868002 ], [ 7.08448690279681, 52.540151691498302 ], [ 7.08433770178328, 52.540621596439102 ], [ 7.08396160380734, 52.541845086325999 ], [ 7.08369441689082, 52.542768496167497 ], [ 7.08629990178564, 52.546849606702501 ], [ 7.08647168891819, 52.5471149339851 ], [ 7.0871257887701, 52.548244760324799 ], [ 7.08733047697708, 52.548513495265603 ], [ 7.08775085122972, 52.549232408703702 ], [ 7.08788619816182, 52.5494745764654 ], [ 7.09585539647413, 52.562174295782903 ], [ 7.09631874711619, 52.562894945814698 ], [ 7.10054688658554, 52.568701700092802 ], [ 7.10074535524298, 52.568922035324398 ], [ 7.10274892316254, 52.571671536779398 ], [ 7.1032229641143, 52.572323724535401 ], [ 7.10366232160153, 52.572928419705597 ], [ 7.10420129322357, 52.572992978796101 ], [ 7.10775359565347, 52.573411987123798 ], [ 7.1077452100939, 52.573493278824898 ], [ 7.1077999313921, 52.573980981616103 ], [ 7.10830656563406, 52.579225912742999 ], [ 7.10855305788051, 52.581500094690703 ], [ 7.10894397754141, 52.5850478231092 ], [ 7.10895480097883, 52.585145812790302 ], [ 7.10915207644437, 52.586933043241402 ], [ 7.10915744989515, 52.586981736234698 ], [ 7.10939641264809, 52.589202851945501 ], [ 7.11032394982808, 52.597859494466697 ], [ 7.11048056242948, 52.599332614190999 ], [ 7.11003694874811, 52.599562995029899 ], [ 7.10957323873273, 52.599797009565798 ], [ 7.10958591094526, 52.5999519525 ], [ 7.10983128290755, 52.601383637123298 ], [ 7.10992846566108, 52.602007171760299 ], [ 7.1106155806547, 52.601737905178197 ], [ 7.11066544430281, 52.601639229875502 ], [ 7.1102833187903, 52.601356334422903 ], [ 7.1102130107977, 52.601282949130102 ], [ 7.11020929480022, 52.601253668042403 ] ] ] ] } },
{ "type": "Feature", "properties": { "BEZ_GEM": "Laar", "SCH_GEM": "03456012", "BEZ_KRS": "Grafschaft Bentheim" }, "geometry": { "type": "MultiPolygon", "coordinates": [ [ [ [ 6.79095563591954, 52.652470232828499 ], [ 6.79108214855809, 52.652406116339797 ], [ 6.79122533115357, 52.652324551916799 ], [ 6.7913689230018, 52.652231926147401 ], [ 6.79158176544446, 52.652088610205098 ], [ 6.79223488517604, 52.651646766315601 ], [ 6.79285977363389, 52.651229740511603 ], [ 6.79316892005967, 52.651025849642501 ], [ 6.79328178720868, 52.650952466917801 ], [ 6.79342419835186, 52.650869015237397 ], [ 6.79355612659316, 52.650802883985499 ], [ 6.79369251305877, 52.650745980207297 ], [ 6.7938443576606, 52.650694192738101 ], [ 6.79397855477455, 52.650654916583399 ], [ 6.79401506146315, 52.6506472161985 ], [ 6.79408356674326, 52.650627972902299 ], [ 6.79416363577306, 52.650626892381403 ], [ 6.79430203886648, 52.6506241735865 ], [ 6.79443269381455, 52.650633808845001 ], [ 6.79477601898814, 52.650686769228798 ], [ 6.79649496157651, 52.6509639538207 ], [ 6.79963484803124, 52.651468230335198 ], [ 6.80225083912561, 52.651884314168697 ], [ 6.80232165437353, 52.651894439915701 ], [ 6.80247163881578, 52.6519108539486 ], [ 6.80259899635538, 52.651917361796102 ], [ 6.8026501307716, 52.651918094576502 ], [ 6.80271569804388, 52.651919364815797 ], [ 6.80279460332353, 52.6519155863175 ], [ 6.80293055091438, 52.651907650623002 ], [ 6.80304560247037, 52.651896270033497 ], [ 6.80320858539222, 52.651872245757403 ], [ 6.80332331614065, 52.6518513367377 ], [ 6.80357571783969, 52.651796069548404 ], [ 6.80497880367473, 52.6514767610497 ], [ 6.80523111349473, 52.651416453306801 ], [ 6.80528518382493, 52.651400182099302 ], [ 6.80535134829777, 52.651381842062698 ], [ 6.8054760477756, 52.651340740482098 ], [ 6.80561835359966, 52.651285218554797 ], [ 6.80566511036046, 52.651264414747097 ], [ 6.80575453126632, 52.651217435153796 ], [ 6.80584317647783, 52.651160846983402 ], [ 6.80588490738099, 52.651132343016201 ], [ 6.80594745159097, 52.651077636105697 ], [ 6.80602498986432, 52.650995422538898 ], [ 6.80614871999289, 52.650838120574498 ], [ 6.80652526983511, 52.650327271217797 ], [ 6.80710598013901, 52.649542644801201 ], [ 6.80717331966091, 52.649459693195098 ], [ 6.80723309609759, 52.649400240717199 ], [ 6.80732742185886, 52.649331653797198 ], [ 6.80743815040076, 52.649270599754502 ], [ 6.80755959541245, 52.649221693934003 ], [ 6.80769450270946, 52.649181768095303 ], [ 6.80789332673121, 52.649130805293098 ], [ 6.8080940548167, 52.649086396375502 ], [ 6.80816735972762, 52.649071513856697 ], [ 6.80835269847537, 52.6490418538502 ], [ 6.80851215272577, 52.649019825166597 ], [ 6.80858516859921, 52.6490124900685 ], [ 6.80875544493449, 52.648999913732197 ], [ 6.80907239639632, 52.648984628266902 ], [ 6.81214327098514, 52.648827090707499 ], [ 6.81591044929033, 52.648635378278101 ], [ 6.81609991044132, 52.648621041098302 ], [ 6.81614546859781, 52.6486164141212 ], [ 6.81627871231701, 52.648598693328502 ], [ 6.81633774243801, 52.648586869530199 ], [ 6.81645966845972, 52.648556549345699 ], [ 6.81652436048987, 52.6485393898597 ], [ 6.81667155479977, 52.648492990549201 ], [ 6.81660582656452, 52.648408120350098 ], [ 6.81652205402614, 52.6482465780784 ], [ 6.81626700234086, 52.648342124494903 ], [ 6.8160359272733, 52.648363553394603 ], [ 6.81524038640026, 52.644845072918002 ], [ 6.81511600950491, 52.644709485830703 ], [ 6.8146160004938, 52.642438256800297 ], [ 6.8136131425076, 52.642537773739797 ], [ 6.81340835233175, 52.642241834983402 ], [ 6.81332086238972, 52.641948169409197 ], [ 6.81083505377595, 52.637313243169501 ], [ 6.80936198228123, 52.634463866860699 ], [ 6.80855035643075, 52.632922597486598 ], [ 6.80849750732236, 52.632822090226 ], [ 6.80832903037319, 52.632501645783599 ], [ 6.8080774750717, 52.632064668365402 ], [ 6.80773449336024, 52.631437621417703 ], [ 6.80751068788202, 52.631028131482402 ], [ 6.80633210774645, 52.628843077090302 ], [ 6.80639822329656, 52.628818225758401 ], [ 6.80619382954195, 52.6284406535041 ], [ 6.80554412641741, 52.627240898608299 ], [ 6.80507918955531, 52.626371234005298 ], [ 6.80406123062778, 52.624420937580602 ], [ 6.80239190262968, 52.621175989745304 ], [ 6.80202610789541, 52.620456667922802 ], [ 6.80081230296457, 52.618180529992799 ], [ 6.80066427825007, 52.617897507933698 ], [ 6.80071558641876, 52.617867169600203 ], [ 6.80045018103289, 52.617351823215003 ], [ 6.80030242881204, 52.617064939238197 ], [ 6.79991089874535, 52.616951679507501 ], [ 6.80009946248008, 52.6167458189027 ], [ 6.79991913351023, 52.616725339257002 ], [ 6.80000172138043, 52.616481030195203 ], [ 6.79950536630387, 52.615623282388498 ], [ 6.79946920225352, 52.6150973030025 ], [ 6.79947152481364, 52.614988860635201 ], [ 6.79951229432982, 52.614941503405099 ], [ 6.79951074976214, 52.614393876767402 ], [ 6.79941094682849, 52.614451016923702 ], [ 6.79945915949738, 52.614362462935603 ], [ 6.79943705550636, 52.612496855897 ], [ 6.7980097201597, 52.612785203107599 ], [ 6.79798225916104, 52.6127357592568 ], [ 6.79785005231909, 52.612485577512103 ], [ 6.79758615833348, 52.612186818494997 ], [ 6.79704267004738, 52.611521811016402 ], [ 6.79706805864203, 52.611366546020498 ], [ 6.79508352461568, 52.611816718170502 ], [ 6.79494322262385, 52.6117435650198 ], [ 6.7947015214795, 52.611924186109199 ], [ 6.79379104252188, 52.610687473554499 ], [ 6.79372900777171, 52.610278774651299 ], [ 6.79384319582211, 52.6102618757198 ], [ 6.79374833571522, 52.609972236660802 ], [ 6.79376243322863, 52.609458619604403 ], [ 6.79411653467311, 52.609255861723398 ], [ 6.79483666165407, 52.609079900031098 ], [ 6.7948343235719, 52.6090541220386 ], [ 6.79484687556943, 52.608895471221402 ], [ 6.79510686716053, 52.607445138745803 ], [ 6.79462516226268, 52.6072260475812 ], [ 6.7942469577844, 52.607187027656103 ], [ 6.79423645082604, 52.607131307710901 ], [ 6.79416371961777, 52.607059394278401 ], [ 6.79414231361037, 52.6068637930451 ], [ 6.79419647129077, 52.606757790908802 ], [ 6.79448771973437, 52.606187653040898 ], [ 6.79436518298815, 52.605845751045301 ], [ 6.79424533745598, 52.605649862529098 ], [ 6.79399447079576, 52.605419647923704 ], [ 6.79389720164157, 52.605346153118198 ], [ 6.79387829464187, 52.605061507807498 ], [ 6.79611889964568, 52.603681627340499 ], [ 6.79644957747387, 52.603463887033101 ], [ 6.79707548061946, 52.603148998147098 ], [ 6.79712487334024, 52.603124155721503 ], [ 6.79747682477484, 52.603033223767198 ], [ 6.79766607163087, 52.602984331124098 ], [ 6.79797735668674, 52.602952688301102 ], [ 6.79825078852004, 52.602924890569398 ], [ 6.79886448406305, 52.602905999277802 ], [ 6.79914566675918, 52.602897379163799 ], [ 6.80017050588926, 52.602557563811601 ], [ 6.80188846626917, 52.6015088408179 ], [ 6.80223243117893, 52.601425938096298 ], [ 6.80281483373632, 52.601285326472897 ], [ 6.80346139610747, 52.601193468815097 ], [ 6.80384529872373, 52.601097365151901 ], [ 6.80412637897165, 52.600937040296799 ], [ 6.80435093025714, 52.600690424508301 ], [ 6.80454727256135, 52.600440857432297 ], [ 6.80471809111383, 52.6000992266381 ], [ 6.80476190241244, 52.600011613958998 ], [ 6.80492343811328, 52.599817149840597 ], [ 6.8051951236027, 52.599611149986401 ], [ 6.80540551317806, 52.599527605148502 ], [ 6.80558342417166, 52.599482841887998 ], [ 6.80610073784075, 52.599414650443101 ], [ 6.80725461523089, 52.599374163670902 ], [ 6.80772027375336, 52.599323612415702 ], [ 6.80789677399297, 52.5992750969871 ], [ 6.80821234397205, 52.599159910403699 ], [ 6.80841607520421, 52.599072325585702 ], [ 6.80896407304767, 52.5987560674793 ], [ 6.80913825190175, 52.598618479830499 ], [ 6.8095676456618, 52.598305464149703 ], [ 6.8101925494495, 52.598036796010703 ], [ 6.8105008859861, 52.597935469795601 ], [ 6.8110092621794, 52.597812628696701 ], [ 6.8112758223698, 52.597761897974401 ], [ 6.81152284687919, 52.597741647270396 ], [ 6.81251041972756, 52.597727438368601 ], [ 6.81308596091697, 52.597808836273202 ], [ 6.81560234480528, 52.598269362220499 ], [ 6.8177607783616, 52.598686280836098 ], [ 6.81855296272956, 52.593689507899299 ], [ 6.81868040973137, 52.592752937304802 ], [ 6.81873495447735, 52.592406950504099 ], [ 6.81879385883583, 52.592032630046099 ], [ 6.81959290772944, 52.586898309758098 ], [ 6.81969467691341, 52.586439356451699 ], [ 6.82020952826226, 52.583359628086299 ], [ 6.82029074913757, 52.582778996850202 ], [ 6.8207698528292, 52.5793409142358 ], [ 6.82086500376455, 52.578624942954598 ], [ 6.82097864088896, 52.577768320897299 ], [ 6.82099069599843, 52.577694900216997 ], [ 6.82100038478117, 52.577636452230998 ], [ 6.82145502206042, 52.5737011191652 ], [ 6.82170101483728, 52.572284856077502 ], [ 6.81761945539558, 52.572181435950398 ], [ 6.81110759379962, 52.572008767721499 ], [ 6.807858985341, 52.5719179837062 ], [ 6.80684847596926, 52.571664128425503 ], [ 6.80804069608504, 52.568497361294099 ], [ 6.80718360083415, 52.5685478444572 ], [ 6.80634685465018, 52.568571992916901 ], [ 6.80001910430423, 52.568668189754497 ], [ 6.79921399269814, 52.568682265468503 ], [ 6.79871192738995, 52.568665195821701 ], [ 6.798375993413, 52.568625228100103 ], [ 6.79810677723901, 52.568558446170996 ], [ 6.79782408259728, 52.568457333846503 ], [ 6.79597812399423, 52.567695444777598 ], [ 6.79426031859124, 52.567009917467999 ], [ 6.79065325417109, 52.565500888427799 ], [ 6.78987911098258, 52.5651848484951 ], [ 6.78973267955233, 52.565146290469698 ], [ 6.78939241534455, 52.565109489103598 ], [ 6.78756994398402, 52.564894968474199 ], [ 6.7865773026884, 52.564742969357901 ], [ 6.78527157859625, 52.564370827889199 ], [ 6.78397674661487, 52.563990873017701 ], [ 6.78298243600145, 52.5637029453734 ], [ 6.7827794063506, 52.563629724853698 ], [ 6.78260717867914, 52.563519225397997 ], [ 6.78233461110066, 52.563285995080797 ], [ 6.78170694451365, 52.562665753519703 ], [ 6.78150677592869, 52.562521368907802 ], [ 6.7812679333887, 52.562441629686603 ], [ 6.77839903705564, 52.561675475757099 ], [ 6.77811317107062, 52.561624250733303 ], [ 6.77595397876858, 52.561478129535999 ], [ 6.77375761925436, 52.561331989007599 ], [ 6.77325157694949, 52.561334068247298 ], [ 6.77282936446486, 52.561393922108898 ], [ 6.77269820964339, 52.561446052469201 ], [ 6.77249974523638, 52.561524934487601 ], [ 6.77219415258889, 52.561603975652602 ], [ 6.77194080569434, 52.561621596075902 ], [ 6.77161296015614, 52.561633137464803 ], [ 6.7680584645832, 52.561638072958601 ], [ 6.76704839205341, 52.561628883574599 ], [ 6.76669348402265, 52.561637823602901 ], [ 6.76669285852184, 52.561675397844901 ], [ 6.76669219059757, 52.561715839694898 ], [ 6.76668356114907, 52.562185061800797 ], [ 6.7666601272474, 52.563443626025801 ], [ 6.7666598840985, 52.563472512330698 ], [ 6.76665873336302, 52.563532907021099 ], [ 6.76525317743512, 52.564272024127703 ], [ 6.76522592639881, 52.564286481031601 ], [ 6.76468566082453, 52.564570537297499 ], [ 6.76446323631083, 52.564687366772901 ], [ 6.76229262904612, 52.565828589423397 ], [ 6.76062451915891, 52.566705658902798 ], [ 6.75614348958965, 52.5690612484361 ], [ 6.75132180414232, 52.571585981985599 ], [ 6.74813731201929, 52.573253346159603 ], [ 6.74652383432766, 52.574098052599098 ], [ 6.74252530410889, 52.576190828404798 ], [ 6.74133579259214, 52.5768136818212 ], [ 6.73744569110536, 52.578849766772201 ], [ 6.73642101316588, 52.579386729465 ], [ 6.73371029458941, 52.580807392351403 ], [ 6.72745516851793, 52.584084942400203 ], [ 6.72561214495611, 52.585050299736999 ], [ 6.72398631958409, 52.5859043310831 ], [ 6.72288345118616, 52.586479626236901 ], [ 6.71876855894584, 52.5886347369999 ], [ 6.71906446765432, 52.589800126830902 ], [ 6.71929255075132, 52.590697409738901 ], [ 6.71994655361237, 52.593270985996298 ], [ 6.72157169744568, 52.594874375842899 ], [ 6.72089638757196, 52.595835119354497 ], [ 6.72086761185737, 52.595879695746497 ], [ 6.7208410381077, 52.595924521338297 ], [ 6.72081669040872, 52.5959694167571 ], [ 6.72079470135941, 52.596014672297898 ], [ 6.72077508169372, 52.596060081354899 ], [ 6.72075768296858, 52.596105659055098 ], [ 6.72074250052653, 52.596151495228597 ], [ 6.7207302334124, 52.596195786970199 ], [ 6.72071990231328, 52.596240331790597 ], [ 6.72071152187761, 52.5962868384348 ], [ 6.7207053471982, 52.596333522424999 ], [ 6.72070154195138, 52.5963803599371 ], [ 6.72069996265029, 52.596427555022501 ], [ 6.7207008754757, 52.596474816073297 ], [ 6.72070373397609, 52.596522429301103 ], [ 6.72070909423917, 52.596570207590403 ], [ 6.72072826613236, 52.596704349296502 ], [ 6.7208378574657, 52.597517601004398 ], [ 6.72084398226594, 52.597563172996999 ], [ 6.7209207702516, 52.598132858705597 ], [ 6.72092869932793, 52.5981943091573 ], [ 6.72093322321423, 52.598225211500903 ], [ 6.72093819072045, 52.5982620750245 ], [ 6.72094409248245, 52.598306257958598 ], [ 6.72096754729711, 52.598360211309497 ], [ 6.72108917572378, 52.598639134631 ], [ 6.72139466890178, 52.599078613388997 ], [ 6.72145197621162, 52.599386232307801 ], [ 6.72165271718283, 52.599781585064903 ], [ 6.72199491112405, 52.600279883024101 ], [ 6.72223281980594, 52.600673477064198 ], [ 6.72279064066065, 52.601716028167303 ], [ 6.72342369957689, 52.6027726207057 ], [ 6.72348759754465, 52.6028792253936 ], [ 6.72375076309974, 52.6031297820671 ], [ 6.7239283637098, 52.604169080458199 ], [ 6.72373963286026, 52.604511819673597 ], [ 6.72382751894467, 52.604953869209503 ], [ 6.72390941780291, 52.6050415320708 ], [ 6.72392897456319, 52.605136035144497 ], [ 6.72398206391139, 52.605311588324703 ], [ 6.7240097006084, 52.605447654357803 ], [ 6.72402602477351, 52.605497702307296 ], [ 6.72413119691991, 52.605966789722402 ], [ 6.72418691738495, 52.606237455592897 ], [ 6.72419392700735, 52.606271462774203 ], [ 6.72423679979404, 52.606479729717996 ], [ 6.72426407631442, 52.606692543484002 ], [ 6.72424532567838, 52.606754487857401 ], [ 6.72428721678332, 52.606984828959597 ], [ 6.72429027658412, 52.607089589302298 ], [ 6.7242906644157, 52.607104325467397 ], [ 6.72431817222776, 52.607152061597702 ], [ 6.7243109459147, 52.6072239027542 ], [ 6.72431369352813, 52.6073096212682 ], [ 6.72433918104339, 52.607494858451197 ], [ 6.72440695092698, 52.607611275130502 ], [ 6.72444765397346, 52.607716165487702 ], [ 6.72437863323637, 52.6078810449321 ], [ 6.72430448979872, 52.608119910018701 ], [ 6.72433517013069, 52.608332618285303 ], [ 6.72437132276206, 52.608439246545601 ], [ 6.7246966270141, 52.6089631522511 ], [ 6.72472713147118, 52.609031177585997 ], [ 6.72474996156317, 52.6090819888407 ], [ 6.72476642841389, 52.609149834323603 ], [ 6.72506978955653, 52.610398548422701 ], [ 6.72507325849005, 52.610412552489997 ], [ 6.72508171585639, 52.6104297725865 ], [ 6.72509600161683, 52.610458794112397 ], [ 6.72516238390092, 52.610597537411998 ], [ 6.72523560953726, 52.610742760413203 ], [ 6.72524482898452, 52.610761523757198 ], [ 6.72543486866541, 52.611147779192301 ], [ 6.72546281678459, 52.611204758117601 ], [ 6.72548604631896, 52.611251890201402 ], [ 6.7256336847581, 52.611552294519399 ], [ 6.72606969345734, 52.612439355216203 ], [ 6.72608715516937, 52.612474956708503 ], [ 6.72613293443648, 52.612568137498499 ], [ 6.72616858375071, 52.612640730155597 ], [ 6.72618607201539, 52.612676107344001 ], [ 6.72686659001511, 52.614060273039598 ], [ 6.72705559384444, 52.6144448151029 ], [ 6.72729335441942, 52.614928807622199 ], [ 6.72712245958135, 52.615173217410799 ], [ 6.72711300270425, 52.615186946305499 ], [ 6.72708404176608, 52.6152289758815 ], [ 6.72703797098316, 52.615295863238799 ], [ 6.7263433473394, 52.616304570165703 ], [ 6.72598375022473, 52.616826377710602 ], [ 6.72587633311716, 52.6169822389638 ], [ 6.72547261080632, 52.617567858076498 ], [ 6.72528112809285, 52.6178456342776 ], [ 6.72525235093755, 52.617900003795299 ], [ 6.7248684890389, 52.618625061722398 ], [ 6.72295437773335, 52.6203205977491 ], [ 6.72289543034597, 52.620372893885801 ], [ 6.72278982186346, 52.6203256428226 ], [ 6.72273400530151, 52.620254181009003 ], [ 6.72257461570618, 52.620277533679896 ], [ 6.72240691410957, 52.620297066568199 ], [ 6.72224867694548, 52.6203187055375 ], [ 6.72207789372314, 52.620349490460598 ], [ 6.72183726591314, 52.620478210673497 ], [ 6.72180687639143, 52.620498082508703 ], [ 6.72176714421601, 52.620524023937101 ], [ 6.72169201005874, 52.620588111115701 ], [ 6.72161756739927, 52.620685526444802 ], [ 6.72160290017085, 52.620754274843598 ], [ 6.7216005176793, 52.620806678599799 ], [ 6.7215267976962, 52.620858887646598 ], [ 6.72136358129891, 52.6209183034129 ], [ 6.72119813259687, 52.620977451200503 ], [ 6.72083031235909, 52.621192678180201 ], [ 6.72069673612029, 52.621277607001403 ], [ 6.72065405279321, 52.621366560264903 ], [ 6.72064561367828, 52.621418919356699 ], [ 6.72041135779014, 52.621549926426802 ], [ 6.72017659924545, 52.621641404074801 ], [ 6.72004215614037, 52.621681850661503 ], [ 6.71982431598416, 52.621724971357899 ], [ 6.71980517699425, 52.621728766052399 ], [ 6.71977022779966, 52.621730871546198 ], [ 6.71970060144083, 52.621735249595197 ], [ 6.71954016093639, 52.621721846180399 ], [ 6.71948596211228, 52.621730441670998 ], [ 6.7194227709495, 52.621740347609098 ], [ 6.71938978653049, 52.621745584036603 ], [ 6.71917528261821, 52.621812038776298 ], [ 6.71913077375315, 52.621825793256498 ], [ 6.71907400552112, 52.621840606406103 ], [ 6.7186412787623, 52.621953498737803 ], [ 6.71857322596001, 52.621990672842898 ], [ 6.71856720105232, 52.622001400966802 ], [ 6.71854904988731, 52.622038178712799 ], [ 6.71851849365402, 52.622191854627303 ], [ 6.71849747698977, 52.622296492800501 ], [ 6.71851824009665, 52.622337886811202 ], [ 6.71851884450513, 52.622339049416503 ], [ 6.71842729730479, 52.622979188615297 ], [ 6.71824191325276, 52.623389737398597 ], [ 6.71779618908171, 52.623665731719498 ], [ 6.71777105619756, 52.6236813338001 ], [ 6.71755074530161, 52.623890356846502 ], [ 6.71753330070366, 52.623906997264399 ], [ 6.71750967849196, 52.623925649679499 ], [ 6.71688381290466, 52.624419844961402 ], [ 6.71681273461756, 52.624471319777903 ], [ 6.71674676996646, 52.624519080596201 ], [ 6.71671846679898, 52.624539647789298 ], [ 6.71656859791145, 52.624631496363598 ], [ 6.71637487228292, 52.624750310871804 ], [ 6.71636596075882, 52.624756298451203 ], [ 6.7162346563379, 52.624844889886603 ], [ 6.71608065257298, 52.6249823278553 ], [ 6.71602695074431, 52.625030369754697 ], [ 6.71584734881853, 52.625172996564302 ], [ 6.71573833383507, 52.625253187378704 ], [ 6.715559006459, 52.625385118722697 ], [ 6.71555330105628, 52.625388839196802 ], [ 6.71537542519121, 52.625502248027203 ], [ 6.71536826848302, 52.625506596899598 ], [ 6.71509330622858, 52.625670563820698 ], [ 6.71505762241645, 52.625691806474002 ], [ 6.71504844516584, 52.6256997670421 ], [ 6.7148297393406, 52.625889447613503 ], [ 6.71472563127513, 52.6260897647878 ], [ 6.71456812119669, 52.626392394896001 ], [ 6.71456153780455, 52.6264050183214 ], [ 6.71454181519682, 52.626427333178803 ], [ 6.71437969355507, 52.626610021299498 ], [ 6.71422757919406, 52.626782130099997 ], [ 6.71421235070173, 52.626799298378501 ], [ 6.71419157333097, 52.626810658696002 ], [ 6.71416507930752, 52.626816027973298 ], [ 6.71397533017086, 52.626854285232199 ], [ 6.71390997576488, 52.626867536466101 ], [ 6.71357388404227, 52.626860580114503 ], [ 6.71356605314063, 52.626859997305203 ], [ 6.71299542619425, 52.626788669699401 ], [ 6.7129467438431, 52.626791928700897 ], [ 6.71275164551516, 52.626799571245101 ], [ 6.71225011507392, 52.626808433401898 ], [ 6.71202435537949, 52.626829653597497 ], [ 6.71090960872011, 52.6271179975001 ], [ 6.7107946302217, 52.627149961997397 ], [ 6.71053252222152, 52.6272423937802 ], [ 6.71037978554643, 52.627285721954202 ], [ 6.71013642783045, 52.627314771939297 ], [ 6.71002926103918, 52.627490837826699 ], [ 6.71008168111596, 52.627709167351 ], [ 6.71006620717163, 52.6277575951421 ], [ 6.71004811633946, 52.627826419869898 ], [ 6.71003779597968, 52.627862466580801 ], [ 6.71077119761856, 52.628058444467896 ], [ 6.71083772776164, 52.628076221684502 ], [ 6.71094725555829, 52.628117858222602 ], [ 6.71103670082538, 52.628151859023703 ], [ 6.71326142489044, 52.629130220215998 ], [ 6.71337953910529, 52.629254961328201 ], [ 6.71341870730424, 52.6292729550538 ], [ 6.71351719034246, 52.629318206439699 ], [ 6.71380976004882, 52.629453940473198 ], [ 6.71410080881302, 52.629786395611397 ], [ 6.71482712083126, 52.630073982107497 ], [ 6.71489377198037, 52.630139712992303 ], [ 6.71501680791106, 52.630266849282798 ], [ 6.71534134376745, 52.630360511795899 ], [ 6.71548423273927, 52.630355688231298 ], [ 6.7155199976469, 52.630359902986697 ], [ 6.71564879482109, 52.630375093040499 ], [ 6.71648605166638, 52.630636565753598 ], [ 6.71663261938104, 52.6307117944068 ], [ 6.71698086965709, 52.630837740821903 ], [ 6.71764372775408, 52.6310265785878 ], [ 6.71766434707117, 52.631032470008599 ], [ 6.71799079733855, 52.631215343378798 ], [ 6.71828059006029, 52.631342182586302 ], [ 6.71871460988583, 52.631293445864003 ], [ 6.71890056534248, 52.631302827660001 ], [ 6.71923201102832, 52.631348622882598 ], [ 6.71982247136907, 52.631399944115799 ], [ 6.72026559851977, 52.631402549757198 ], [ 6.72078864961877, 52.631432966212202 ], [ 6.72081279823586, 52.6314460285748 ], [ 6.72112575063041, 52.6316159458624 ], [ 6.72191992572921, 52.631875399638297 ], [ 6.72253928954531, 52.632067796970397 ], [ 6.72283426780019, 52.6321318625142 ], [ 6.72331329041797, 52.632294293761099 ], [ 6.72373185196288, 52.632427785085603 ], [ 6.72394235637978, 52.632500726609997 ], [ 6.72422474846236, 52.632598661840902 ], [ 6.72478702608537, 52.632793636856803 ], [ 6.72523208154544, 52.632903182946301 ], [ 6.72618452443459, 52.633137611029902 ], [ 6.72632077392375, 52.633186292217303 ], [ 6.72639992647568, 52.633221126647697 ], [ 6.72679252931033, 52.633621580147199 ], [ 6.72731666897403, 52.634303222920003 ], [ 6.72739403329699, 52.634345521540702 ], [ 6.72823731337918, 52.635110397836101 ], [ 6.72916519676647, 52.636008431712298 ], [ 6.7296117322502, 52.636439222812399 ], [ 6.73069401149584, 52.637526739484102 ], [ 6.73288439437266, 52.638772660169003 ], [ 6.73296702569023, 52.638819686630697 ], [ 6.73498791384446, 52.639958772727198 ], [ 6.73510427728357, 52.640025595349996 ], [ 6.73522996633445, 52.640095311715498 ], [ 6.73533944196115, 52.6401569939407 ], [ 6.73554803507379, 52.640274585101899 ], [ 6.73572764487582, 52.640375832134303 ], [ 6.73583838381734, 52.6404780372159 ], [ 6.73623394491332, 52.640843841855201 ], [ 6.73623844816369, 52.6408479472748 ], [ 6.73633133999053, 52.640886490321002 ], [ 6.73642262710131, 52.640924624966701 ], [ 6.73650282238453, 52.640958006688201 ], [ 6.73654693797165, 52.640981904831499 ], [ 6.73660479377101, 52.641013088157301 ], [ 6.73695647918748, 52.641203124860702 ], [ 6.73807587408558, 52.642055532568698 ], [ 6.73852468732109, 52.642528386712499 ], [ 6.73906544368048, 52.642960498906596 ], [ 6.73955020298895, 52.643347848579303 ], [ 6.74043803917125, 52.644051242915303 ], [ 6.74101160710221, 52.644525199241301 ], [ 6.74198416570103, 52.645334187602501 ], [ 6.74247604269289, 52.645441187983302 ], [ 6.7426555606335, 52.645480360927699 ], [ 6.74607856091951, 52.646224799031501 ], [ 6.74624952300285, 52.646250513773602 ], [ 6.74631676931483, 52.646260632270398 ], [ 6.74657005843013, 52.6462987391333 ], [ 6.74728665296405, 52.646406532632398 ], [ 6.74753928383992, 52.646444534969802 ], [ 6.74761016256523, 52.646453885568 ], [ 6.74812699876619, 52.646532239423003 ], [ 6.74817432126458, 52.646539415396298 ], [ 6.74822930102433, 52.646547752999197 ], [ 6.74872768470684, 52.646623325618201 ], [ 6.74928812935216, 52.646709004302501 ], [ 6.75048909324041, 52.6468881237749 ], [ 6.75047242600293, 52.646915313119301 ], [ 6.750471043514, 52.647014520286 ], [ 6.75049586957101, 52.647083832952497 ], [ 6.75053639288853, 52.647137941882796 ], [ 6.75060421611074, 52.647199070325499 ], [ 6.75065539501261, 52.647238275363797 ], [ 6.75080711096443, 52.647354506996301 ], [ 6.75105419749645, 52.647500693606602 ], [ 6.75168757503571, 52.647821397229102 ], [ 6.75178164350604, 52.647856569308601 ], [ 6.75183760126409, 52.647876721006398 ], [ 6.75199592033004, 52.647936392156602 ], [ 6.75234926686832, 52.648041926651402 ], [ 6.75250728518791, 52.648088463388603 ], [ 6.75266576927896, 52.648126790255397 ], [ 6.75280842600048, 52.648152605778201 ], [ 6.75287827173758, 52.648158534695 ], [ 6.75295163055569, 52.648157076026401 ], [ 6.75300020252163, 52.648152332659301 ], [ 6.75305863272891, 52.648143316360397 ], [ 6.75316463050192, 52.6481203119721 ], [ 6.7534263629684, 52.648052308247003 ], [ 6.75356186115773, 52.648021959262998 ], [ 6.7536259237065, 52.647958154654702 ], [ 6.75366085372823, 52.647889895075203 ], [ 6.75366817552679, 52.647851468163502 ], [ 6.75366580560169, 52.6478031103494 ], [ 6.75365120377445, 52.647758324078701 ], [ 6.75362027883838, 52.647720205855002 ], [ 6.75356071149336, 52.6476778847329 ], [ 6.7534578433133, 52.647627764672897 ], [ 6.7533559214589, 52.647585719112399 ], [ 6.75321933212856, 52.647522334747102 ], [ 6.75299443662594, 52.647426442158803 ], [ 6.75289589855463, 52.647401454867001 ], [ 6.75272339880988, 52.647371548430698 ], [ 6.75259031998541, 52.647348126497398 ], [ 6.75246298623725, 52.647315596845303 ], [ 6.75233946964992, 52.647272349344199 ], [ 6.75218760044741, 52.647204564558102 ], [ 6.75207397572806, 52.647144006477603 ], [ 6.75197477202234, 52.647089368835999 ], [ 6.75189609014678, 52.647038726329697 ], [ 6.75196501881758, 52.646983251443899 ], [ 6.75199180020479, 52.646962629038299 ], [ 6.75201671512281, 52.646942079104001 ], [ 6.7520205175352, 52.646939714496 ], [ 6.75214936279807, 52.646836991842598 ], [ 6.75216000604789, 52.646828651631601 ], [ 6.75225007253484, 52.646747564489601 ], [ 6.75229558589085, 52.6466874279024 ], [ 6.75235223031746, 52.646510294544399 ], [ 6.75243196462519, 52.646404373693301 ], [ 6.75248153070343, 52.646357154217 ], [ 6.75256122674371, 52.646300390671598 ], [ 6.75272393837536, 52.646216383510897 ], [ 6.75280414888237, 52.646169178847501 ], [ 6.7530033874867, 52.6460517584648 ], [ 6.75331362466524, 52.645900458146599 ], [ 6.75341439441097, 52.645831972842501 ], [ 6.75345104501407, 52.645807113350102 ], [ 6.75385082280879, 52.645951946086001 ], [ 6.7545420946303, 52.646344389872297 ], [ 6.75488017909094, 52.6467920976988 ], [ 6.75554715933421, 52.647056004957101 ], [ 6.75550558729922, 52.647261794431998 ], [ 6.75584029700134, 52.647378825489497 ], [ 6.75618878956905, 52.6475033101134 ], [ 6.75644199998377, 52.647604462589698 ], [ 6.75884818538287, 52.6488201785507 ], [ 6.76107486349293, 52.648334256227798 ], [ 6.76190968212437, 52.648155451502802 ], [ 6.76243937922279, 52.648036966788602 ], [ 6.76304772926774, 52.647900992547498 ], [ 6.76316078607817, 52.647875702774897 ], [ 6.76704120330689, 52.647023578155803 ], [ 6.7678770534995, 52.646848491721798 ], [ 6.76911777705956, 52.647785376093601 ], [ 6.76914539856198, 52.6478067572179 ], [ 6.76917467716776, 52.647828403331502 ], [ 6.76984402490236, 52.648333864378799 ], [ 6.76986167790771, 52.648330069537899 ], [ 6.77021298286151, 52.6485951335994 ], [ 6.77028665075806, 52.648650641786503 ], [ 6.77191651912605, 52.649880713396399 ], [ 6.77193763369668, 52.649896657315402 ], [ 6.77201775057126, 52.649990860312499 ], [ 6.77204768346912, 52.650016267554399 ], [ 6.77206571174694, 52.6500315599421 ], [ 6.77208930955498, 52.650051587838099 ], [ 6.77214910277776, 52.650061964995402 ], [ 6.77220129093628, 52.650071003181999 ], [ 6.77238532795995, 52.6501027165274 ], [ 6.77253337054045, 52.6501276293179 ], [ 6.77259534103744, 52.650139386963701 ], [ 6.77259545828757, 52.650139407151997 ], [ 6.77277435729511, 52.650170411829002 ], [ 6.77318176210899, 52.650139263286498 ], [ 6.77339067868842, 52.650129451311201 ], [ 6.77360015687955, 52.6501269148592 ], [ 6.77380839015112, 52.650137239817703 ], [ 6.77402431028602, 52.650164757225603 ], [ 6.77417652500385, 52.650199529381901 ], [ 6.77427383891526, 52.650229178486398 ], [ 6.77443614244621, 52.650291205046202 ], [ 6.77557987634297, 52.650820669190701 ], [ 6.77717213336601, 52.651558893864497 ], [ 6.77727105562003, 52.651604441068599 ], [ 6.77735526640532, 52.651636593185003 ], [ 6.77738825575884, 52.651646716476002 ], [ 6.77747745740058, 52.6516696736821 ], [ 6.77751868771311, 52.651677937413197 ], [ 6.77768154081509, 52.651703382343698 ], [ 6.77776591385982, 52.6517148562004 ], [ 6.77782779124218, 52.651723273392399 ], [ 6.77794579434343, 52.6517409888733 ], [ 6.77918870608875, 52.651908337208503 ], [ 6.78095437549995, 52.652148597810701 ], [ 6.782245920462, 52.652325645822799 ], [ 6.78263431208547, 52.652380033678902 ], [ 6.78348488776837, 52.652495023951303 ], [ 6.78376064691646, 52.652528966272399 ], [ 6.78389866607393, 52.6525456655543 ], [ 6.78401936454734, 52.6525528600854 ], [ 6.78415882233031, 52.652550766283099 ], [ 6.78433807223114, 52.6525430235207 ], [ 6.78494994411805, 52.652515335090698 ], [ 6.78614661926671, 52.6524519437531 ], [ 6.78631867224043, 52.6524388482853 ], [ 6.78655808119953, 52.6524153309757 ], [ 6.7867470099909, 52.652395383828399 ], [ 6.7869534970153, 52.652373516492297 ], [ 6.78708761486414, 52.652362381702503 ], [ 6.78721930898678, 52.652356200883901 ], [ 6.78734780929812, 52.652352657777399 ], [ 6.78740810577778, 52.652352615161298 ], [ 6.78754791479435, 52.652354381383901 ], [ 6.78767038932959, 52.652360661234297 ], [ 6.78783366671292, 52.652377279172001 ], [ 6.78795626723805, 52.652398927937 ], [ 6.78808571616398, 52.652431944114099 ], [ 6.78909766791147, 52.652720776994002 ], [ 6.78917308608552, 52.652739862369998 ], [ 6.7893772636082, 52.6527872109369 ], [ 6.78947595112093, 52.652802549229399 ], [ 6.78956634877735, 52.652808417319001 ], [ 6.78967005995989, 52.652806827865497 ], [ 6.78978797008317, 52.652798399800702 ], [ 6.7899273153211, 52.652781838410903 ], [ 6.7900536129786, 52.652762479783298 ], [ 6.79017877059694, 52.652738460025397 ], [ 6.79032620827231, 52.6527033283759 ], [ 6.79048068884903, 52.652657537852399 ], [ 6.79063252550658, 52.652604945033303 ], [ 6.79078678080444, 52.652546309736302 ], [ 6.79095563591954, 52.652470232828499 ] ] ] ] } },
{ "type": "Feature", "properties": { "BEZ_GEM": "Emlichheim", "SCH_GEM": "03456002", "BEZ_KRS": "Grafschaft Bentheim" }, "geometry": { "type": "MultiPolygon", "coordinates": [ [ [ [ 6.88004019411767, 52.650546572417497 ], [ 6.88022252016194, 52.650538227197003 ], [ 6.88044431006519, 52.650544767571397 ], [ 6.88052180244162, 52.650549508007899 ], [ 6.88054019919925, 52.650550628434097 ], [ 6.88075265127097, 52.650569886089301 ], [ 6.88267297403979, 52.650743892781399 ], [ 6.8833349196695, 52.650803872794803 ], [ 6.88504187982774, 52.6509585176915 ], [ 6.88533727190742, 52.650986764866197 ], [ 6.88616615149918, 52.651060346004698 ], [ 6.88619441421743, 52.651062909418599 ], [ 6.88623780953744, 52.651066839830001 ], [ 6.88685096332339, 52.651124616671197 ], [ 6.88844636646875, 52.651267628152198 ], [ 6.88859940697669, 52.6512807233796 ], [ 6.89117774493081, 52.651514180585799 ], [ 6.89141424680406, 52.651528811905003 ], [ 6.8914869828169, 52.651534134843203 ], [ 6.89159973184526, 52.6515356561681 ], [ 6.89178122889871, 52.651538733631298 ], [ 6.89188303247078, 52.6515372814915 ], [ 6.89203324505187, 52.651535135186201 ], [ 6.89315351243483, 52.651513011838802 ], [ 6.89466314928664, 52.651483178559701 ], [ 6.89590446827093, 52.651458639863101 ], [ 6.89626514330707, 52.6514515045547 ], [ 6.89629842569497, 52.6514508458039 ], [ 6.89663070878644, 52.651441047185401 ], [ 6.89675925891284, 52.651429707503297 ], [ 6.89683700058723, 52.651422851545099 ], [ 6.8969831148181, 52.6514099712047 ], [ 6.89714820307782, 52.6513861970612 ], [ 6.89738053547563, 52.651340472036203 ], [ 6.89765871212023, 52.651275077438498 ], [ 6.89809116057282, 52.651173414352101 ], [ 6.89832443881193, 52.651106385295598 ], [ 6.89841076690346, 52.651077390587297 ], [ 6.8985120891345, 52.651035084575803 ], [ 6.89865132332307, 52.650976960511997 ], [ 6.89886525130054, 52.6508876387527 ], [ 6.89892982186625, 52.650860676468703 ], [ 6.89902567538204, 52.650803517883801 ], [ 6.89905710382179, 52.650784779429998 ], [ 6.89919503880475, 52.650702534328197 ], [ 6.90071978002842, 52.649793302308602 ], [ 6.90183304335574, 52.649129416854201 ], [ 6.90205414523242, 52.6489967693145 ], [ 6.90219041706032, 52.648917836185298 ], [ 6.90219418829977, 52.648915646094103 ], [ 6.9022323081005, 52.648893572559402 ], [ 6.90231985072292, 52.648847090000103 ], [ 6.90237687216404, 52.648816818161698 ], [ 6.90255600186369, 52.648734777186498 ], [ 6.90272773084726, 52.648665570728902 ], [ 6.90276124714658, 52.648654726891202 ], [ 6.90293213051445, 52.648599469048101 ], [ 6.90314660125997, 52.648547185478797 ], [ 6.90321252503023, 52.648532904952603 ], [ 6.90326090410452, 52.648523492966802 ], [ 6.90336703887964, 52.648501499038197 ], [ 6.9036320655307, 52.648465350105603 ], [ 6.90562470507099, 52.648215233958602 ], [ 6.90614865829574, 52.648149462369901 ], [ 6.90645303066221, 52.648111529970201 ], [ 6.90691466323601, 52.6480533034009 ], [ 6.90736233239034, 52.647996761540099 ], [ 6.90778604004007, 52.647943238531099 ], [ 6.90785673436285, 52.647932096821798 ], [ 6.9080738222109, 52.647897878659002 ], [ 6.90813679916959, 52.647885503523199 ], [ 6.90867586236072, 52.6477795796458 ], [ 6.90936109272204, 52.647641912487302 ], [ 6.91033823593878, 52.647450182178503 ], [ 6.91108957116185, 52.647306522970901 ], [ 6.91145590738259, 52.6472347203797 ], [ 6.91356809340543, 52.646819525235799 ], [ 6.91370655950008, 52.6467904847444 ], [ 6.9137834239397, 52.6467726326077 ], [ 6.91382309333138, 52.646761318577902 ], [ 6.91395695252154, 52.6467231511729 ], [ 6.91399586924655, 52.646709324183398 ], [ 6.91413272427637, 52.646660698233397 ], [ 6.91416790684335, 52.646645501658902 ], [ 6.91426983247995, 52.646601466571802 ], [ 6.91429067103211, 52.646590710969498 ], [ 6.91438102617847, 52.646544089296199 ], [ 6.91449134092035, 52.646477839779202 ], [ 6.91458995178888, 52.646409630758697 ], [ 6.91463113807722, 52.646377923388101 ], [ 6.9146388258497, 52.646372007428802 ], [ 6.91472431584896, 52.646295888530602 ], [ 6.91480016570506, 52.646215760482903 ], [ 6.91486457106667, 52.646134127154397 ], [ 6.91490494921414, 52.646073102047502 ], [ 6.91492371241675, 52.646044749332901 ], [ 6.91494493102742, 52.646003626897702 ], [ 6.91497403155842, 52.645947222714703 ], [ 6.91499276252307, 52.645901524747899 ], [ 6.91502462308886, 52.645781203344001 ], [ 6.91505539036541, 52.645584740336098 ], [ 6.91517499068769, 52.644809904708801 ], [ 6.91523759465882, 52.644404373269502 ], [ 6.9152850358923, 52.644106257582202 ], [ 6.91532937000582, 52.643809741626001 ], [ 6.91538936100639, 52.643402518628001 ], [ 6.91548944297013, 52.642772687251103 ], [ 6.9155589079755, 52.642335581127703 ], [ 6.91557835605801, 52.642174678079499 ], [ 6.91560109034411, 52.642043199227302 ], [ 6.91562993116997, 52.641946490219503 ], [ 6.91564609535566, 52.641914306214503 ], [ 6.91567231684436, 52.641862104187403 ], [ 6.91572390114793, 52.6417897398495 ], [ 6.91575308507127, 52.641753567902299 ], [ 6.91583845085111, 52.641661486057103 ], [ 6.91591945268196, 52.641591851177203 ], [ 6.91595809600899, 52.641560970798302 ], [ 6.91605262021257, 52.641499774037598 ], [ 6.91619821460699, 52.6414174104425 ], [ 6.91638287381347, 52.641314244096399 ], [ 6.91653049713612, 52.6412317719263 ], [ 6.91686300521793, 52.641045992595203 ], [ 6.91750004329481, 52.640690070093598 ], [ 6.91802741345567, 52.640395409115399 ], [ 6.91835123796403, 52.640214490316403 ], [ 6.91859765463177, 52.640076799440699 ], [ 6.91874295369826, 52.640002942565701 ], [ 6.91885797476196, 52.639944477530797 ], [ 6.91888046752814, 52.639937391780201 ], [ 6.91894548494774, 52.639916909495703 ], [ 6.91904828160656, 52.639887092335201 ], [ 6.91907417931008, 52.639879580826502 ], [ 6.91921097761352, 52.639853058350397 ], [ 6.91910373952711, 52.639768146515301 ], [ 6.9176604972908, 52.638655174158501 ], [ 6.91584733601098, 52.637097768494797 ], [ 6.91607812608426, 52.636991053520802 ], [ 6.91490949104656, 52.635861234614701 ], [ 6.91424044957794, 52.635196038425399 ], [ 6.90993042202244, 52.630883504517399 ], [ 6.90987357742022, 52.630826663719702 ], [ 6.9098065773693, 52.630759663027 ], [ 6.90570419628838, 52.626696280527 ], [ 6.90471063164603, 52.6256943980732 ], [ 6.90291067323204, 52.623879507590999 ], [ 6.90012603842835, 52.621116205601503 ], [ 6.89929927202186, 52.620295706782002 ], [ 6.89811201798613, 52.619117367383602 ], [ 6.89682204619554, 52.617837078631403 ], [ 6.89554893916739, 52.6165763167715 ], [ 6.89364951119216, 52.614654541596202 ], [ 6.8936023309221, 52.614606802106898 ], [ 6.89308700589387, 52.614077307622303 ], [ 6.89357665620298, 52.613664411207097 ], [ 6.89186776725101, 52.612641514407997 ], [ 6.89209202095571, 52.612416328376497 ], [ 6.89003823761879, 52.611262478447102 ], [ 6.88977086174959, 52.611077962267601 ], [ 6.88991929287636, 52.6110166050643 ], [ 6.88791236288617, 52.6096108603831 ], [ 6.88656849988599, 52.608703814027699 ], [ 6.8860733971117, 52.608366601664599 ], [ 6.88581946888563, 52.608170995843601 ], [ 6.88453912315522, 52.607311546460402 ], [ 6.8833422495146, 52.606486304519798 ], [ 6.88314999766887, 52.606356714908699 ], [ 6.88160409414547, 52.605315978837901 ], [ 6.88186593923181, 52.605154048222097 ], [ 6.8821066274028, 52.604965303178602 ], [ 6.88228636882355, 52.604751010333402 ], [ 6.88266506261955, 52.604034315554401 ], [ 6.88389227825281, 52.601710785620597 ], [ 6.88431517441337, 52.6012003346653 ], [ 6.88482460651139, 52.600726495629303 ], [ 6.88590742743084, 52.600075238650099 ], [ 6.88669240965893, 52.599662239621097 ], [ 6.88740899917707, 52.599347552586899 ], [ 6.88841476466285, 52.5988332524581 ], [ 6.88818984948691, 52.598784129844901 ], [ 6.88814357847651, 52.598770752178901 ], [ 6.88806676541879, 52.598748557384802 ], [ 6.88788472149596, 52.598689570791201 ], [ 6.8876372899565, 52.598586707024403 ], [ 6.88754248058, 52.598485567895402 ], [ 6.88746471417026, 52.598322411721099 ], [ 6.88744198165754, 52.598151632483798 ], [ 6.88725087071427, 52.598124628218798 ], [ 6.88634165011161, 52.597611611490002 ], [ 6.88509805246513, 52.597334571193201 ], [ 6.88504124238566, 52.597285909636099 ], [ 6.88486542291881, 52.597135332690399 ], [ 6.88483521903527, 52.597032495123003 ], [ 6.88462945848832, 52.596924138174202 ], [ 6.88440873865291, 52.596746574586497 ], [ 6.88433609937173, 52.5966881346395 ], [ 6.88405292610746, 52.596159679176097 ], [ 6.88391639613577, 52.5959930874468 ], [ 6.88360352889312, 52.595756724317702 ], [ 6.8823105166269, 52.595057008304501 ], [ 6.88211740255311, 52.595043402304697 ], [ 6.88241758214484, 52.594933651644403 ], [ 6.883684570204, 52.5944703977231 ], [ 6.8836490086085, 52.5943911929756 ], [ 6.88326208313367, 52.593574936969503 ], [ 6.88176656167147, 52.591593851789703 ], [ 6.88120519216237, 52.5908722062591 ], [ 6.88077119307127, 52.590313968563699 ], [ 6.87966428968607, 52.5888471201377 ], [ 6.87875350981534, 52.587640127377398 ], [ 6.8785531335931, 52.587393402035701 ], [ 6.87736940693946, 52.585936842852398 ], [ 6.8773018258839, 52.585853716929599 ], [ 6.87664349261841, 52.5863467030142 ], [ 6.87488465577419, 52.584064615441001 ], [ 6.87371136846968, 52.582527819140999 ], [ 6.87234535105402, 52.580738746322297 ], [ 6.87130381318821, 52.579374324958998 ], [ 6.87050113540569, 52.578342207971403 ], [ 6.87018662577472, 52.5779214929631 ], [ 6.87104139896482, 52.5776773692264 ], [ 6.87033497289694, 52.576767380490203 ], [ 6.87037965233455, 52.576762159899197 ], [ 6.86818513386314, 52.573779583921699 ], [ 6.86613012084682, 52.5738035274859 ], [ 6.85824262383269, 52.573953832737999 ], [ 6.85661293826603, 52.573975676187999 ], [ 6.85641785007254, 52.573978257722501 ], [ 6.85461640830913, 52.574002358130898 ], [ 6.85080289638393, 52.574102131426898 ], [ 6.85047760352695, 52.5741023389483 ], [ 6.84861602796202, 52.574163740617301 ], [ 6.84776392926, 52.574038730756399 ], [ 6.84698694086159, 52.573935132530899 ], [ 6.8428106936353, 52.573378576236699 ], [ 6.84267653262111, 52.573360665291197 ], [ 6.84106451849028, 52.573146223539702 ], [ 6.84085220397625, 52.5731179831619 ], [ 6.8390987087061, 52.572884838329102 ], [ 6.83895120347023, 52.572865240836698 ], [ 6.83419520901062, 52.572232782060397 ], [ 6.83392557462035, 52.572196916345902 ], [ 6.83120460449734, 52.571835346197297 ], [ 6.83097543545284, 52.571804980806597 ], [ 6.82868410238908, 52.5715004097217 ], [ 6.82719624864192, 52.571302622184902 ], [ 6.82704508609083, 52.571282582951902 ], [ 6.82657679628083, 52.571220393928797 ], [ 6.82189183500302, 52.5706058263589 ], [ 6.82170101483728, 52.572284856077502 ], [ 6.82145502206042, 52.5737011191652 ], [ 6.82100038478117, 52.577636452230998 ], [ 6.82099069599843, 52.577694900216997 ], [ 6.82097864088896, 52.577768320897299 ], [ 6.82086500376455, 52.578624942954598 ], [ 6.8207698528292, 52.5793409142358 ], [ 6.82029074913757, 52.582778996850202 ], [ 6.82020952826226, 52.583359628086299 ], [ 6.81969467691341, 52.586439356451699 ], [ 6.81959290772944, 52.586898309758098 ], [ 6.81879385883583, 52.592032630046099 ], [ 6.81873495447735, 52.592406950504099 ], [ 6.81868040973137, 52.592752937304802 ], [ 6.81855296272956, 52.593689507899299 ], [ 6.8177607783616, 52.598686280836098 ], [ 6.81560234480528, 52.598269362220499 ], [ 6.81308596091697, 52.597808836273202 ], [ 6.81251041972756, 52.597727438368601 ], [ 6.81152284687919, 52.597741647270396 ], [ 6.8112758223698, 52.597761897974401 ], [ 6.8110092621794, 52.597812628696701 ], [ 6.8105008859861, 52.597935469795601 ], [ 6.8101925494495, 52.598036796010703 ], [ 6.8095676456618, 52.598305464149703 ], [ 6.80913825190175, 52.598618479830499 ], [ 6.80896407304767, 52.5987560674793 ], [ 6.80841607520421, 52.599072325585702 ], [ 6.80821234397205, 52.599159910403699 ], [ 6.80789677399297, 52.5992750969871 ], [ 6.80772027375336, 52.599323612415702 ], [ 6.80725461523089, 52.599374163670902 ], [ 6.80610073784075, 52.599414650443101 ], [ 6.80558342417166, 52.599482841887998 ], [ 6.80540551317806, 52.599527605148502 ], [ 6.8051951236027, 52.599611149986401 ], [ 6.80492343811328, 52.599817149840597 ], [ 6.80476190241244, 52.600011613958998 ], [ 6.80471809111383, 52.6000992266381 ], [ 6.80454727256135, 52.600440857432297 ], [ 6.80435093025714, 52.600690424508301 ], [ 6.80412637897165, 52.600937040296799 ], [ 6.80384529872373, 52.601097365151901 ], [ 6.80346139610747, 52.601193468815097 ], [ 6.80281483373632, 52.601285326472897 ], [ 6.80223243117893, 52.601425938096298 ], [ 6.80188846626917, 52.6015088408179 ], [ 6.80017050588926, 52.602557563811601 ], [ 6.79914566675918, 52.602897379163799 ], [ 6.79886448406305, 52.602905999277802 ], [ 6.79825078852004, 52.602924890569398 ], [ 6.79797735668674, 52.602952688301102 ], [ 6.79766607163087, 52.602984331124098 ], [ 6.79747682477484, 52.603033223767198 ], [ 6.79712487334024, 52.603124155721503 ], [ 6.79707548061946, 52.603148998147098 ], [ 6.79644957747387, 52.603463887033101 ], [ 6.79611889964568, 52.603681627340499 ], [ 6.79387829464187, 52.605061507807498 ], [ 6.79389720164157, 52.605346153118198 ], [ 6.79399447079576, 52.605419647923704 ], [ 6.79424533745598, 52.605649862529098 ], [ 6.79436518298815, 52.605845751045301 ], [ 6.79448771973437, 52.606187653040898 ], [ 6.79419647129077, 52.606757790908802 ], [ 6.79414231361037, 52.6068637930451 ], [ 6.79416371961777, 52.607059394278401 ], [ 6.79423645082604, 52.607131307710901 ], [ 6.7942469577844, 52.607187027656103 ], [ 6.79462516226268, 52.6072260475812 ], [ 6.79510686716053, 52.607445138745803 ], [ 6.79484687556943, 52.608895471221402 ], [ 6.7948343235719, 52.6090541220386 ], [ 6.79483666165407, 52.609079900031098 ], [ 6.79411653467311, 52.609255861723398 ], [ 6.79376243322863, 52.609458619604403 ], [ 6.79374833571522, 52.609972236660802 ], [ 6.79384319582211, 52.6102618757198 ], [ 6.79372900777171, 52.610278774651299 ], [ 6.79379104252188, 52.610687473554499 ], [ 6.7947015214795, 52.611924186109199 ], [ 6.79494322262385, 52.6117435650198 ], [ 6.79508352461568, 52.611816718170502 ], [ 6.79706805864203, 52.611366546020498 ], [ 6.79704267004738, 52.611521811016402 ], [ 6.79758615833348, 52.612186818494997 ], [ 6.79785005231909, 52.612485577512103 ], [ 6.79798225916104, 52.6127357592568 ], [ 6.7980097201597, 52.612785203107599 ], [ 6.79943705550636, 52.612496855897 ], [ 6.79945915949738, 52.614362462935603 ], [ 6.79941094682849, 52.614451016923702 ], [ 6.79951074976214, 52.614393876767402 ], [ 6.79951229432982, 52.614941503405099 ], [ 6.79947152481364, 52.614988860635201 ], [ 6.79946920225352, 52.6150973030025 ], [ 6.79950536630387, 52.615623282388498 ], [ 6.80000172138043, 52.616481030195203 ], [ 6.79991913351023, 52.616725339257002 ], [ 6.80009946248008, 52.6167458189027 ], [ 6.79991089874535, 52.616951679507501 ], [ 6.80030242881204, 52.617064939238197 ], [ 6.80045018103289, 52.617351823215003 ], [ 6.80071558641876, 52.617867169600203 ], [ 6.80066427825007, 52.617897507933698 ], [ 6.80081230296457, 52.618180529992799 ], [ 6.80202610789541, 52.620456667922802 ], [ 6.80239190262968, 52.621175989745304 ], [ 6.80406123062778, 52.624420937580602 ], [ 6.80507918955531, 52.626371234005298 ], [ 6.80554412641741, 52.627240898608299 ], [ 6.80619382954195, 52.6284406535041 ], [ 6.80639822329656, 52.628818225758401 ], [ 6.80633210774645, 52.628843077090302 ], [ 6.80751068788202, 52.631028131482402 ], [ 6.80773449336024, 52.631437621417703 ], [ 6.8080774750717, 52.632064668365402 ], [ 6.80832903037319, 52.632501645783599 ], [ 6.80849750732236, 52.632822090226 ], [ 6.80855035643075, 52.632922597486598 ], [ 6.80936198228123, 52.634463866860699 ], [ 6.81083505377595, 52.637313243169501 ], [ 6.81332086238972, 52.641948169409197 ], [ 6.81340835233175, 52.642241834983402 ], [ 6.8136131425076, 52.642537773739797 ], [ 6.8146160004938, 52.642438256800297 ], [ 6.81511600950491, 52.644709485830703 ], [ 6.81524038640026, 52.644845072918002 ], [ 6.8160359272733, 52.648363553394603 ], [ 6.81626700234086, 52.648342124494903 ], [ 6.81652205402614, 52.6482465780784 ], [ 6.81660582656452, 52.648408120350098 ], [ 6.81667155479977, 52.648492990549201 ], [ 6.81680397492903, 52.648439862718298 ], [ 6.81694679032813, 52.648372737452199 ], [ 6.81701699609021, 52.648334512895097 ], [ 6.81764392749227, 52.647986173291699 ], [ 6.81780146917292, 52.647901146142601 ], [ 6.81792545579933, 52.647839184729797 ], [ 6.81805435539272, 52.647786620083899 ], [ 6.81818833370062, 52.647746062829803 ], [ 6.8183328070442, 52.647720076432797 ], [ 6.81839350947978, 52.647710854044398 ], [ 6.81852965054608, 52.647698408275602 ], [ 6.81867839900359, 52.647688397489198 ], [ 6.81899055347235, 52.647678329292098 ], [ 6.81928128898855, 52.647676228200098 ], [ 6.82173593656913, 52.647692729133801 ], [ 6.82195130269808, 52.647697516753198 ], [ 6.82208629062482, 52.647710330294103 ], [ 6.82224462757435, 52.647738795879498 ], [ 6.82243056421423, 52.6477812741485 ], [ 6.82619146154346, 52.648711882956498 ], [ 6.82633485564537, 52.648747549853198 ], [ 6.82722455269735, 52.648968784396502 ], [ 6.82748579906146, 52.649038001543801 ], [ 6.82775408321567, 52.649117660614301 ], [ 6.8278062384691, 52.649135314596101 ], [ 6.82797986177616, 52.649194084927899 ], [ 6.82826880513334, 52.649302894969999 ], [ 6.82900161370213, 52.649614923555703 ], [ 6.82901853456845, 52.649622525923597 ], [ 6.82919251556686, 52.649700705011 ], [ 6.82929494055404, 52.649752935384598 ], [ 6.82940524102146, 52.649819885469697 ], [ 6.82953481042863, 52.649912706867099 ], [ 6.82957854870742, 52.649946903340201 ], [ 6.82967940015247, 52.650041068626301 ], [ 6.82980104331266, 52.650182901906703 ], [ 6.82996068696739, 52.650382869961703 ], [ 6.82996945659962, 52.650393865572902 ], [ 6.83009173423744, 52.650527105136803 ], [ 6.83022348569953, 52.650640718468999 ], [ 6.83027063978842, 52.650677018349903 ], [ 6.8303325385111, 52.650723083480102 ], [ 6.83048224641233, 52.650834471783398 ], [ 6.83055669305375, 52.650880631737898 ], [ 6.83069324760007, 52.650964767915902 ], [ 6.83070179819933, 52.650970040762999 ], [ 6.83077958495308, 52.651016234767503 ], [ 6.83124830812989, 52.651289747775003 ], [ 6.83139793766745, 52.651371739714698 ], [ 6.83143266041228, 52.651390097960203 ], [ 6.8314484544747, 52.651396591351002 ], [ 6.8315702296208, 52.651446629299798 ], [ 6.83169157793716, 52.651487074201199 ], [ 6.83174827759254, 52.651501419737897 ], [ 6.83191028717877, 52.651535837980198 ], [ 6.83198037676199, 52.651549394443599 ], [ 6.83205588555988, 52.6515586081699 ], [ 6.83222059976665, 52.651577816643503 ], [ 6.83229524835179, 52.6515832020117 ], [ 6.83256907286103, 52.651601862035697 ], [ 6.8341311281823, 52.651708301540403 ], [ 6.83501465759043, 52.651768503265998 ], [ 6.8352371320234, 52.651783655940797 ], [ 6.83590096712537, 52.651828740178701 ], [ 6.83684006408851, 52.6518925150352 ], [ 6.8372590264442, 52.651920962902302 ], [ 6.83755499099807, 52.651935969351698 ], [ 6.83762445634441, 52.6519370576273 ], [ 6.83779195949181, 52.651939674683803 ], [ 6.83797466860742, 52.651937057164197 ], [ 6.83816086187882, 52.651926752150999 ], [ 6.83823118790091, 52.651922982305997 ], [ 6.83833368347589, 52.6519132715502 ], [ 6.83852256718248, 52.651890085080403 ], [ 6.83857177405938, 52.651884041416899 ], [ 6.83869584089675, 52.651859941691697 ], [ 6.83883550692215, 52.651828924133902 ], [ 6.83890467491516, 52.651812958074601 ], [ 6.83900361449481, 52.651786906987503 ], [ 6.83916377460892, 52.651744744627202 ], [ 6.84091053630961, 52.651270195836901 ], [ 6.84180054427434, 52.651028390801002 ], [ 6.84215979158602, 52.650931244077398 ], [ 6.84258477313798, 52.650816312172999 ], [ 6.84392768886002, 52.6504548782355 ], [ 6.8442263594646, 52.6503723580404 ], [ 6.84495733601634, 52.650175101976103 ], [ 6.84508452459851, 52.650140262442498 ], [ 6.84521659086181, 52.650104540407298 ], [ 6.84576843327359, 52.649952359640203 ], [ 6.84710488856484, 52.649584712160603 ], [ 6.84717574632256, 52.649565211337602 ], [ 6.84814213717319, 52.649300128209397 ], [ 6.84973393856072, 52.648867836264799 ], [ 6.85036712486131, 52.648700179652998 ], [ 6.85040409490614, 52.6486918319682 ], [ 6.85042442592283, 52.648687246535701 ], [ 6.85047236854319, 52.648676427438097 ], [ 6.85054398120981, 52.6486616679164 ], [ 6.85069186472292, 52.648633626970302 ], [ 6.85084406394524, 52.648612237026697 ], [ 6.85099532930144, 52.648601143346298 ], [ 6.85108004636467, 52.648598616084598 ], [ 6.85115944047413, 52.648602133481397 ], [ 6.85122799223239, 52.648605166406298 ], [ 6.85137512630968, 52.6486243530412 ], [ 6.85150680954618, 52.6486496073327 ], [ 6.85160838855526, 52.648676761191801 ], [ 6.85164824068765, 52.648687419749201 ], [ 6.85177258408946, 52.648733329266499 ], [ 6.85177970683069, 52.6487364076986 ], [ 6.85191402453012, 52.648794483799101 ], [ 6.85193813523394, 52.648805980742701 ], [ 6.85198093918889, 52.6488263946841 ], [ 6.85205223084763, 52.648860399025999 ], [ 6.85217938914463, 52.648931841427398 ], [ 6.85259875806851, 52.6491905091248 ], [ 6.85265137005798, 52.6492219715036 ], [ 6.85273613305962, 52.649267701945 ], [ 6.85277448546966, 52.649289068932397 ], [ 6.85289262779177, 52.649343919406 ], [ 6.85302955699907, 52.6493976446422 ], [ 6.853093725201, 52.649419866078503 ], [ 6.85314736829336, 52.649438443935701 ], [ 6.85328781030668, 52.649476910803898 ], [ 6.85333581836622, 52.649488597772702 ], [ 6.85335691488285, 52.649493736665598 ], [ 6.85351776397926, 52.6495275827304 ], [ 6.85369215988612, 52.649554399813503 ], [ 6.85371652928213, 52.649585080211097 ], [ 6.85376631386306, 52.649562918748998 ], [ 6.85392267829857, 52.649577863530403 ], [ 6.85412918039509, 52.649582755614396 ], [ 6.85420580829348, 52.6495827230979 ], [ 6.85426868358091, 52.6495815512367 ], [ 6.85441241309705, 52.649578876689198 ], [ 6.85451075838687, 52.649577043395702 ], [ 6.85536082196282, 52.6495633673699 ], [ 6.85539072880268, 52.649562793883703 ], [ 6.85616171035861, 52.649546115741899 ], [ 6.85642525824604, 52.649543278424801 ], [ 6.85644474399388, 52.6495426689441 ], [ 6.85671572009003, 52.649547554331903 ], [ 6.85771644499556, 52.649576860844 ], [ 6.85897506664503, 52.6496137159439 ], [ 6.85917966453725, 52.649618861517602 ], [ 6.86093084412495, 52.649662852519 ], [ 6.8611086721222, 52.649667313514598 ], [ 6.86193273727436, 52.649688008303698 ], [ 6.86264206978362, 52.649707049780297 ], [ 6.86319831703497, 52.649731759686802 ], [ 6.86325247493187, 52.649734418073898 ], [ 6.86326225377646, 52.649734891195301 ], [ 6.86395654151174, 52.649768399635597 ], [ 6.8644165941044, 52.649791494986601 ], [ 6.86449647305629, 52.649798473924399 ], [ 6.86463892306341, 52.649825993679698 ], [ 6.86478215820137, 52.649868957013702 ], [ 6.86492448862421, 52.649922603877897 ], [ 6.86724196235508, 52.650895451312898 ], [ 6.8679241877717, 52.651181823724798 ], [ 6.86864428193723, 52.651484078297599 ], [ 6.86930390808063, 52.651760954453799 ], [ 6.86954143224834, 52.651869691022 ], [ 6.8697159718349, 52.651955966348901 ], [ 6.86987153421255, 52.652040902089297 ], [ 6.87001900779795, 52.652128920156997 ], [ 6.87022510715347, 52.652258247485896 ], [ 6.87054472856224, 52.652467248689199 ], [ 6.87060997579497, 52.652508910755699 ], [ 6.87083244097348, 52.652655678157799 ], [ 6.87099759929419, 52.6527550005652 ], [ 6.87115372276193, 52.652833974236898 ], [ 6.87129191012344, 52.652895343538198 ], [ 6.87150145868044, 52.652978172088197 ], [ 6.87173665362909, 52.653054141883302 ], [ 6.87189842816093, 52.653098706349098 ], [ 6.87198580833168, 52.6531227730799 ], [ 6.87217411817074, 52.653165610912701 ], [ 6.87227812804105, 52.653185804041797 ], [ 6.87230951706066, 52.653191897674098 ], [ 6.87232944921021, 52.653195519634998 ], [ 6.8724309168638, 52.6532144800765 ], [ 6.87253809244964, 52.6532334260528 ], [ 6.87254058413659, 52.653233875424398 ], [ 6.87274332326899, 52.6532505721771 ], [ 6.87291471276642, 52.653255187426602 ], [ 6.87315481750023, 52.653260253928103 ], [ 6.87330261470434, 52.653225169758798 ], [ 6.87348021639553, 52.653193183056999 ], [ 6.87363695598913, 52.653153880100803 ], [ 6.8737627499517, 52.653114875688402 ], [ 6.87387809160908, 52.653068840942097 ], [ 6.87398494404018, 52.653020414818599 ], [ 6.8741134988217, 52.652954970365599 ], [ 6.87418487066463, 52.6529186393986 ], [ 6.87543515377273, 52.652269551459199 ], [ 6.8756821606129, 52.652141310492397 ], [ 6.87577698307566, 52.652092082585199 ], [ 6.87690717362164, 52.651507219611901 ], [ 6.87710215686254, 52.651412894685599 ], [ 6.87728373935379, 52.6513391178513 ], [ 6.87791312239583, 52.6511157053151 ], [ 6.8789242917328, 52.650756762659498 ], [ 6.8790838749257, 52.650707298048999 ], [ 6.87915262582085, 52.6506882979388 ], [ 6.87921024258986, 52.650672380374701 ], [ 6.87937356014672, 52.650635552472103 ], [ 6.87955581109209, 52.6506021923433 ], [ 6.8797264023074, 52.650577884565202 ], [ 6.87988812280756, 52.650559379193901 ], [ 6.88004019411767, 52.650546572417497 ] ] ] ] } },
{ "type": "Feature", "properties": { "BEZ_GEM": "Ringe", "SCH_GEM": "03456019", "BEZ_KRS": "Grafschaft Bentheim" }, "geometry": { "type": "MultiPolygon", "coordinates": [ [ [ [ 6.98971268737185, 52.642078251680203 ], [ 6.98978522540693, 52.642057489700299 ], [ 6.99016643219369, 52.6419473037028 ], [ 6.99042834482611, 52.641873396153301 ], [ 6.99047360796462, 52.641860434143901 ], [ 6.99113116095129, 52.641672508564099 ], [ 6.99136397252404, 52.641605559312701 ], [ 6.99143579019137, 52.641584999909597 ], [ 6.99166066380152, 52.641520621895701 ], [ 6.99184160743311, 52.641471728222001 ], [ 6.99190716769706, 52.641456430332703 ], [ 6.99205860301574, 52.641425063883702 ], [ 6.99223585728746, 52.641392156770998 ], [ 6.99229389080026, 52.641383699445001 ], [ 6.99250555241293, 52.641352139396702 ], [ 6.99266343183185, 52.641336256735897 ], [ 6.99282168975247, 52.641324048781598 ], [ 6.9928491708259, 52.6413226891965 ], [ 6.99311694248261, 52.641309486244602 ], [ 6.9934195874424, 52.641310702273998 ], [ 6.99355856151057, 52.641318712069904 ], [ 6.99359086160571, 52.641320571950899 ], [ 6.9937224054443, 52.641328158976698 ], [ 6.9938892580005, 52.641344858743899 ], [ 6.99402497371968, 52.641363027066099 ], [ 6.99505607604745, 52.6415231604513 ], [ 6.99509000856119, 52.641528437319799 ], [ 6.99570705344937, 52.641624262494503 ], [ 6.99574704821376, 52.641630468963399 ], [ 6.99630072078717, 52.641716452069801 ], [ 6.99639253992507, 52.641730710121003 ], [ 6.99681037946324, 52.641795592048403 ], [ 6.99684043782977, 52.641800263408498 ], [ 6.99686960099548, 52.641804793742203 ], [ 6.99753573422575, 52.641908227977503 ], [ 6.99773271543648, 52.641938819860201 ], [ 6.9982107629488, 52.642014056627801 ], [ 6.99841725815689, 52.642045104865097 ], [ 6.99846084935325, 52.642051874703398 ], [ 6.9986191869037, 52.642076462214803 ], [ 6.99881122625174, 52.642103956667398 ], [ 6.99893606392835, 52.642118312004101 ], [ 6.99910398222839, 52.642135085329102 ], [ 6.99920450257288, 52.642142366965501 ], [ 6.99937077455144, 52.642154409590901 ], [ 6.99947469612188, 52.642159392692498 ], [ 6.99955694938732, 52.642162085599303 ], [ 6.99974001182643, 52.642165410859 ], [ 7.00001792533211, 52.642165508992399 ], [ 7.00030604651269, 52.642155699422901 ], [ 7.00035474521831, 52.642152259615003 ], [ 7.00044606234973, 52.642145816783902 ], [ 7.00055971229727, 52.642137790731702 ], [ 7.00056518411817, 52.642137406550297 ], [ 7.0006116882319, 52.642134118412201 ], [ 7.00091023001761, 52.6421003233364 ], [ 7.00107495675037, 52.642075274875602 ], [ 7.00119961423141, 52.642056320580203 ], [ 7.00147324542153, 52.642006386742501 ], [ 7.00172060658988, 52.641950686183897 ], [ 7.00175112831034, 52.641942937975401 ], [ 7.00180638410581, 52.641928917398502 ], [ 7.00196814422742, 52.641887857897999 ], [ 7.00220377597866, 52.641821276685903 ], [ 7.00238022899812, 52.641763650494603 ], [ 7.00253675931173, 52.6417072615804 ], [ 7.00270594233461, 52.641641779697601 ], [ 7.00382340956743, 52.641187722665101 ], [ 7.00397950269669, 52.641124293214197 ], [ 7.00414093491181, 52.641053967195901 ], [ 7.00422512337376, 52.641009898173898 ], [ 7.00427939150845, 52.640981491537701 ], [ 7.00440325479476, 52.640901639669003 ], [ 7.00451381649153, 52.6408188301967 ], [ 7.00459937789943, 52.6407410123009 ], [ 7.00471272516288, 52.640613876956301 ], [ 7.00483522645489, 52.640445382349398 ], [ 7.00485076018704, 52.640423318324302 ], [ 7.00501420773975, 52.640191062785803 ], [ 7.00510864421267, 52.640056865003103 ], [ 7.00514530618332, 52.6400047658041 ], [ 7.00524941227931, 52.6398568390305 ], [ 7.00535611590683, 52.639707031746802 ], [ 7.00537810817355, 52.639674898135603 ], [ 7.00559388257309, 52.639373228104603 ], [ 7.00562525494473, 52.639329185913603 ], [ 7.00574657110952, 52.6391625406401 ], [ 7.00578772929251, 52.639111640872997 ], [ 7.00581457233807, 52.639078455932903 ], [ 7.00588897067517, 52.639001573109503 ], [ 7.00604813673014, 52.638859625762599 ], [ 7.00607334226622, 52.638841311968797 ], [ 7.00599953386634, 52.638729457114898 ], [ 7.0058273674155, 52.638560028704298 ], [ 7.00519848116804, 52.637942797414297 ], [ 7.00472266338295, 52.637485158310803 ], [ 7.00313888566511, 52.635940680723301 ], [ 7.0029045861338, 52.6350755321088 ], [ 7.00232859124395, 52.635187148978098 ], [ 7.0022310059762, 52.634791471942698 ], [ 7.00166397054731, 52.632492347867803 ], [ 7.00100716017229, 52.629813327274398 ], [ 6.99976836254072, 52.6247566862505 ], [ 6.99960360552445, 52.624084095110497 ], [ 6.99917486545048, 52.622333699480201 ], [ 6.99832124615186, 52.618848845627298 ], [ 6.99778879516958, 52.616674073542001 ], [ 6.99711235881986, 52.614004400627003 ], [ 6.99691090205903, 52.613240135837501 ], [ 6.99680697081707, 52.612818206828301 ], [ 6.99651284067439, 52.611621952121602 ], [ 6.99646627606757, 52.611405998587003 ], [ 6.99638415717359, 52.611079118191199 ], [ 6.99633185376992, 52.6108691816708 ], [ 6.99623866893462, 52.610493559982999 ], [ 6.99612724004474, 52.610048485090203 ], [ 6.99515141476904, 52.606167614082302 ], [ 6.99398570793851, 52.6057954953855 ], [ 6.98958986581803, 52.604392540729101 ], [ 6.98952216829789, 52.6043647765038 ], [ 6.98942561871332, 52.604325282977697 ], [ 6.98932984579732, 52.604320419766999 ], [ 6.97851228341154, 52.600951056412597 ], [ 6.97596432477621, 52.600130122130601 ], [ 6.97569558605982, 52.6000431386542 ], [ 6.97459628446009, 52.599692462270703 ], [ 6.97405148180138, 52.599517805583297 ], [ 6.97362969662938, 52.599386873504599 ], [ 6.97309573954343, 52.599231424012103 ], [ 6.97291601688679, 52.599189099247099 ], [ 6.97270327527746, 52.599142630226801 ], [ 6.97246118990409, 52.599096854201299 ], [ 6.97204118207961, 52.599012343041501 ], [ 6.97176067522815, 52.598952815837997 ], [ 6.97061638704621, 52.598730998030902 ], [ 6.96915318864436, 52.598435894357301 ], [ 6.96906015491401, 52.598420020029302 ], [ 6.96896723099034, 52.598401773749998 ], [ 6.96616004899563, 52.597858377700902 ], [ 6.96585197859488, 52.597798740529797 ], [ 6.96576295261589, 52.597780558682501 ], [ 6.9656447785329, 52.597759493187198 ], [ 6.96239040403787, 52.597122003723001 ], [ 6.96140002890806, 52.596928145866798 ], [ 6.96152611615181, 52.59673895001 ], [ 6.96188087565393, 52.595416333622602 ], [ 6.96166789655865, 52.595382293711197 ], [ 6.95867733622818, 52.595349022495299 ], [ 6.9586234357098, 52.595315489834903 ], [ 6.95861123779323, 52.595241530914002 ], [ 6.95867333196957, 52.595166479162103 ], [ 6.95933110705255, 52.5950130664692 ], [ 6.95968189826001, 52.594900756593603 ], [ 6.96031685216676, 52.594435891936598 ], [ 6.96025736770128, 52.594370631587097 ], [ 6.96062217318611, 52.594338854838803 ], [ 6.96073750510313, 52.594378902581902 ], [ 6.96114832990696, 52.594020660878499 ], [ 6.95979389507255, 52.593471503356596 ], [ 6.9591444135021, 52.593226259633603 ], [ 6.95876707810696, 52.593145664244801 ], [ 6.95816883444782, 52.593056132838598 ], [ 6.95685611215917, 52.592929399944801 ], [ 6.95674116109247, 52.593022196015603 ], [ 6.9565364698634, 52.593131462152101 ], [ 6.95637484621444, 52.5931807874139 ], [ 6.95612313701104, 52.593216886275698 ], [ 6.95555235577352, 52.593226066332498 ], [ 6.95512405564439, 52.593111607190401 ], [ 6.95502261370574, 52.593023949804603 ], [ 6.95311512482041, 52.591529410073001 ], [ 6.95244612984518, 52.591203766842298 ], [ 6.95159021376696, 52.590989258328698 ], [ 6.9487815991875, 52.590572605321903 ], [ 6.94793024775222, 52.5903969028139 ], [ 6.94663705672086, 52.590075151448801 ], [ 6.9463049945084, 52.590063007620998 ], [ 6.94603413203075, 52.590083934617802 ], [ 6.94560426024574, 52.590135829188299 ], [ 6.94508590938602, 52.5901772668471 ], [ 6.9447842506092, 52.590184259013803 ], [ 6.94420356821005, 52.590220582513297 ], [ 6.94299202147862, 52.590263522114903 ], [ 6.9425160349808, 52.590269439599403 ], [ 6.94231641225066, 52.590251781490501 ], [ 6.94183256353308, 52.590258179992702 ], [ 6.94146321955154, 52.590313800292002 ], [ 6.94137962526846, 52.590297124004302 ], [ 6.94132083552884, 52.590218072863202 ], [ 6.94114284729255, 52.590148359117997 ], [ 6.94095827093548, 52.590019536814403 ], [ 6.94085424400787, 52.589838831186903 ], [ 6.94026039657318, 52.589659162533003 ], [ 6.94007646876914, 52.589631172613501 ], [ 6.93995237403089, 52.58947865623 ], [ 6.93988760587561, 52.589460400245102 ], [ 6.93963172044312, 52.589467033826601 ], [ 6.93911574721017, 52.589393673270699 ], [ 6.93903367273433, 52.589344670071199 ], [ 6.93901226849656, 52.589268165778499 ], [ 6.93895043526642, 52.589253763804997 ], [ 6.93881243233992, 52.589331296300998 ], [ 6.938734366925, 52.589329937119899 ], [ 6.93843078244687, 52.589206654519998 ], [ 6.93818785519635, 52.589055870285698 ], [ 6.93814085317081, 52.588992245529603 ], [ 6.93808295113255, 52.588960791599803 ], [ 6.93746275294987, 52.588991852960703 ], [ 6.93684460837617, 52.588912566235102 ], [ 6.93660302779066, 52.588866491125302 ], [ 6.93638917350681, 52.588864085380401 ], [ 6.93622004669951, 52.588903586456802 ], [ 6.93595045495049, 52.588855115487398 ], [ 6.93589237648129, 52.588827451843599 ], [ 6.93575019109889, 52.588594689328097 ], [ 6.93566054161851, 52.588574090944299 ], [ 6.9350844130759, 52.588598301379498 ], [ 6.93478569084513, 52.588660131900603 ], [ 6.934351541164, 52.588699709391399 ], [ 6.93414824842669, 52.588634749588799 ], [ 6.9340372622592, 52.588640914243797 ], [ 6.93362110239916, 52.588634190621001 ], [ 6.93264507102144, 52.5885468362765 ], [ 6.9316433900586, 52.5884994878705 ], [ 6.93000654577619, 52.588500389284199 ], [ 6.92979885536555, 52.588443059844799 ], [ 6.92970886042137, 52.588443005664303 ], [ 6.92964611783054, 52.588500587553703 ], [ 6.92938854937895, 52.588500722551601 ], [ 6.92914330627407, 52.588561010538001 ], [ 6.92904090315624, 52.588559219223598 ], [ 6.92896853513315, 52.5885009465607 ], [ 6.9287840766188, 52.588501046420497 ], [ 6.92847430808302, 52.588530217150897 ], [ 6.92737653733283, 52.5886952410238 ], [ 6.9258800465754, 52.588856057308398 ], [ 6.92513263619453, 52.588942137721901 ], [ 6.92486716243643, 52.588918926025201 ], [ 6.92441247870577, 52.5889444579526 ], [ 6.92423633744899, 52.588884434864603 ], [ 6.92406186063314, 52.588627129052 ], [ 6.92367313664138, 52.588620312025498 ], [ 6.9235426571074, 52.588647480008902 ], [ 6.92332531831563, 52.5886510408695 ], [ 6.922895270472, 52.588728826687998 ], [ 6.92263806694456, 52.588727766512498 ], [ 6.92250539877307, 52.588757799241101 ], [ 6.92230374618854, 52.588886940452802 ], [ 6.92215794996806, 52.588902050120197 ], [ 6.92188499835745, 52.5888584423937 ], [ 6.92172969089522, 52.588872377516999 ], [ 6.92162238533179, 52.588871842463298 ], [ 6.92109043474137, 52.588869156196502 ], [ 6.92097359670916, 52.588902198647098 ], [ 6.92066121499864, 52.5890855270721 ], [ 6.92009071173651, 52.589002781302398 ], [ 6.9198065221061, 52.588933084501797 ], [ 6.91968741252409, 52.588940504660101 ], [ 6.91962238362055, 52.588927942601501 ], [ 6.91961749518202, 52.5888993083515 ], [ 6.91962814949534, 52.5888062346475 ], [ 6.91959099215606, 52.588733262202901 ], [ 6.91965280567649, 52.588549732795798 ], [ 6.91963391738111, 52.588486594512403 ], [ 6.91952932597625, 52.588385785900897 ], [ 6.91946751497927, 52.588371383071298 ], [ 6.91935376019824, 52.588397932220197 ], [ 6.91902342085455, 52.588378800440097 ], [ 6.91894500304227, 52.588187096645299 ], [ 6.91878391490532, 52.588157622695199 ], [ 6.91822065910971, 52.5883056838953 ], [ 6.91814572375621, 52.5883043661538 ], [ 6.91808765703977, 52.588276702880002 ], [ 6.91806052889263, 52.588123970898998 ], [ 6.91798417979382, 52.5880864639404 ], [ 6.91791309317979, 52.588069990941896 ], [ 6.91783508270628, 52.588081539859402 ], [ 6.91766241511234, 52.588008296366297 ], [ 6.91743079049983, 52.5878991100614 ], [ 6.91696607330381, 52.587649509341503 ], [ 6.91663050340527, 52.587518890713497 ], [ 6.91630186123817, 52.587447971474703 ], [ 6.91589578768155, 52.587448295468803 ], [ 6.91595434607116, 52.587370353013 ], [ 6.91588173373977, 52.587350605947201 ], [ 6.9156644409014, 52.587297326507901 ], [ 6.91557652287449, 52.587264757479602 ], [ 6.91494690019259, 52.588100769811703 ], [ 6.91456346820457, 52.5885832497083 ], [ 6.91418836411718, 52.588915085762999 ], [ 6.91329036122564, 52.589454313046801 ], [ 6.91270271844102, 52.589696914763103 ], [ 6.91209056237198, 52.589900363384501 ], [ 6.90986235208979, 52.590482500725997 ], [ 6.90833848017564, 52.590851532887697 ], [ 6.90639386141137, 52.591366008287601 ], [ 6.90573610685007, 52.591595080332702 ], [ 6.90527087813556, 52.591842661324897 ], [ 6.90454267844714, 52.592337891247801 ], [ 6.9037197751555, 52.592976294994799 ], [ 6.90239670272839, 52.594091649859202 ], [ 6.90156602758264, 52.594770813127496 ], [ 6.90045959889968, 52.595413969859997 ], [ 6.89952420936483, 52.595765315617399 ], [ 6.89892420115821, 52.5958994342285 ], [ 6.89355667904046, 52.596612315296198 ], [ 6.89282120140268, 52.596780948459603 ], [ 6.89216705279488, 52.597005514372903 ], [ 6.89153272391123, 52.597293820715798 ], [ 6.89071251400454, 52.597666768444803 ], [ 6.88935433209557, 52.598366642362798 ], [ 6.88841476466285, 52.5988332524581 ], [ 6.88740899917707, 52.599347552586899 ], [ 6.88669240965893, 52.599662239621097 ], [ 6.88590742743084, 52.600075238650099 ], [ 6.88482460651139, 52.600726495629303 ], [ 6.88431517441337, 52.6012003346653 ], [ 6.88389227825281, 52.601710785620597 ], [ 6.88266506261955, 52.604034315554401 ], [ 6.88228636882355, 52.604751010333402 ], [ 6.8821066274028, 52.604965303178602 ], [ 6.88186593923181, 52.605154048222097 ], [ 6.88160409414547, 52.605315978837901 ], [ 6.88314999766887, 52.606356714908699 ], [ 6.8833422495146, 52.606486304519798 ], [ 6.88453912315522, 52.607311546460402 ], [ 6.88581946888563, 52.608170995843601 ], [ 6.8860733971117, 52.608366601664599 ], [ 6.88656849988599, 52.608703814027699 ], [ 6.88791236288617, 52.6096108603831 ], [ 6.88991929287636, 52.6110166050643 ], [ 6.88977086174959, 52.611077962267601 ], [ 6.89003823761879, 52.611262478447102 ], [ 6.89209202095571, 52.612416328376497 ], [ 6.89186776725101, 52.612641514407997 ], [ 6.89357665620298, 52.613664411207097 ], [ 6.89308700589387, 52.614077307622303 ], [ 6.8936023309221, 52.614606802106898 ], [ 6.89364951119216, 52.614654541596202 ], [ 6.89554893916739, 52.6165763167715 ], [ 6.89682204619554, 52.617837078631403 ], [ 6.89811201798613, 52.619117367383602 ], [ 6.89929927202186, 52.620295706782002 ], [ 6.90012603842835, 52.621116205601503 ], [ 6.90291067323204, 52.623879507590999 ], [ 6.90471063164603, 52.6256943980732 ], [ 6.90570419628838, 52.626696280527 ], [ 6.9098065773693, 52.630759663027 ], [ 6.90987357742022, 52.630826663719702 ], [ 6.90993042202244, 52.630883504517399 ], [ 6.91424044957794, 52.635196038425399 ], [ 6.91490949104656, 52.635861234614701 ], [ 6.91607812608426, 52.636991053520802 ], [ 6.91584733601098, 52.637097768494797 ], [ 6.9176604972908, 52.638655174158501 ], [ 6.91910373952711, 52.639768146515301 ], [ 6.91921097761352, 52.639853058350397 ], [ 6.91921423620245, 52.639852603078403 ], [ 6.91930911171315, 52.639839253908399 ], [ 6.91934579129894, 52.6398340897127 ], [ 6.91940466907696, 52.639819946259003 ], [ 6.91948943535778, 52.639815608717697 ], [ 6.91952185434383, 52.639813948261001 ], [ 6.91972906639182, 52.639819835648503 ], [ 6.92033781163615, 52.6398490751805 ], [ 6.92067591854543, 52.639865315520296 ], [ 6.92093388960175, 52.6398777115825 ], [ 6.92208664430944, 52.639933070285601 ], [ 6.92282607532305, 52.639967790575099 ], [ 6.92331594305805, 52.639990784842901 ], [ 6.9241118465322, 52.640028141642297 ], [ 6.92488851972725, 52.640064598699901 ], [ 6.92556352162307, 52.6400962758538 ], [ 6.92656382250661, 52.640143211093203 ], [ 6.92668512588355, 52.640149515562598 ], [ 6.92746575606545, 52.640185521418999 ], [ 6.92775133980746, 52.6401954455268 ], [ 6.9280165070186, 52.640195768509301 ], [ 6.92833220815143, 52.640184242774502 ], [ 6.92860319943431, 52.640163599169099 ], [ 6.92887431606874, 52.640133102427299 ], [ 6.92895692617919, 52.6401205830783 ], [ 6.92919468781663, 52.640081517908897 ], [ 6.92947588737048, 52.640023726975997 ], [ 6.92955126552803, 52.640006594023902 ], [ 6.92973024004965, 52.639963523964802 ], [ 6.9298652862397, 52.6399248290343 ], [ 6.92999727822786, 52.639883823702597 ], [ 6.93024734558375, 52.6398022797487 ], [ 6.93060869525722, 52.639679727080001 ], [ 6.93110105719874, 52.639512723888103 ], [ 6.93114083248634, 52.639497989195696 ], [ 6.93244386440887, 52.639057265094003 ], [ 6.93289002370051, 52.6389059294806 ], [ 6.93359799929171, 52.638655182291799 ], [ 6.93376103414775, 52.638597936214801 ], [ 6.93386811559418, 52.638560025716401 ], [ 6.93412273683501, 52.638470289900802 ], [ 6.93413396753608, 52.6384665744744 ], [ 6.93431861408849, 52.638405469577897 ], [ 6.93448861469279, 52.638356247538198 ], [ 6.93455418681421, 52.638341350152203 ], [ 6.93475300891056, 52.638296190969697 ], [ 6.93493784047628, 52.638263753299 ], [ 6.93524045345055, 52.6382294573108 ], [ 6.93554530403076, 52.638197852050801 ], [ 6.93582844306131, 52.638166541996199 ], [ 6.93615707452303, 52.638133668192701 ], [ 6.9383250155929, 52.637906201498303 ], [ 6.93838512699889, 52.6378998927526 ], [ 6.93849627417396, 52.6378882321562 ], [ 6.93866764743429, 52.637876621561901 ], [ 6.93873568987795, 52.6378720061984 ], [ 6.9388831093973, 52.637869095816598 ], [ 6.93897539258105, 52.637867275903297 ], [ 6.93920216113263, 52.637879242105598 ], [ 6.9394207135074, 52.637897781592898 ], [ 6.93963970537584, 52.637926156041097 ], [ 6.93988315231648, 52.637971643680899 ], [ 6.94012788331014, 52.638033850380303 ], [ 6.9402828888368, 52.638076162600001 ], [ 6.94096589626251, 52.638262626157399 ], [ 6.94176393046288, 52.638479587713498 ], [ 6.94190003334417, 52.638516588017502 ], [ 6.94307218950066, 52.638835404761799 ], [ 6.94334347885122, 52.638909188441801 ], [ 6.94399726825131, 52.639086998639598 ], [ 6.94405373783511, 52.639100998538801 ], [ 6.94424937165923, 52.6391495225066 ], [ 6.94446179826963, 52.639195801973898 ], [ 6.94446541194155, 52.639196592998502 ], [ 6.94453098803648, 52.639210876585899 ], [ 6.94478641868031, 52.639256058483298 ], [ 6.94493252427611, 52.639276216904499 ], [ 6.9449941443336, 52.639284721991501 ], [ 6.94505903924798, 52.639293679488901 ], [ 6.94506885147649, 52.639294667950502 ], [ 6.94533529665646, 52.6393215172588 ], [ 6.94554985765997, 52.639335228605901 ], [ 6.94561333982173, 52.639337435651903 ], [ 6.94586668414625, 52.639342333067702 ], [ 6.94595435168228, 52.639341605533602 ], [ 6.94599556067765, 52.639341268156997 ], [ 6.94621848777111, 52.639336681805702 ], [ 6.94671582747473, 52.639326449218402 ], [ 6.94763116208782, 52.639307615105203 ], [ 6.94831226649841, 52.639293591462398 ], [ 6.94861255447415, 52.639281097355997 ], [ 6.94895331903712, 52.639258010088199 ], [ 6.95056256815882, 52.639148961112298 ], [ 6.95079242806086, 52.639132941039399 ], [ 6.95103676249358, 52.639116820246599 ], [ 6.95171937480062, 52.639070748450202 ], [ 6.95176812141946, 52.639067248529201 ], [ 6.95281931826006, 52.638995992502302 ], [ 6.95303987414542, 52.6389810391019 ], [ 6.95315136184224, 52.638976932483402 ], [ 6.95327386533018, 52.638972413683199 ], [ 6.95331745767792, 52.638973886268197 ], [ 6.95340115997259, 52.638976708277603 ], [ 6.95349650533676, 52.638979929210898 ], [ 6.95357303523431, 52.638988534581003 ], [ 6.95361796831691, 52.638993581857399 ], [ 6.95369075228122, 52.639007076742203 ], [ 6.95374662646388, 52.639017429148801 ], [ 6.95382654531687, 52.639038294350499 ], [ 6.95392636719129, 52.639064358715899 ], [ 6.95405485087723, 52.639106518315401 ], [ 6.95415173488353, 52.639142332462697 ], [ 6.95432987415836, 52.639223913913 ], [ 6.95439497362074, 52.639259880238299 ], [ 6.95473196405096, 52.639436708803203 ], [ 6.95609650159972, 52.640152697305503 ], [ 6.95638242283331, 52.640304488673699 ], [ 6.95671014626538, 52.640474668718603 ], [ 6.95744201000571, 52.640858657714503 ], [ 6.95884221737883, 52.641593283763797 ], [ 6.95890524999741, 52.641621731018802 ], [ 6.95897935744046, 52.641655179513798 ], [ 6.95909509063759, 52.641694623190403 ], [ 6.9591387599814, 52.6417059316123 ], [ 6.95921349497449, 52.641725274152897 ], [ 6.9592778626859, 52.641738072065799 ], [ 6.95931368579932, 52.641745199077 ], [ 6.95944127773294, 52.641761387957402 ], [ 6.95952827533117, 52.641766573171203 ], [ 6.95955100501829, 52.641767926813102 ], [ 6.95963301975035, 52.641768701212797 ], [ 6.95970484682519, 52.6417679603423 ], [ 6.96047250883298, 52.641760077956498 ], [ 6.96052349902071, 52.641759553258602 ], [ 6.96169733740015, 52.641747479475498 ], [ 6.9619795877194, 52.6417445675606 ], [ 6.9620767617258, 52.641743569023198 ], [ 6.96269216300252, 52.6417372335235 ], [ 6.96275008879795, 52.641736638337697 ], [ 6.96301891085953, 52.641733870628698 ], [ 6.96335978187422, 52.641730354046103 ], [ 6.96340213540223, 52.641729922377102 ], [ 6.96412701447615, 52.641722449580897 ], [ 6.96417386374966, 52.641721969027301 ], [ 6.96434934206133, 52.641720156494102 ], [ 6.96459184102708, 52.641717652142901 ], [ 6.96465346374696, 52.641717020647498 ], [ 6.96551263539341, 52.641708151396898 ], [ 6.96557187729875, 52.641707541470801 ], [ 6.96634201568441, 52.641702612774502 ], [ 6.96663358925516, 52.641696576946103 ], [ 6.96721476373486, 52.641690700367498 ], [ 6.96738442835248, 52.641688981376603 ], [ 6.96746169628774, 52.641688203287899 ], [ 6.96766216443187, 52.6416861762658 ], [ 6.96773749036686, 52.641687432713098 ], [ 6.96787315074161, 52.641698625783199 ], [ 6.96800919963869, 52.641724076831899 ], [ 6.96805657437583, 52.641735535428097 ], [ 6.96816591590168, 52.6417685934804 ], [ 6.96818732690616, 52.641777035089298 ], [ 6.96824935373605, 52.641801485843899 ], [ 6.96832467754677, 52.6418311728848 ], [ 6.9696149860006, 52.642348232558902 ], [ 6.96984150589863, 52.642437704897503 ], [ 6.97003756713568, 52.642521322871502 ], [ 6.97014988243085, 52.642576737836499 ], [ 6.97018839467573, 52.642597026160402 ], [ 6.9702977746823, 52.642664124535003 ], [ 6.97039835865014, 52.642735082279401 ], [ 6.97079764743141, 52.643036906026602 ], [ 6.97083470926137, 52.643064910931301 ], [ 6.97118335950992, 52.643328461369201 ], [ 6.97122920514874, 52.643363108425099 ], [ 6.9713692915448, 52.643469781590703 ], [ 6.97149113941293, 52.6435610905489 ], [ 6.9715350855607, 52.6435943112768 ], [ 6.97191195253258, 52.643879166901002 ], [ 6.97193917458689, 52.643899746868797 ], [ 6.97275282602433, 52.644514726606502 ], [ 6.97280398714444, 52.6445533932649 ], [ 6.97410686061693, 52.6455411224375 ], [ 6.97464685833514, 52.645946214199697 ], [ 6.97476326856929, 52.646031366449201 ], [ 6.9747935079459, 52.646053247133899 ], [ 6.97481296498665, 52.646065016909802 ], [ 6.97484146721254, 52.646082264260997 ], [ 6.97485371955202, 52.6460896758825 ], [ 6.97487297481303, 52.6461013343011 ], [ 6.97490528265856, 52.646117163109501 ], [ 6.97502125407738, 52.646168643616399 ], [ 6.97507429668203, 52.646191309670201 ], [ 6.97513445837224, 52.646212191207098 ], [ 6.97526076973802, 52.6462475377418 ], [ 6.97540570021313, 52.646276323917903 ], [ 6.97554956116885, 52.646291145903497 ], [ 6.97568191166878, 52.646295934365298 ], [ 6.9757948742037, 52.646293530897097 ], [ 6.97593319657879, 52.6462829648327 ], [ 6.97607544005922, 52.646259194230097 ], [ 6.97612932223457, 52.646248650760398 ], [ 6.97645774592368, 52.646180873457503 ], [ 6.97650984891412, 52.646170119593499 ], [ 6.97695728253121, 52.646077777140199 ], [ 6.97708409918136, 52.646051601899202 ], [ 6.97712929880335, 52.6460434003302 ], [ 6.97749421857557, 52.645966955257002 ], [ 6.97806789653199, 52.645848548933799 ], [ 6.9782160244851, 52.645817970791697 ], [ 6.97826530549357, 52.645807806387303 ], [ 6.97873862628173, 52.6457101085918 ], [ 6.97878547453099, 52.645700441947 ], [ 6.97921404924286, 52.645611977225002 ], [ 6.97956861139645, 52.645538792828297 ], [ 6.9796119373272, 52.645529848035203 ], [ 6.98036675649343, 52.645374040650303 ], [ 6.98040961924151, 52.645365195567301 ], [ 6.98101020559368, 52.645241209599199 ], [ 6.981213369901, 52.645199274493699 ], [ 6.98146321720082, 52.645147695503603 ], [ 6.98165479114018, 52.645101911612898 ], [ 6.98176500680604, 52.645067275308598 ], [ 6.9818760283104, 52.645028939168 ], [ 6.98197652596828, 52.6449902527986 ], [ 6.9820727135737, 52.644948534737402 ], [ 6.98216070156475, 52.644905750801598 ], [ 6.98225991286749, 52.644852611023403 ], [ 6.98236576452031, 52.644787517759603 ], [ 6.98310126868236, 52.6443118173842 ], [ 6.98327192134955, 52.644201448840199 ], [ 6.98361583002913, 52.643979011004397 ], [ 6.98365105385861, 52.643956232868199 ], [ 6.98368758841038, 52.643932595872101 ], [ 6.9837881995527, 52.643868859774997 ], [ 6.98389056148587, 52.643810116666501 ], [ 6.98399416105347, 52.643759810520301 ], [ 6.98409600298321, 52.643713646398801 ], [ 6.98419916747516, 52.643672467971399 ], [ 6.9843602384608, 52.643612511657999 ], [ 6.98451981224449, 52.643562923753898 ], [ 6.98481278383915, 52.643480385714597 ], [ 6.98482510869224, 52.643476917895697 ], [ 6.98483578651164, 52.643473907592998 ], [ 6.9848607554714, 52.643466779568897 ], [ 6.98493061369104, 52.643446856106003 ], [ 6.98496657637945, 52.643436597241703 ], [ 6.98507074970378, 52.6434068813235 ], [ 6.98540082282841, 52.643312411918203 ], [ 6.98546395831828, 52.643294342929202 ], [ 6.98586541806569, 52.643179443923898 ], [ 6.98592006002136, 52.643163810812602 ], [ 6.98871384665273, 52.642364171991602 ], [ 6.98971268737185, 52.642078251680203 ] ] ] ] } },
{ "type": "Feature", "properties": { "BEZ_GEM": "Hoogstede", "SCH_GEM": "03456009", "BEZ_KRS": "Grafschaft Bentheim" }, "geometry": { "type": "MultiPolygon", "coordinates": [ [ [ [ 7.04533879486652, 52.597064464631899 ], [ 7.04178808582667, 52.594702461869097 ], [ 7.04166118964269, 52.594614494982999 ], [ 7.04056380074923, 52.593884218174502 ], [ 7.03931220221793, 52.593053730316797 ], [ 7.03888804248109, 52.592772421863501 ], [ 7.03845614531504, 52.5924856337503 ], [ 7.03702084293218, 52.591531906752103 ], [ 7.0358326088374, 52.590769777290397 ], [ 7.03288658995997, 52.5887764670859 ], [ 7.02102321977371, 52.580633092354198 ], [ 7.01687684086236, 52.577765557607698 ], [ 7.01409470831167, 52.575841315851903 ], [ 7.01400011327681, 52.5757757994066 ], [ 7.01380912996024, 52.575645275682099 ], [ 7.01366847936323, 52.575550573107499 ], [ 7.01361456648056, 52.575512353776197 ], [ 7.01326276715845, 52.575263823660897 ], [ 7.01073167056626, 52.573564220321302 ], [ 7.01091364828863, 52.573074994074801 ], [ 7.01143566711013, 52.5719591087014 ], [ 7.01153834439725, 52.571734877317603 ], [ 7.01185234099923, 52.5710476266771 ], [ 7.01193461739362, 52.570876281943498 ], [ 7.01251119518339, 52.569580669000899 ], [ 7.01312195869733, 52.568295158054397 ], [ 7.01371638356799, 52.567017731873499 ], [ 7.01489672342029, 52.564459122225799 ], [ 7.01506984421783, 52.564086010042899 ], [ 7.01526642125182, 52.563676974260801 ], [ 7.01423327000016, 52.563510134911901 ], [ 7.01338975336178, 52.563405669550903 ], [ 7.0128376713658, 52.563097974009501 ], [ 7.01150438200482, 52.562652441758999 ], [ 7.00806844160538, 52.561657392001401 ], [ 7.00807636940429, 52.561547559219498 ], [ 7.00795873288202, 52.561324900699802 ], [ 7.00776328900791, 52.561137312075999 ], [ 7.00759060731223, 52.560930297977798 ], [ 7.00707519249141, 52.560257956796697 ], [ 7.00686049325999, 52.5600666885313 ], [ 7.00680026807823, 52.559917673961998 ], [ 7.00649903771387, 52.5598094680185 ], [ 7.00623645046111, 52.559395751059697 ], [ 7.00582062735921, 52.559634753619299 ], [ 7.00488771840384, 52.560081105761199 ], [ 7.00429012560862, 52.560238632807099 ], [ 7.00370408619277, 52.560427552303203 ], [ 7.00254173564593, 52.560753306111501 ], [ 7.00200884737963, 52.5609248614875 ], [ 7.00122207229793, 52.56115407886 ], [ 7.00074400827746, 52.561278090111102 ], [ 7.00063028011735, 52.561316451050899 ], [ 7.00017464107332, 52.561427441459799 ], [ 6.99977713963588, 52.561538243744998 ], [ 6.99940782392527, 52.561652128666601 ], [ 6.9990487107009, 52.561817346707201 ], [ 6.99868408347495, 52.561999913997603 ], [ 6.99846557585108, 52.562158606064401 ], [ 6.99791431068207, 52.562642198044003 ], [ 6.99776646757516, 52.562594316930898 ], [ 6.99743886608302, 52.562555928590101 ], [ 6.9971236489422, 52.562269070231501 ], [ 6.99667180506491, 52.561891691663099 ], [ 6.99510413190532, 52.561688553514401 ], [ 6.99384194805847, 52.5616262550881 ], [ 6.9938021377764, 52.561706504105302 ], [ 6.99355469715274, 52.5618738861493 ], [ 6.99294622378619, 52.562362941462197 ], [ 6.99267570767882, 52.5625744205107 ], [ 6.99230746049378, 52.562890431238799 ], [ 6.99192158253651, 52.5631562387127 ], [ 6.99176084642491, 52.563244685751599 ], [ 6.99048522116466, 52.562713844539601 ], [ 6.9912251767942, 52.561770784705999 ], [ 6.99153830434777, 52.561427892404197 ], [ 6.99153670499603, 52.561291427685198 ], [ 6.99188811190845, 52.560297441455802 ], [ 6.99215175022092, 52.5598851923749 ], [ 6.9913560656224, 52.559614758215403 ], [ 6.99167676567091, 52.5592597835549 ], [ 6.99244789571145, 52.559554777606401 ], [ 6.99304357656432, 52.559075992097299 ], [ 6.99299160964886, 52.559003727068799 ], [ 6.9929953260068, 52.558925231021703 ], [ 6.99346958571006, 52.558409335357297 ], [ 6.99265410196535, 52.557880184197103 ], [ 6.99233001450974, 52.557525024071403 ], [ 6.99236618011393, 52.557340411808298 ], [ 6.99240609692077, 52.557054258745097 ], [ 6.99249146397527, 52.556877674245897 ], [ 6.99158028830545, 52.5567183597378 ], [ 6.99082294804128, 52.556603172737098 ], [ 6.9873982464875, 52.555956488173599 ], [ 6.98708739009957, 52.5558958136534 ], [ 6.98418842822892, 52.555367852691397 ], [ 6.98313006347221, 52.555175924756497 ], [ 6.98052240768419, 52.554695906731197 ], [ 6.97785581111694, 52.554228490911299 ], [ 6.97785988169092, 52.5542073403657 ], [ 6.97391758608143, 52.553542246371698 ], [ 6.97372147821068, 52.5535179385665 ], [ 6.97269821325162, 52.553318515051998 ], [ 6.9701441967103, 52.552882794513302 ], [ 6.96892488778763, 52.552591408415402 ], [ 6.96845906136568, 52.552511210618199 ], [ 6.96772945637018, 52.5523518515066 ], [ 6.96656683528498, 52.552286653504602 ], [ 6.96644780138797, 52.552334331679901 ], [ 6.96589942187117, 52.553579683340203 ], [ 6.96595602617474, 52.553599718362698 ], [ 6.96549430467675, 52.554132077230797 ], [ 6.96501944619354, 52.554019233105599 ], [ 6.9651861384956, 52.553791042460702 ], [ 6.96382024459354, 52.5534685620297 ], [ 6.96306467454365, 52.553290159799801 ], [ 6.9625064023252, 52.553586596578697 ], [ 6.96237215043709, 52.553619972834497 ], [ 6.96203988053352, 52.553630904044603 ], [ 6.96197101163225, 52.553601169805901 ], [ 6.96154567112665, 52.553046724116697 ], [ 6.96102765793625, 52.553145088266298 ], [ 6.96047252832503, 52.553349342917201 ], [ 6.96041200032997, 52.553371659963098 ], [ 6.96044956714023, 52.553501210842597 ], [ 6.96080783221731, 52.554023627666901 ], [ 6.96115207981965, 52.554444808284799 ], [ 6.96121396196947, 52.554535520484201 ], [ 6.9612146066555, 52.554594471460398 ], [ 6.96071982971067, 52.554656441070399 ], [ 6.96019880658409, 52.5547839365546 ], [ 6.96007333939088, 52.554796052662702 ], [ 6.95997514007487, 52.554725367538197 ], [ 6.95997303193917, 52.554518353757203 ], [ 6.95910404138183, 52.554471010760501 ], [ 6.95889362400898, 52.554475384513601 ], [ 6.95866209491589, 52.554480113078696 ], [ 6.95735802127952, 52.554451678245002 ], [ 6.9540951277448, 52.5543803015387 ], [ 6.95336417835753, 52.554364336434197 ], [ 6.95327829121347, 52.554365009121703 ], [ 6.95319934023067, 52.554365621873202 ], [ 6.95149226943412, 52.554336805736398 ], [ 6.95128766920387, 52.554314471668398 ], [ 6.95101202534066, 52.554316173688399 ], [ 6.95119527670824, 52.553986207241202 ], [ 6.95119527126098, 52.553951499551303 ], [ 6.95119495778384, 52.5536574686313 ], [ 6.95108296802654, 52.553360425342497 ], [ 6.95076093969027, 52.5530692763001 ], [ 6.95034130649851, 52.552856281432398 ], [ 6.94978390743622, 52.552696916217201 ], [ 6.94910766635182, 52.5525871007681 ], [ 6.94632611842205, 52.5522722637998 ], [ 6.94591780380817, 52.552200941475597 ], [ 6.94551986645723, 52.552081818618397 ], [ 6.94528072521748, 52.551934628265798 ], [ 6.94497838087085, 52.552073963778298 ], [ 6.94409709197125, 52.551911761267597 ], [ 6.94378436436237, 52.551800200073302 ], [ 6.94358499168597, 52.551692909644999 ], [ 6.94343893740405, 52.551393378464098 ], [ 6.94325714417534, 52.551180885272998 ], [ 6.94297091115883, 52.550671480470101 ], [ 6.94284657498793, 52.550567174403398 ], [ 6.94269194643474, 52.550523934209401 ], [ 6.94262001444508, 52.550631302509103 ], [ 6.93810911069076, 52.550057716599802 ], [ 6.93692708719565, 52.549829679416597 ], [ 6.93488515924263, 52.549635632276001 ], [ 6.93393885427987, 52.551169273095901 ], [ 6.93115951630183, 52.551294679863403 ], [ 6.93117326571123, 52.551538260919003 ], [ 6.92611373571524, 52.551396384696297 ], [ 6.92587282753115, 52.552419548097099 ], [ 6.9231167275012, 52.5523346164277 ], [ 6.92295251605323, 52.552313391543201 ], [ 6.92169395192217, 52.553417949830298 ], [ 6.91601525545502, 52.552087040614303 ], [ 6.91285351777891, 52.552257282328704 ], [ 6.91264656241155, 52.552310009979998 ], [ 6.90852486617001, 52.5525683132621 ], [ 6.90167177121703, 52.552949546651398 ], [ 6.89759085597094, 52.553154332669997 ], [ 6.89609384737715, 52.553231762494001 ], [ 6.89429882178808, 52.553337500111198 ], [ 6.89013348145281, 52.5535816191924 ], [ 6.88988061975691, 52.553581966392201 ], [ 6.88718802005793, 52.555984883329103 ], [ 6.88712942149531, 52.556188128541699 ], [ 6.88563180591789, 52.557524073944101 ], [ 6.88076369422667, 52.562100009205203 ], [ 6.88046626400017, 52.562423869186603 ], [ 6.8687823245761, 52.573611043440003 ], [ 6.86848051001784, 52.573757118995701 ], [ 6.86818513386314, 52.573779583921699 ], [ 6.87037965233455, 52.576762159899197 ], [ 6.87033497289694, 52.576767380490203 ], [ 6.87104139896482, 52.5776773692264 ], [ 6.87018662577472, 52.5779214929631 ], [ 6.87050113540569, 52.578342207971403 ], [ 6.87130381318821, 52.579374324958998 ], [ 6.87234535105402, 52.580738746322297 ], [ 6.87371136846968, 52.582527819140999 ], [ 6.87488465577419, 52.584064615441001 ], [ 6.87664349261841, 52.5863467030142 ], [ 6.8773018258839, 52.585853716929599 ], [ 6.87736940693946, 52.585936842852398 ], [ 6.8785531335931, 52.587393402035701 ], [ 6.87875350981534, 52.587640127377398 ], [ 6.87966428968607, 52.5888471201377 ], [ 6.88077119307127, 52.590313968563699 ], [ 6.88120519216237, 52.5908722062591 ], [ 6.88176656167147, 52.591593851789703 ], [ 6.88326208313367, 52.593574936969503 ], [ 6.8836490086085, 52.5943911929756 ], [ 6.883684570204, 52.5944703977231 ], [ 6.88241758214484, 52.594933651644403 ], [ 6.88211740255311, 52.595043402304697 ], [ 6.8823105166269, 52.595057008304501 ], [ 6.88360352889312, 52.595756724317702 ], [ 6.88391639613577, 52.5959930874468 ], [ 6.88405292610746, 52.596159679176097 ], [ 6.88433609937173, 52.5966881346395 ], [ 6.88440873865291, 52.596746574586497 ], [ 6.88462945848832, 52.596924138174202 ], [ 6.88483521903527, 52.597032495123003 ], [ 6.88486542291881, 52.597135332690399 ], [ 6.88504124238566, 52.597285909636099 ], [ 6.88509805246513, 52.597334571193201 ], [ 6.88634165011161, 52.597611611490002 ], [ 6.88725087071427, 52.598124628218798 ], [ 6.88744198165754, 52.598151632483798 ], [ 6.88746471417026, 52.598322411721099 ], [ 6.88754248058, 52.598485567895402 ], [ 6.8876372899565, 52.598586707024403 ], [ 6.88788472149596, 52.598689570791201 ], [ 6.88806676541879, 52.598748557384802 ], [ 6.88814357847651, 52.598770752178901 ], [ 6.88818984948691, 52.598784129844901 ], [ 6.88841476466285, 52.5988332524581 ], [ 6.88935433209557, 52.598366642362798 ], [ 6.89071251400454, 52.597666768444803 ], [ 6.89153272391123, 52.597293820715798 ], [ 6.89216705279488, 52.597005514372903 ], [ 6.89282120140268, 52.596780948459603 ], [ 6.89355667904046, 52.596612315296198 ], [ 6.89892420115821, 52.5958994342285 ], [ 6.89952420936483, 52.595765315617399 ], [ 6.90045959889968, 52.595413969859997 ], [ 6.90156602758264, 52.594770813127496 ], [ 6.90239670272839, 52.594091649859202 ], [ 6.9037197751555, 52.592976294994799 ], [ 6.90454267844714, 52.592337891247801 ], [ 6.90527087813556, 52.591842661324897 ], [ 6.90573610685007, 52.591595080332702 ], [ 6.90639386141137, 52.591366008287601 ], [ 6.90833848017564, 52.590851532887697 ], [ 6.90986235208979, 52.590482500725997 ], [ 6.91209056237198, 52.589900363384501 ], [ 6.91270271844102, 52.589696914763103 ], [ 6.91329036122564, 52.589454313046801 ], [ 6.91418836411718, 52.588915085762999 ], [ 6.91456346820457, 52.5885832497083 ], [ 6.91494690019259, 52.588100769811703 ], [ 6.91557652287449, 52.587264757479602 ], [ 6.9156644409014, 52.587297326507901 ], [ 6.91588173373977, 52.587350605947201 ], [ 6.91595434607116, 52.587370353013 ], [ 6.91589578768155, 52.587448295468803 ], [ 6.91630186123817, 52.587447971474703 ], [ 6.91663050340527, 52.587518890713497 ], [ 6.91696607330381, 52.587649509341503 ], [ 6.91743079049983, 52.5878991100614 ], [ 6.91766241511234, 52.588008296366297 ], [ 6.91783508270628, 52.588081539859402 ], [ 6.91791309317979, 52.588069990941896 ], [ 6.91798417979382, 52.5880864639404 ], [ 6.91806052889263, 52.588123970898998 ], [ 6.91808765703977, 52.588276702880002 ], [ 6.91814572375621, 52.5883043661538 ], [ 6.91822065910971, 52.5883056838953 ], [ 6.91878391490532, 52.588157622695199 ], [ 6.91894500304227, 52.588187096645299 ], [ 6.91902342085455, 52.588378800440097 ], [ 6.91935376019824, 52.588397932220197 ], [ 6.91946751497927, 52.588371383071298 ], [ 6.91952932597625, 52.588385785900897 ], [ 6.91963391738111, 52.588486594512403 ], [ 6.91965280567649, 52.588549732795798 ], [ 6.91959099215606, 52.588733262202901 ], [ 6.91962814949534, 52.5888062346475 ], [ 6.91961749518202, 52.5888993083515 ], [ 6.91962238362055, 52.588927942601501 ], [ 6.91968741252409, 52.588940504660101 ], [ 6.9198065221061, 52.588933084501797 ], [ 6.92009071173651, 52.589002781302398 ], [ 6.92066121499864, 52.5890855270721 ], [ 6.92097359670916, 52.588902198647098 ], [ 6.92109043474137, 52.588869156196502 ], [ 6.92162238533179, 52.588871842463298 ], [ 6.92172969089522, 52.588872377516999 ], [ 6.92188499835745, 52.5888584423937 ], [ 6.92215794996806, 52.588902050120197 ], [ 6.92230374618854, 52.588886940452802 ], [ 6.92250539877307, 52.588757799241101 ], [ 6.92263806694456, 52.588727766512498 ], [ 6.922895270472, 52.588728826687998 ], [ 6.92332531831563, 52.5886510408695 ], [ 6.9235426571074, 52.588647480008902 ], [ 6.92367313664138, 52.588620312025498 ], [ 6.92406186063314, 52.588627129052 ], [ 6.92423633744899, 52.588884434864603 ], [ 6.92441247870577, 52.5889444579526 ], [ 6.92486716243643, 52.588918926025201 ], [ 6.92513263619453, 52.588942137721901 ], [ 6.9258800465754, 52.588856057308398 ], [ 6.92737653733283, 52.5886952410238 ], [ 6.92847430808302, 52.588530217150897 ], [ 6.9287840766188, 52.588501046420497 ], [ 6.92896853513315, 52.5885009465607 ], [ 6.92904090315624, 52.588559219223598 ], [ 6.92914330627407, 52.588561010538001 ], [ 6.92938854937895, 52.588500722551601 ], [ 6.92964611783054, 52.588500587553703 ], [ 6.92970886042137, 52.588443005664303 ], [ 6.92979885536555, 52.588443059844799 ], [ 6.93000654577619, 52.588500389284199 ], [ 6.9316433900586, 52.5884994878705 ], [ 6.93264507102144, 52.5885468362765 ], [ 6.93362110239916, 52.588634190621001 ], [ 6.9340372622592, 52.588640914243797 ], [ 6.93414824842669, 52.588634749588799 ], [ 6.934351541164, 52.588699709391399 ], [ 6.93478569084513, 52.588660131900603 ], [ 6.9350844130759, 52.588598301379498 ], [ 6.93566054161851, 52.588574090944299 ], [ 6.93575019109889, 52.588594689328097 ], [ 6.93589237648129, 52.588827451843599 ], [ 6.93595045495049, 52.588855115487398 ], [ 6.93622004669951, 52.588903586456802 ], [ 6.93638917350681, 52.588864085380401 ], [ 6.93660302779066, 52.588866491125302 ], [ 6.93684460837617, 52.588912566235102 ], [ 6.93746275294987, 52.588991852960703 ], [ 6.93808295113255, 52.588960791599803 ], [ 6.93814085317081, 52.588992245529603 ], [ 6.93818785519635, 52.589055870285698 ], [ 6.93843078244687, 52.589206654519998 ], [ 6.938734366925, 52.589329937119899 ], [ 6.93881243233992, 52.589331296300998 ], [ 6.93895043526642, 52.589253763804997 ], [ 6.93901226849656, 52.589268165778499 ], [ 6.93903367273433, 52.589344670071199 ], [ 6.93911574721017, 52.589393673270699 ], [ 6.93963172044312, 52.589467033826601 ], [ 6.93988760587561, 52.589460400245102 ], [ 6.93995237403089, 52.58947865623 ], [ 6.94007646876914, 52.589631172613501 ], [ 6.94026039657318, 52.589659162533003 ], [ 6.94085424400787, 52.589838831186903 ], [ 6.94095827093548, 52.590019536814403 ], [ 6.94114284729255, 52.590148359117997 ], [ 6.94132083552884, 52.590218072863202 ], [ 6.94137962526846, 52.590297124004302 ], [ 6.94146321955154, 52.590313800292002 ], [ 6.94183256353308, 52.590258179992702 ], [ 6.94231641225066, 52.590251781490501 ], [ 6.9425160349808, 52.590269439599403 ], [ 6.94299202147862, 52.590263522114903 ], [ 6.94420356821005, 52.590220582513297 ], [ 6.9447842506092, 52.590184259013803 ], [ 6.94508590938602, 52.5901772668471 ], [ 6.94560426024574, 52.590135829188299 ], [ 6.94603413203075, 52.590083934617802 ], [ 6.9463049945084, 52.590063007620998 ], [ 6.94663705672086, 52.590075151448801 ], [ 6.94793024775222, 52.5903969028139 ], [ 6.9487815991875, 52.590572605321903 ], [ 6.95159021376696, 52.590989258328698 ], [ 6.95244612984518, 52.591203766842298 ], [ 6.95311512482041, 52.591529410073001 ], [ 6.95502261370574, 52.593023949804603 ], [ 6.95512405564439, 52.593111607190401 ], [ 6.95555235577352, 52.593226066332498 ], [ 6.95612313701104, 52.593216886275698 ], [ 6.95637484621444, 52.5931807874139 ], [ 6.9565364698634, 52.593131462152101 ], [ 6.95674116109247, 52.593022196015603 ], [ 6.95685611215917, 52.592929399944801 ], [ 6.95816883444782, 52.593056132838598 ], [ 6.95876707810696, 52.593145664244801 ], [ 6.9591444135021, 52.593226259633603 ], [ 6.95979389507255, 52.593471503356596 ], [ 6.96114832990696, 52.594020660878499 ], [ 6.96073750510313, 52.594378902581902 ], [ 6.96062217318611, 52.594338854838803 ], [ 6.96025736770128, 52.594370631587097 ], [ 6.96031685216676, 52.594435891936598 ], [ 6.95968189826001, 52.594900756593603 ], [ 6.95933110705255, 52.5950130664692 ], [ 6.95867333196957, 52.595166479162103 ], [ 6.95861123779323, 52.595241530914002 ], [ 6.9586234357098, 52.595315489834903 ], [ 6.95867733622818, 52.595349022495299 ], [ 6.96166789655865, 52.595382293711197 ], [ 6.96188087565393, 52.595416333622602 ], [ 6.96152611615181, 52.59673895001 ], [ 6.96140002890806, 52.596928145866798 ], [ 6.96239040403787, 52.597122003723001 ], [ 6.9656447785329, 52.597759493187198 ], [ 6.96576295261589, 52.597780558682501 ], [ 6.96585197859488, 52.597798740529797 ], [ 6.96616004899563, 52.597858377700902 ], [ 6.96896723099034, 52.598401773749998 ], [ 6.96906015491401, 52.598420020029302 ], [ 6.96915318864436, 52.598435894357301 ], [ 6.97061638704621, 52.598730998030902 ], [ 6.97176067522815, 52.598952815837997 ], [ 6.97204118207961, 52.599012343041501 ], [ 6.97246118990409, 52.599096854201299 ], [ 6.97270327527746, 52.599142630226801 ], [ 6.97291601688679, 52.599189099247099 ], [ 6.97309573954343, 52.599231424012103 ], [ 6.97362969662938, 52.599386873504599 ], [ 6.97405148180138, 52.599517805583297 ], [ 6.97459628446009, 52.599692462270703 ], [ 6.97569558605982, 52.6000431386542 ], [ 6.97596432477621, 52.600130122130601 ], [ 6.97851228341154, 52.600951056412597 ], [ 6.98932984579732, 52.604320419766999 ], [ 6.98942561871332, 52.604325282977697 ], [ 6.98952216829789, 52.6043647765038 ], [ 6.98958986581803, 52.604392540729101 ], [ 6.99398570793851, 52.6057954953855 ], [ 6.99515141476904, 52.606167614082302 ], [ 6.99642181936683, 52.606572872965998 ], [ 6.99710674021302, 52.606791443880198 ], [ 6.99764958868677, 52.606964629177298 ], [ 6.99858709271436, 52.607263889834101 ], [ 6.99869423779162, 52.607298070050497 ], [ 6.9988300633585, 52.607341366683102 ], [ 7.00151645793297, 52.608198485719001 ], [ 7.00185624963987, 52.608306902467902 ], [ 7.00489378058372, 52.609256456245298 ], [ 7.00879039936138, 52.610510803853998 ], [ 7.01320091047929, 52.6119166084477 ], [ 7.01490472722504, 52.6124656969371 ], [ 7.01610948327523, 52.612854175790901 ], [ 7.01697517054051, 52.613133383416397 ], [ 7.01716928618207, 52.6131950781919 ], [ 7.02186280534314, 52.614685227788001 ], [ 7.02245985934272, 52.6148726903088 ], [ 7.02466099184122, 52.615572634000301 ], [ 7.02699200713308, 52.616325951261203 ], [ 7.02818490858158, 52.616716625592296 ], [ 7.02862723022907, 52.616844204813802 ], [ 7.02873120911061, 52.616874258623099 ], [ 7.03134942706366, 52.617712562572301 ], [ 7.03144888859224, 52.6177446068913 ], [ 7.03319048894386, 52.618304486616303 ], [ 7.03794884991648, 52.614537329903399 ], [ 7.03821535682796, 52.614308885943103 ], [ 7.03872125173873, 52.613924467362502 ], [ 7.03880559741853, 52.613860370913002 ], [ 7.04015504616894, 52.612738016937499 ], [ 7.04101753374145, 52.6120268620178 ], [ 7.04254456593166, 52.610768591721097 ], [ 7.04394459429831, 52.60960728944 ], [ 7.04421949680214, 52.609381290674897 ], [ 7.04226193978872, 52.608624685706602 ], [ 7.04333573534786, 52.604761564731298 ], [ 7.04336163215908, 52.604661019181201 ], [ 7.04533879486652, 52.597064464631899 ] ] ] ] } },
{ "type": "Feature", "properties": { "BEZ_GEM": "Georgsdorf", "SCH_GEM": "03456005", "BEZ_KRS": "Grafschaft Bentheim" }, "geometry": { "type": "MultiPolygon", "coordinates": [ [ [ [ 7.03988322448355, 52.567100663215001 ], [ 7.03996987560399, 52.566534107509298 ], [ 7.03970980314272, 52.5665986752959 ], [ 7.03989082455868, 52.5653652571282 ], [ 7.03637551308655, 52.563139058885596 ], [ 7.03545114209524, 52.562746078244899 ], [ 7.0338066777284, 52.561791211792602 ], [ 7.03396363069235, 52.561673153349801 ], [ 7.0329703076679, 52.560987692622497 ], [ 7.03161691079165, 52.560053717355501 ], [ 7.03059835494979, 52.559262607045802 ], [ 7.02861864987481, 52.557891976870799 ], [ 7.02855687116546, 52.5578523563806 ], [ 7.02873261996084, 52.5576980854662 ], [ 7.02882334208439, 52.557633104380301 ], [ 7.03134999912908, 52.555530238676198 ], [ 7.03137028767724, 52.555354855490897 ], [ 7.0312305907351, 52.5554621559981 ], [ 7.0311370818548, 52.555356308203798 ], [ 7.0271611632509, 52.554890419465302 ], [ 7.02713079941795, 52.554757037010802 ], [ 7.02633423663932, 52.554697090268398 ], [ 7.02302552624384, 52.554884727997397 ], [ 7.02275982326756, 52.5548327243405 ], [ 7.0229170688569, 52.554974000172599 ], [ 7.02276512374976, 52.554944487335298 ], [ 7.02265407979884, 52.554996131587103 ], [ 7.02554644200561, 52.556826893535401 ], [ 7.02801107008407, 52.558430345127 ], [ 7.02585668843549, 52.560161618228101 ], [ 7.02170992647593, 52.563655439514697 ], [ 7.02404111218378, 52.563601317565301 ], [ 7.02409368272071, 52.563610197594201 ], [ 7.02575678371199, 52.564721872532502 ], [ 7.03149546511926, 52.568679558304197 ], [ 7.03177988529846, 52.569001057412201 ], [ 7.03185517159385, 52.569086109725603 ], [ 7.03353916184793, 52.568651576606698 ], [ 7.03869988835726, 52.5673863218842 ], [ 7.03988322448355, 52.567100663215001 ] ] ], [ [ [ 7.09014514682084, 52.5942340186499 ], [ 7.09022634892385, 52.592944169872098 ], [ 7.09172262952397, 52.592990683816403 ], [ 7.09378593244975, 52.591257030093999 ], [ 7.09631171894235, 52.590368772199902 ], [ 7.09632519954773, 52.590197433972797 ], [ 7.0972341331357, 52.590222654860703 ], [ 7.09715974982673, 52.5916258182341 ], [ 7.1034082056815, 52.590100800848802 ], [ 7.10342014929669, 52.589800321698199 ], [ 7.10862685916932, 52.589280474187099 ], [ 7.10939641264809, 52.589202851945501 ], [ 7.10915744989515, 52.586981736234698 ], [ 7.10915207644437, 52.586933043241402 ], [ 7.10895480097883, 52.585145812790302 ], [ 7.10894397754141, 52.5850478231092 ], [ 7.10855305788051, 52.581500094690703 ], [ 7.10830656563406, 52.579225912742999 ], [ 7.1077999313921, 52.573980981616103 ], [ 7.1077452100939, 52.573493278824898 ], [ 7.10775359565347, 52.573411987123798 ], [ 7.10420129322357, 52.572992978796101 ], [ 7.10366232160153, 52.572928419705597 ], [ 7.1032229641143, 52.572323724535401 ], [ 7.10274892316254, 52.571671536779398 ], [ 7.10074535524298, 52.568922035324398 ], [ 7.10054688658554, 52.568701700092802 ], [ 7.09631874711619, 52.562894945814698 ], [ 7.09585539647413, 52.562174295782903 ], [ 7.08788619816182, 52.5494745764654 ], [ 7.08775085122972, 52.549232408703702 ], [ 7.08733047697708, 52.548513495265603 ], [ 7.0871257887701, 52.548244760324799 ], [ 7.08647168891819, 52.5471149339851 ], [ 7.08629990178564, 52.546849606702501 ], [ 7.08369441689082, 52.542768496167497 ], [ 7.08310674469769, 52.5445988954081 ], [ 7.08290007250983, 52.545198962574602 ], [ 7.08256579111853, 52.545562825056599 ], [ 7.08235027756457, 52.545716566252999 ], [ 7.08155590759224, 52.546146852430098 ], [ 7.08154452973808, 52.546241006085403 ], [ 7.08172031866952, 52.546634020743802 ], [ 7.08178453217644, 52.547066299538997 ], [ 7.08176780569601, 52.547590498503801 ], [ 7.08171925139515, 52.548755809838902 ], [ 7.08181086981916, 52.551087332900799 ], [ 7.07524395942801, 52.5503391780653 ], [ 7.07519440078097, 52.550504264032803 ], [ 7.07317704437831, 52.550267691366102 ], [ 7.07310442418164, 52.554308428596201 ], [ 7.07311718341712, 52.554673688444197 ], [ 7.07305183463708, 52.557198227187101 ], [ 7.0730267241441, 52.557821643611597 ], [ 7.07303323854435, 52.558363033561299 ], [ 7.07301715760866, 52.5587736799258 ], [ 7.07306001518728, 52.558930199077899 ], [ 7.07354037848835, 52.558933522870703 ], [ 7.07353988525055, 52.560200586319901 ], [ 7.07350656025106, 52.560257409194499 ], [ 7.0735773133359, 52.561073633226798 ], [ 7.0736299185178, 52.561549865856101 ], [ 7.07377033807394, 52.562631571126303 ], [ 7.07344020554083, 52.562629974562299 ], [ 7.07342657657955, 52.563163123745099 ], [ 7.07329210098389, 52.567466384789199 ], [ 7.07326941415058, 52.5680411063082 ], [ 7.07326038927968, 52.568253696235502 ], [ 7.07325553986938, 52.568472018710501 ], [ 7.07325069505368, 52.568629649221499 ], [ 7.07275718009973, 52.568543569672897 ], [ 7.07217970162102, 52.568524815027097 ], [ 7.07216818559989, 52.568723427629202 ], [ 7.07186431572348, 52.568707418864101 ], [ 7.07185296048726, 52.568787976795903 ], [ 7.07137773057218, 52.56875937473 ], [ 7.07147615513764, 52.567780824165503 ], [ 7.07046591137761, 52.567758246429499 ], [ 7.07043493265659, 52.5681445522019 ], [ 7.07035431728238, 52.568142248998598 ], [ 7.06725382078235, 52.568063251816099 ], [ 7.06718745561707, 52.568099302755797 ], [ 7.06710231798327, 52.568716522309899 ], [ 7.06704973945624, 52.568976235096898 ], [ 7.06128813915994, 52.568325170928397 ], [ 7.0591481740535, 52.5680847380223 ], [ 7.0519647904283, 52.567266933164902 ], [ 7.04456930800219, 52.566439701764402 ], [ 7.04395012189384, 52.566387481052303 ], [ 7.04283172049691, 52.566266401309598 ], [ 7.04264270128553, 52.566279640220799 ], [ 7.04232321738867, 52.566359685621798 ], [ 7.04198561570521, 52.5703207722282 ], [ 7.04165806148921, 52.574025046551803 ], [ 7.04154766635009, 52.574991958812802 ], [ 7.04154147708363, 52.575044726127402 ], [ 7.04153217642935, 52.575127563314297 ], [ 7.04106839985344, 52.579187169808499 ], [ 7.04077809720984, 52.581761380722 ], [ 7.04077130628923, 52.581820971492299 ], [ 7.04188138945331, 52.583322835034899 ], [ 7.04063343238503, 52.583072006288198 ], [ 7.04055360222565, 52.583723903967297 ], [ 7.03719993887973, 52.583313798454597 ], [ 7.03718472549879, 52.583388328046901 ], [ 7.04050963883495, 52.583783544818303 ], [ 7.04054297374001, 52.583810603317403 ], [ 7.04044094161939, 52.584643760406003 ], [ 7.03996971582333, 52.588220215172299 ], [ 7.03931220221793, 52.593053730316797 ], [ 7.04056380074923, 52.593884218174502 ], [ 7.04166118964269, 52.594614494982999 ], [ 7.04178808582667, 52.594702461869097 ], [ 7.04533879486652, 52.597064464631899 ], [ 7.04867688385409, 52.599251747164701 ], [ 7.04875389914325, 52.602734847015 ], [ 7.04876680972808, 52.606507220737697 ], [ 7.0512637208981, 52.606310157137898 ], [ 7.05622818424817, 52.605947085052897 ], [ 7.0603536658206, 52.605593964424799 ], [ 7.0621657322701, 52.6054690892352 ], [ 7.06482690066018, 52.605261840345101 ], [ 7.06576455488938, 52.6051950692042 ], [ 7.06577325355726, 52.6051685968309 ], [ 7.06668427050731, 52.605096258228301 ], [ 7.06668969060848, 52.6048860385323 ], [ 7.06929422356889, 52.604799957561397 ], [ 7.06955439417917, 52.604774258107497 ], [ 7.0703602619971, 52.604627616693001 ], [ 7.07221148026829, 52.604301711685501 ], [ 7.07253609369221, 52.604234345864299 ], [ 7.07273906768133, 52.604148293461101 ], [ 7.07531280079175, 52.602399687614401 ], [ 7.07560577974465, 52.6021945011558 ], [ 7.07567373150263, 52.602146872304999 ], [ 7.07578220135174, 52.602071039590498 ], [ 7.07588495433616, 52.601957170327502 ], [ 7.07722599548194, 52.601077300543999 ], [ 7.07789482936442, 52.600638321715998 ], [ 7.07926365336614, 52.599749349367499 ], [ 7.07992755138259, 52.599239966723403 ], [ 7.0813493150575, 52.598087123437303 ], [ 7.08260118349301, 52.597154318166801 ], [ 7.08307077859571, 52.596950534865002 ], [ 7.08531882276102, 52.595953082597603 ], [ 7.08731960224918, 52.595243543414398 ], [ 7.08821115217669, 52.594961587217398 ], [ 7.09014514682084, 52.5942340186499 ] ] ] ] } }
]
}
